ISO-10303-21;
HEADER;
FILE_DESCRIPTION((''),'2;1');
FILE_NAME('59453-052110ECLF_ASM','2008-07-09T',('FujiwarE'),(''),
'PRO/ENGINEER BY PARAMETRIC TECHNOLOGY CORPORATION, 2008010',
'PRO/ENGINEER BY PARAMETRIC TECHNOLOGY CORPORATION, 2008010','');
FILE_SCHEMA(('CONFIG_CONTROL_DESIGN'));
ENDSEC;
DATA;
#2=DIRECTION('',(0.E0,7.071067811865E-1,-7.071067811865E-1));
#3=VECTOR('',#2,7.071067811865E-2);
#4=CARTESIAN_POINT('',(-2.E0,8.3E-1,1.85E0));
#5=LINE('',#4,#3);
#6=DIRECTION('',(0.E0,1.E0,0.E0));
#7=VECTOR('',#6,6.8E-1);
#8=CARTESIAN_POINT('',(-2.E0,1.5E-1,1.85E0));
#9=LINE('',#8,#7);
#10=DIRECTION('',(0.E0,0.E0,1.E0));
#11=VECTOR('',#10,2.5E-1);
#12=CARTESIAN_POINT('',(-2.E0,1.5E-1,1.6E0));
#13=LINE('',#12,#11);
#14=DIRECTION('',(0.E0,1.E0,0.E0));
#15=VECTOR('',#14,1.5E-1);
#16=CARTESIAN_POINT('',(-2.E0,0.E0,1.6E0));
#17=LINE('',#16,#15);
#18=DIRECTION('',(0.E0,0.E0,-1.E0));
#19=VECTOR('',#18,1.6E0);
#20=CARTESIAN_POINT('',(-2.E0,0.E0,1.6E0));
#21=LINE('',#20,#19);
#22=DIRECTION('',(0.E0,1.E0,0.E0));
#23=VECTOR('',#22,8.8E-1);
#24=CARTESIAN_POINT('',(-2.E0,0.E0,0.E0));
#25=LINE('',#24,#23);
#26=DIRECTION('',(0.E0,0.E0,1.E0));
#27=VECTOR('',#26,1.8E0);
#28=CARTESIAN_POINT('',(-2.E0,8.8E-1,0.E0));
#29=LINE('',#28,#27);
#30=DIRECTION('',(0.E0,-7.071067811865E-1,-7.071067811866E-1));
#31=VECTOR('',#30,7.071067811865E-2);
#32=CARTESIAN_POINT('',(-2.E0,8.8E-1,2.5E0));
#33=LINE('',#32,#31);
#34=DIRECTION('',(0.E0,0.E0,1.E0));
#35=VECTOR('',#34,7.E-1);
#36=CARTESIAN_POINT('',(-2.E0,8.8E-1,2.5E0));
#37=LINE('',#36,#35);
#38=DIRECTION('',(0.E0,-1.E0,0.E0));
#39=VECTOR('',#38,8.8E-1);
#40=CARTESIAN_POINT('',(-2.E0,8.8E-1,3.2E0));
#41=LINE('',#40,#39);
#42=DIRECTION('',(0.E0,0.E0,-1.E0));
#43=VECTOR('',#42,5.E-1);
#44=CARTESIAN_POINT('',(-2.E0,0.E0,3.2E0));
#45=LINE('',#44,#43);
#46=DIRECTION('',(0.E0,1.E0,0.E0));
#47=VECTOR('',#46,1.5E-1);
#48=CARTESIAN_POINT('',(-2.E0,0.E0,2.7E0));
#49=LINE('',#48,#47);
#50=DIRECTION('',(0.E0,0.E0,1.E0));
#51=VECTOR('',#50,2.5E-1);
#52=CARTESIAN_POINT('',(-2.E0,1.5E-1,2.45E0));
#53=LINE('',#52,#51);
#54=DIRECTION('',(0.E0,1.E0,0.E0));
#55=VECTOR('',#54,6.8E-1);
#56=CARTESIAN_POINT('',(-2.E0,1.5E-1,2.45E0));
#57=LINE('',#56,#55);
#58=DIRECTION('',(-5.773502691896E-1,5.773502691896E-1,-5.773502691896E-1));
#59=VECTOR('',#58,8.660254037844E-2);
#60=CARTESIAN_POINT('',(-1.835E0,8.3E-1,1.85E0));
#61=LINE('',#60,#59);
#62=DIRECTION('',(0.E0,0.E0,-1.E0));
#63=VECTOR('',#62,2.5E-1);
#64=CARTESIAN_POINT('',(1.75E0,8.8E-1,9.5E-1));
#65=LINE('',#64,#63);
#66=DIRECTION('',(6.701369285862E-1,0.E0,7.422374936265E-1));
#67=VECTOR('',#66,7.461161721901E-2);
#68=CARTESIAN_POINT('',(1.1E0,8.8E-1,6.446204602399E-1));
#69=LINE('',#68,#67);
#70=DIRECTION('',(0.E0,0.E0,1.E0));
#71=VECTOR('',#70,9.462046023994E-2);
#72=CARTESIAN_POINT('',(1.1E0,8.8E-1,5.5E-1));
#73=LINE('',#72,#71);
#74=DIRECTION('',(1.E0,0.E0,0.E0));
#75=VECTOR('',#74,2.E-1);
#76=CARTESIAN_POINT('',(9.E-1,8.8E-1,5.5E-1));
#77=LINE('',#76,#75);
#78=DIRECTION('',(0.E0,0.E0,1.E0));
#79=VECTOR('',#78,9.462046023994E-2);
#80=CARTESIAN_POINT('',(9.E-1,8.8E-1,5.5E-1));
#81=LINE('',#80,#79);
#82=DIRECTION('',(6.701369285862E-1,0.E0,-7.422374936265E-1));
#83=VECTOR('',#82,7.461161721901E-2);
#84=CARTESIAN_POINT('',(8.5E-1,8.8E-1,7.E-1));
#85=LINE('',#84,#83);
#86=DIRECTION('',(6.701369285862E-1,0.E0,7.422374936265E-1));
#87=VECTOR('',#86,7.461161721901E-2);
#88=CARTESIAN_POINT('',(6.E-1,8.8E-1,6.446204602399E-1));
#89=LINE('',#88,#87);
#90=DIRECTION('',(0.E0,0.E0,1.E0));
#91=VECTOR('',#90,9.462046023994E-2);
#92=CARTESIAN_POINT('',(6.E-1,8.8E-1,5.5E-1));
#93=LINE('',#92,#91);
#94=DIRECTION('',(1.E0,0.E0,0.E0));
#95=VECTOR('',#94,2.E-1);
#96=CARTESIAN_POINT('',(4.E-1,8.8E-1,5.5E-1));
#97=LINE('',#96,#95);
#98=DIRECTION('',(0.E0,0.E0,1.E0));
#99=VECTOR('',#98,9.462046023994E-2);
#100=CARTESIAN_POINT('',(4.E-1,8.8E-1,5.5E-1));
#101=LINE('',#100,#99);
#102=DIRECTION('',(6.701369285862E-1,0.E0,-7.422374936265E-1));
#103=VECTOR('',#102,7.461161721901E-2);
#104=CARTESIAN_POINT('',(3.5E-1,8.8E-1,7.E-1));
#105=LINE('',#104,#103);
#106=DIRECTION('',(6.701369285862E-1,0.E0,7.422374936265E-1));
#107=VECTOR('',#106,7.461161721901E-2);
#108=CARTESIAN_POINT('',(1.E-1,8.8E-1,6.446204602399E-1));
#109=LINE('',#108,#107);
#110=DIRECTION('',(0.E0,0.E0,1.E0));
#111=VECTOR('',#110,9.462046023994E-2);
#112=CARTESIAN_POINT('',(1.E-1,8.8E-1,5.5E-1));
#113=LINE('',#112,#111);
#114=DIRECTION('',(1.E0,0.E0,0.E0));
#115=VECTOR('',#114,2.E-1);
#116=CARTESIAN_POINT('',(-1.E-1,8.8E-1,5.5E-1));
#117=LINE('',#116,#115);
#118=DIRECTION('',(0.E0,0.E0,1.E0));
#119=VECTOR('',#118,9.462046023994E-2);
#120=CARTESIAN_POINT('',(-1.E-1,8.8E-1,5.5E-1));
#121=LINE('',#120,#119);
#122=DIRECTION('',(6.701369285862E-1,0.E0,-7.422374936265E-1));
#123=VECTOR('',#122,7.461161721901E-2);
#124=CARTESIAN_POINT('',(-1.5E-1,8.8E-1,7.E-1));
#125=LINE('',#124,#123);
#126=DIRECTION('',(6.701369285862E-1,0.E0,7.422374936265E-1));
#127=VECTOR('',#126,7.461161721901E-2);
#128=CARTESIAN_POINT('',(-4.E-1,8.8E-1,6.446204602399E-1));
#129=LINE('',#128,#127);
#130=DIRECTION('',(0.E0,0.E0,1.E0));
#131=VECTOR('',#130,9.462046023994E-2);
#132=CARTESIAN_POINT('',(-4.E-1,8.8E-1,5.5E-1));
#133=LINE('',#132,#131);
#134=DIRECTION('',(1.E0,0.E0,0.E0));
#135=VECTOR('',#134,2.E-1);
#136=CARTESIAN_POINT('',(-6.E-1,8.8E-1,5.5E-1));
#137=LINE('',#136,#135);
#138=DIRECTION('',(0.E0,0.E0,1.E0));
#139=VECTOR('',#138,9.462046023994E-2);
#140=CARTESIAN_POINT('',(-6.E-1,8.8E-1,5.5E-1));
#141=LINE('',#140,#139);
#142=DIRECTION('',(6.701369285862E-1,0.E0,-7.422374936265E-1));
#143=VECTOR('',#142,7.461161721901E-2);
#144=CARTESIAN_POINT('',(-6.5E-1,8.8E-1,7.E-1));
#145=LINE('',#144,#143);
#146=DIRECTION('',(6.701369285862E-1,0.E0,7.422374936265E-1));
#147=VECTOR('',#146,7.461161721901E-2);
#148=CARTESIAN_POINT('',(-9.E-1,8.8E-1,6.446204602399E-1));
#149=LINE('',#148,#147);
#150=DIRECTION('',(0.E0,0.E0,1.E0));
#151=VECTOR('',#150,9.462046023994E-2);
#152=CARTESIAN_POINT('',(-9.E-1,8.8E-1,5.5E-1));
#153=LINE('',#152,#151);
#154=DIRECTION('',(1.E0,0.E0,0.E0));
#155=VECTOR('',#154,2.E-1);
#156=CARTESIAN_POINT('',(-1.1E0,8.8E-1,5.5E-1));
#157=LINE('',#156,#155);
#158=DIRECTION('',(0.E0,0.E0,1.E0));
#159=VECTOR('',#158,9.462046023994E-2);
#160=CARTESIAN_POINT('',(-1.1E0,8.8E-1,5.5E-1));
#161=LINE('',#160,#159);
#162=DIRECTION('',(6.701369285862E-1,0.E0,-7.422374936265E-1));
#163=VECTOR('',#162,7.461161721901E-2);
#164=CARTESIAN_POINT('',(-1.15E0,8.8E-1,7.E-1));
#165=LINE('',#164,#163);
#166=DIRECTION('',(0.E0,0.E0,-1.E0));
#167=VECTOR('',#166,2.5E-1);
#168=CARTESIAN_POINT('',(-1.75E0,8.8E-1,9.5E-1));
#169=LINE('',#168,#167);
#170=DIRECTION('',(1.E0,0.E0,0.E0));
#171=VECTOR('',#170,2.E-1);
#172=CARTESIAN_POINT('',(-1.95E0,8.8E-1,9.5E-1));
#173=LINE('',#172,#171);
#174=DIRECTION('',(0.E0,0.E0,-1.E0));
#175=VECTOR('',#174,4.5E-1);
#176=CARTESIAN_POINT('',(-1.95E0,8.8E-1,1.4E0));
#177=LINE('',#176,#175);
#178=DIRECTION('',(0.E0,0.E0,-1.E0));
#179=VECTOR('',#178,1.8E0);
#180=CARTESIAN_POINT('',(-1.55E0,8.8E-1,3.2E0));
#181=LINE('',#180,#179);
#182=DIRECTION('',(-1.E0,0.E0,0.E0));
#183=VECTOR('',#182,1.15E-1);
#184=CARTESIAN_POINT('',(-1.885E0,8.8E-1,2.5E0));
#185=LINE('',#184,#183);
#186=DIRECTION('',(0.E0,0.E0,-1.E0));
#187=VECTOR('',#186,2.E-1);
#188=CARTESIAN_POINT('',(-1.885E0,8.8E-1,2.7E0));
#189=LINE('',#188,#187);
#190=DIRECTION('',(-1.E0,0.E0,0.E0));
#191=VECTOR('',#190,2.7E-1);
#192=CARTESIAN_POINT('',(-1.615E0,8.8E-1,2.7E0));
#193=LINE('',#192,#191);
#194=DIRECTION('',(0.E0,0.E0,1.E0));
#195=VECTOR('',#194,1.1E0);
#196=CARTESIAN_POINT('',(-1.615E0,8.8E-1,1.6E0));
#197=LINE('',#196,#195);
#198=DIRECTION('',(1.E0,0.E0,0.E0));
#199=VECTOR('',#198,2.7E-1);
#200=CARTESIAN_POINT('',(-1.885E0,8.8E-1,1.6E0));
#201=LINE('',#200,#199);
#202=DIRECTION('',(0.E0,0.E0,-1.E0));
#203=VECTOR('',#202,2.E-1);
#204=CARTESIAN_POINT('',(-1.885E0,8.8E-1,1.8E0));
#205=LINE('',#204,#203);
#206=DIRECTION('',(1.E0,0.E0,0.E0));
#207=VECTOR('',#206,1.15E-1);
#208=CARTESIAN_POINT('',(-2.E0,8.8E-1,1.8E0));
#209=LINE('',#208,#207);
#210=DIRECTION('',(1.E0,0.E0,0.E0));
#211=VECTOR('',#210,4.E0);
#212=CARTESIAN_POINT('',(-2.E0,8.8E-1,0.E0));
#213=LINE('',#212,#211);
#214=DIRECTION('',(1.E0,0.E0,0.E0));
#215=VECTOR('',#214,1.15E-1);
#216=CARTESIAN_POINT('',(1.885E0,8.8E-1,1.8E0));
#217=LINE('',#216,#215);
#218=DIRECTION('',(0.E0,0.E0,1.E0));
#219=VECTOR('',#218,2.E-1);
#220=CARTESIAN_POINT('',(1.885E0,8.8E-1,1.6E0));
#221=LINE('',#220,#219);
#222=DIRECTION('',(1.E0,0.E0,0.E0));
#223=VECTOR('',#222,2.7E-1);
#224=CARTESIAN_POINT('',(1.615E0,8.8E-1,1.6E0));
#225=LINE('',#224,#223);
#226=DIRECTION('',(0.E0,0.E0,-1.E0));
#227=VECTOR('',#226,1.1E0);
#228=CARTESIAN_POINT('',(1.615E0,8.8E-1,2.7E0));
#229=LINE('',#228,#227);
#230=DIRECTION('',(-1.E0,0.E0,0.E0));
#231=VECTOR('',#230,2.7E-1);
#232=CARTESIAN_POINT('',(1.885E0,8.8E-1,2.7E0));
#233=LINE('',#232,#231);
#234=DIRECTION('',(0.E0,0.E0,1.E0));
#235=VECTOR('',#234,2.E-1);
#236=CARTESIAN_POINT('',(1.885E0,8.8E-1,2.5E0));
#237=LINE('',#236,#235);
#238=DIRECTION('',(-1.E0,0.E0,0.E0));
#239=VECTOR('',#238,1.15E-1);
#240=CARTESIAN_POINT('',(2.E0,8.8E-1,2.5E0));
#241=LINE('',#240,#239);
#242=DIRECTION('',(0.E0,0.E0,1.E0));
#243=VECTOR('',#242,1.8E0);
#244=CARTESIAN_POINT('',(1.55E0,8.8E-1,1.4E0));
#245=LINE('',#244,#243);
#246=DIRECTION('',(0.E0,0.E0,1.E0));
#247=VECTOR('',#246,4.5E-1);
#248=CARTESIAN_POINT('',(1.95E0,8.8E-1,9.5E-1));
#249=LINE('',#248,#247);
#250=DIRECTION('',(1.E0,0.E0,0.E0));
#251=VECTOR('',#250,2.E-1);
#252=CARTESIAN_POINT('',(1.75E0,8.8E-1,9.5E-1));
#253=LINE('',#252,#251);
#254=DIRECTION('',(0.E0,9.028605188239E-1,-4.299335803923E-1));
#255=VECTOR('',#254,2.325940669923E-1);
#256=CARTESIAN_POINT('',(1.75E0,6.7E-1,8.E-1));
#257=LINE('',#256,#255);
#258=DIRECTION('',(0.E0,-7.071067811865E-1,7.071067811865E-1));
#259=VECTOR('',#258,7.071067811865E-2);
#260=CARTESIAN_POINT('',(1.75E0,8.8E-1,9.5E-1));
#261=LINE('',#260,#259);
#262=DIRECTION('',(5.773502691896E-1,5.773502691896E-1,-5.773502691896E-1));
#263=VECTOR('',#262,8.660254037844E-2);
#264=CARTESIAN_POINT('',(1.9E0,8.3E-1,1.E0));
#265=LINE('',#264,#263);
#266=DIRECTION('',(-7.071067811865E-1,-7.071067811866E-1,0.E0));
#267=VECTOR('',#266,7.071067811865E-2);
#268=CARTESIAN_POINT('',(1.95E0,8.8E-1,1.4E0));
#269=LINE('',#268,#267);
#270=DIRECTION('',(0.E0,-1.E0,0.E0));
#271=VECTOR('',#270,8.3E-1);
#272=CARTESIAN_POINT('',(1.9E0,8.3E-1,1.4E0));
#273=LINE('',#272,#271);
#274=DIRECTION('',(0.E0,1.E0,0.E0));
#275=VECTOR('',#274,6.7E-1);
#276=CARTESIAN_POINT('',(1.9E0,0.E0,8.E-1));
#277=LINE('',#276,#275);
#278=DIRECTION('',(0.E0,0.E0,1.E0));
#279=VECTOR('',#278,2.E-1);
#280=CARTESIAN_POINT('',(1.9E0,6.7E-1,8.E-1));
#281=LINE('',#280,#279);
#282=DIRECTION('',(0.E0,1.E0,0.E0));
#283=VECTOR('',#282,1.6E-1);
#284=CARTESIAN_POINT('',(1.9E0,6.7E-1,1.E0));
#285=LINE('',#284,#283);
#286=DIRECTION('',(0.E0,0.E0,1.E0));
#287=VECTOR('',#286,4.E-1);
#288=CARTESIAN_POINT('',(1.9E0,8.3E-1,1.E0));
#289=LINE('',#288,#287);
#290=DIRECTION('',(0.E0,-1.E0,0.E0));
#291=VECTOR('',#290,8.3E-1);
#292=CARTESIAN_POINT('',(-1.9E0,8.3E-1,1.4E0));
#293=LINE('',#292,#291);
#294=DIRECTION('',(0.E0,1.E0,0.E0));
#295=VECTOR('',#294,5.2E-1);
#296=CARTESIAN_POINT('',(-1.7E0,0.E0,1.4E0));
#297=LINE('',#296,#295);
#298=DIRECTION('',(7.071067811865E-1,-7.071067811865E-1,0.E0));
#299=VECTOR('',#298,7.071067811865E-2);
#300=CARTESIAN_POINT('',(-1.55E0,8.8E-1,1.4E0));
#301=LINE('',#300,#299);
#302=DIRECTION('',(-1.E0,0.E0,0.E0));
#303=VECTOR('',#302,4.E-1);
#304=CARTESIAN_POINT('',(-1.55E0,8.8E-1,1.4E0));
#305=LINE('',#304,#303);
#306=DIRECTION('',(-1.E0,0.E0,0.E0));
#307=VECTOR('',#306,4.E-1);
#308=CARTESIAN_POINT('',(1.95E0,8.8E-1,1.4E0));
#309=LINE('',#308,#307);
#310=DIRECTION('',(7.071067811865E-1,7.071067811865E-1,0.E0));
#311=VECTOR('',#310,7.071067811865E-2);
#312=CARTESIAN_POINT('',(1.5E0,8.3E-1,1.4E0));
#313=LINE('',#312,#311);
#314=DIRECTION('',(0.E0,0.E0,-1.E0));
#315=VECTOR('',#314,4.E-1);
#316=CARTESIAN_POINT('',(-1.9E0,8.3E-1,1.4E0));
#317=LINE('',#316,#315);
#318=DIRECTION('',(0.E0,1.E0,0.E0));
#319=VECTOR('',#318,1.6E-1);
#320=CARTESIAN_POINT('',(-1.9E0,6.7E-1,1.E0));
#321=LINE('',#320,#319);
#322=DIRECTION('',(0.E0,0.E0,1.E0));
#323=VECTOR('',#322,2.E-1);
#324=CARTESIAN_POINT('',(-1.9E0,6.7E-1,8.E-1));
#325=LINE('',#324,#323);
#326=DIRECTION('',(0.E0,1.E0,0.E0));
#327=VECTOR('',#326,4.7E-1);
#328=CARTESIAN_POINT('',(1.7E0,0.E0,8.E-1));
#329=LINE('',#328,#327);
#330=DIRECTION('',(-1.E0,0.E0,0.E0));
#331=VECTOR('',#330,2.E-1);
#332=CARTESIAN_POINT('',(1.7E0,4.7E-1,8.E-1));
#333=LINE('',#332,#331);
#334=DIRECTION('',(-1.E0,0.E0,0.E0));
#335=VECTOR('',#334,3.E0);
#336=CARTESIAN_POINT('',(1.5E0,4.7E-1,8.E-1));
#337=LINE('',#336,#335);
#338=DIRECTION('',(-1.E0,0.E0,0.E0));
#339=VECTOR('',#338,2.E-1);
#340=CARTESIAN_POINT('',(-1.5E0,4.7E-1,8.E-1));
#341=LINE('',#340,#339);
#342=DIRECTION('',(0.E0,1.E0,0.E0));
#343=VECTOR('',#342,6.7E-1);
#344=CARTESIAN_POINT('',(-1.9E0,0.E0,8.E-1));
#345=LINE('',#344,#343);
#346=DIRECTION('',(0.E0,-1.E0,0.E0));
#347=VECTOR('',#346,9.E-2);
#348=CARTESIAN_POINT('',(-1.15E0,6.7E-1,8.E-1));
#349=LINE('',#348,#347);
#350=DIRECTION('',(1.E0,0.E0,0.E0));
#351=VECTOR('',#350,3.E-1);
#352=CARTESIAN_POINT('',(-1.15E0,5.8E-1,8.E-1));
#353=LINE('',#352,#351);
#354=DIRECTION('',(0.E0,1.E0,0.E0));
#355=VECTOR('',#354,9.E-2);
#356=CARTESIAN_POINT('',(-8.5E-1,5.8E-1,8.E-1));
#357=LINE('',#356,#355);
#358=DIRECTION('',(0.E0,-1.E0,0.E0));
#359=VECTOR('',#358,9.E-2);
#360=CARTESIAN_POINT('',(-6.5E-1,6.7E-1,8.E-1));
#361=LINE('',#360,#359);
#362=DIRECTION('',(1.E0,0.E0,0.E0));
#363=VECTOR('',#362,3.E-1);
#364=CARTESIAN_POINT('',(-6.5E-1,5.8E-1,8.E-1));
#365=LINE('',#364,#363);
#366=DIRECTION('',(0.E0,1.E0,0.E0));
#367=VECTOR('',#366,9.E-2);
#368=CARTESIAN_POINT('',(-3.5E-1,5.8E-1,8.E-1));
#369=LINE('',#368,#367);
#370=DIRECTION('',(0.E0,-1.E0,0.E0));
#371=VECTOR('',#370,9.E-2);
#372=CARTESIAN_POINT('',(-1.5E-1,6.7E-1,8.E-1));
#373=LINE('',#372,#371);
#374=DIRECTION('',(1.E0,0.E0,0.E0));
#375=VECTOR('',#374,3.E-1);
#376=CARTESIAN_POINT('',(-1.5E-1,5.8E-1,8.E-1));
#377=LINE('',#376,#375);
#378=DIRECTION('',(0.E0,1.E0,0.E0));
#379=VECTOR('',#378,9.E-2);
#380=CARTESIAN_POINT('',(1.5E-1,5.8E-1,8.E-1));
#381=LINE('',#380,#379);
#382=DIRECTION('',(0.E0,-1.E0,0.E0));
#383=VECTOR('',#382,9.E-2);
#384=CARTESIAN_POINT('',(3.5E-1,6.7E-1,8.E-1));
#385=LINE('',#384,#383);
#386=DIRECTION('',(1.E0,0.E0,0.E0));
#387=VECTOR('',#386,3.E-1);
#388=CARTESIAN_POINT('',(3.5E-1,5.8E-1,8.E-1));
#389=LINE('',#388,#387);
#390=DIRECTION('',(0.E0,1.E0,0.E0));
#391=VECTOR('',#390,9.E-2);
#392=CARTESIAN_POINT('',(6.5E-1,5.8E-1,8.E-1));
#393=LINE('',#392,#391);
#394=DIRECTION('',(0.E0,-1.E0,0.E0));
#395=VECTOR('',#394,9.E-2);
#396=CARTESIAN_POINT('',(8.5E-1,6.7E-1,8.E-1));
#397=LINE('',#396,#395);
#398=DIRECTION('',(1.E0,0.E0,0.E0));
#399=VECTOR('',#398,3.E-1);
#400=CARTESIAN_POINT('',(8.5E-1,5.8E-1,8.E-1));
#401=LINE('',#400,#399);
#402=DIRECTION('',(0.E0,1.E0,0.E0));
#403=VECTOR('',#402,9.E-2);
#404=CARTESIAN_POINT('',(1.15E0,5.8E-1,8.E-1));
#405=LINE('',#404,#403);
#406=DIRECTION('',(0.E0,0.E0,1.E0));
#407=VECTOR('',#406,3.E-1);
#408=CARTESIAN_POINT('',(1.1E0,0.E0,1.05E0));
#409=LINE('',#408,#407);
#410=DIRECTION('',(1.E0,0.E0,0.E0));
#411=VECTOR('',#410,2.E-1);
#412=CARTESIAN_POINT('',(9.E-1,0.E0,1.35E0));
#413=LINE('',#412,#411);
#414=DIRECTION('',(0.E0,0.E0,1.E0));
#415=VECTOR('',#414,3.E-1);
#416=CARTESIAN_POINT('',(9.E-1,0.E0,1.05E0));
#417=LINE('',#416,#415);
#418=DIRECTION('',(1.E0,0.E0,0.E0));
#419=VECTOR('',#418,2.E-1);
#420=CARTESIAN_POINT('',(9.E-1,0.E0,1.05E0));
#421=LINE('',#420,#419);
#422=DIRECTION('',(0.E0,0.E0,1.E0));
#423=VECTOR('',#422,3.E-1);
#424=CARTESIAN_POINT('',(6.E-1,0.E0,1.05E0));
#425=LINE('',#424,#423);
#426=DIRECTION('',(1.E0,0.E0,0.E0));
#427=VECTOR('',#426,2.E-1);
#428=CARTESIAN_POINT('',(4.E-1,0.E0,1.35E0));
#429=LINE('',#428,#427);
#430=DIRECTION('',(0.E0,0.E0,1.E0));
#431=VECTOR('',#430,3.E-1);
#432=CARTESIAN_POINT('',(4.E-1,0.E0,1.05E0));
#433=LINE('',#432,#431);
#434=DIRECTION('',(1.E0,0.E0,0.E0));
#435=VECTOR('',#434,2.E-1);
#436=CARTESIAN_POINT('',(4.E-1,0.E0,1.05E0));
#437=LINE('',#436,#435);
#438=DIRECTION('',(0.E0,0.E0,1.E0));
#439=VECTOR('',#438,3.E-1);
#440=CARTESIAN_POINT('',(1.E-1,0.E0,1.05E0));
#441=LINE('',#440,#439);
#442=DIRECTION('',(1.E0,0.E0,0.E0));
#443=VECTOR('',#442,2.E-1);
#444=CARTESIAN_POINT('',(-1.E-1,0.E0,1.35E0));
#445=LINE('',#444,#443);
#446=DIRECTION('',(0.E0,0.E0,1.E0));
#447=VECTOR('',#446,3.E-1);
#448=CARTESIAN_POINT('',(-1.E-1,0.E0,1.05E0));
#449=LINE('',#448,#447);
#450=DIRECTION('',(1.E0,0.E0,0.E0));
#451=VECTOR('',#450,2.E-1);
#452=CARTESIAN_POINT('',(-1.E-1,0.E0,1.05E0));
#453=LINE('',#452,#451);
#454=DIRECTION('',(0.E0,0.E0,1.E0));
#455=VECTOR('',#454,3.E-1);
#456=CARTESIAN_POINT('',(-4.E-1,0.E0,1.05E0));
#457=LINE('',#456,#455);
#458=DIRECTION('',(1.E0,0.E0,0.E0));
#459=VECTOR('',#458,2.E-1);
#460=CARTESIAN_POINT('',(-6.E-1,0.E0,1.35E0));
#461=LINE('',#460,#459);
#462=DIRECTION('',(0.E0,0.E0,1.E0));
#463=VECTOR('',#462,3.E-1);
#464=CARTESIAN_POINT('',(-6.E-1,0.E0,1.05E0));
#465=LINE('',#464,#463);
#466=DIRECTION('',(1.E0,0.E0,0.E0));
#467=VECTOR('',#466,2.E-1);
#468=CARTESIAN_POINT('',(-6.E-1,0.E0,1.05E0));
#469=LINE('',#468,#467);
#470=DIRECTION('',(0.E0,0.E0,1.E0));
#471=VECTOR('',#470,3.E-1);
#472=CARTESIAN_POINT('',(-9.E-1,0.E0,1.05E0));
#473=LINE('',#472,#471);
#474=DIRECTION('',(1.E0,0.E0,0.E0));
#475=VECTOR('',#474,2.E-1);
#476=CARTESIAN_POINT('',(-1.1E0,0.E0,1.35E0));
#477=LINE('',#476,#475);
#478=DIRECTION('',(0.E0,0.E0,1.E0));
#479=VECTOR('',#478,3.E-1);
#480=CARTESIAN_POINT('',(-1.1E0,0.E0,1.05E0));
#481=LINE('',#480,#479);
#482=DIRECTION('',(1.E0,0.E0,0.E0));
#483=VECTOR('',#482,2.E-1);
#484=CARTESIAN_POINT('',(-1.1E0,0.E0,1.05E0));
#485=LINE('',#484,#483);
#486=DIRECTION('',(1.E0,0.E0,0.E0));
#487=VECTOR('',#486,5.85E-1);
#488=CARTESIAN_POINT('',(-2.E0,0.E0,1.6E0));
#489=LINE('',#488,#487);
#490=DIRECTION('',(0.E0,0.E0,1.E0));
#491=VECTOR('',#490,1.1E0);
#492=CARTESIAN_POINT('',(-1.415E0,0.E0,1.6E0));
#493=LINE('',#492,#491);
#494=DIRECTION('',(1.E0,0.E0,0.E0));
#495=VECTOR('',#494,5.85E-1);
#496=CARTESIAN_POINT('',(-2.E0,0.E0,2.7E0));
#497=LINE('',#496,#495);
#498=DIRECTION('',(1.E0,0.E0,0.E0));
#499=VECTOR('',#498,7.E-1);
#500=CARTESIAN_POINT('',(-2.E0,0.E0,3.2E0));
#501=LINE('',#500,#499);
#502=DIRECTION('',(0.E0,0.E0,-1.E0));
#503=VECTOR('',#502,3.5E-1);
#504=CARTESIAN_POINT('',(-1.3E0,0.E0,3.2E0));
#505=LINE('',#504,#503);
#506=DIRECTION('',(0.E0,0.E0,-1.E0));
#507=VECTOR('',#506,3.5E-1);
#508=CARTESIAN_POINT('',(1.3E0,0.E0,3.2E0));
#509=LINE('',#508,#507);
#510=DIRECTION('',(1.E0,0.E0,0.E0));
#511=VECTOR('',#510,7.E-1);
#512=CARTESIAN_POINT('',(1.3E0,0.E0,3.2E0));
#513=LINE('',#512,#511);
#514=DIRECTION('',(-1.E0,0.E0,0.E0));
#515=VECTOR('',#514,5.85E-1);
#516=CARTESIAN_POINT('',(2.E0,0.E0,2.7E0));
#517=LINE('',#516,#515);
#518=DIRECTION('',(0.E0,0.E0,-1.E0));
#519=VECTOR('',#518,1.1E0);
#520=CARTESIAN_POINT('',(1.415E0,0.E0,2.7E0));
#521=LINE('',#520,#519);
#522=DIRECTION('',(-1.E0,0.E0,0.E0));
#523=VECTOR('',#522,5.85E-1);
#524=CARTESIAN_POINT('',(2.E0,0.E0,1.6E0));
#525=LINE('',#524,#523);
#526=DIRECTION('',(0.E0,0.E0,-1.E0));
#527=VECTOR('',#526,6.E-1);
#528=CARTESIAN_POINT('',(-1.9E0,0.E0,1.4E0));
#529=LINE('',#528,#527);
#530=DIRECTION('',(1.E0,0.E0,0.E0));
#531=VECTOR('',#530,2.E-1);
#532=CARTESIAN_POINT('',(-1.9E0,0.E0,8.E-1));
#533=LINE('',#532,#531);
#534=DIRECTION('',(0.E0,0.E0,1.E0));
#535=VECTOR('',#534,6.E-1);
#536=CARTESIAN_POINT('',(-1.7E0,0.E0,8.E-1));
#537=LINE('',#536,#535);
#538=DIRECTION('',(-1.E0,0.E0,0.E0));
#539=VECTOR('',#538,2.E-1);
#540=CARTESIAN_POINT('',(-1.7E0,0.E0,1.4E0));
#541=LINE('',#540,#539);
#542=DIRECTION('',(-1.E0,0.E0,0.E0));
#543=VECTOR('',#542,2.E-1);
#544=CARTESIAN_POINT('',(1.9E0,0.E0,1.4E0));
#545=LINE('',#544,#543);
#546=DIRECTION('',(0.E0,0.E0,-1.E0));
#547=VECTOR('',#546,6.E-1);
#548=CARTESIAN_POINT('',(1.7E0,0.E0,1.4E0));
#549=LINE('',#548,#547);
#550=DIRECTION('',(1.E0,0.E0,0.E0));
#551=VECTOR('',#550,2.E-1);
#552=CARTESIAN_POINT('',(1.7E0,0.E0,8.E-1));
#553=LINE('',#552,#551);
#554=DIRECTION('',(0.E0,0.E0,1.E0));
#555=VECTOR('',#554,6.E-1);
#556=CARTESIAN_POINT('',(1.9E0,0.E0,8.E-1));
#557=LINE('',#556,#555);
#558=DIRECTION('',(0.E0,1.E0,0.E0));
#559=VECTOR('',#558,1.6E-1);
#560=CARTESIAN_POINT('',(1.1E0,3.1E-1,2.82E0));
#561=LINE('',#560,#559);
#562=DIRECTION('',(0.E0,0.E0,-1.E0));
#563=VECTOR('',#562,4.7E-1);
#564=CARTESIAN_POINT('',(1.1E0,3.1E-1,2.82E0));
#565=LINE('',#564,#563);
#566=DIRECTION('',(0.E0,-1.E0,0.E0));
#567=VECTOR('',#566,1.6E-1);
#568=CARTESIAN_POINT('',(1.1E0,4.7E-1,2.35E0));
#569=LINE('',#568,#567);
#570=DIRECTION('',(0.E0,0.E0,-1.E0));
#571=VECTOR('',#570,4.7E-1);
#572=CARTESIAN_POINT('',(1.1E0,4.7E-1,2.82E0));
#573=LINE('',#572,#571);
#574=DIRECTION('',(0.E0,1.E0,0.E0));
#575=VECTOR('',#574,1.4E-1);
#576=CARTESIAN_POINT('',(1.1E0,1.E-1,2.82E0));
#577=LINE('',#576,#575);
#578=DIRECTION('',(0.E0,0.E0,-1.E0));
#579=VECTOR('',#578,1.47E0);
#580=CARTESIAN_POINT('',(1.1E0,1.E-1,2.82E0));
#581=LINE('',#580,#579);
#582=DIRECTION('',(0.E0,-1.E0,0.E0));
#583=VECTOR('',#582,1.E-1);
#584=CARTESIAN_POINT('',(1.1E0,1.E-1,1.35E0));
#585=LINE('',#584,#583);
#586=DIRECTION('',(0.E0,1.E0,0.E0));
#587=VECTOR('',#586,1.4E-1);
#588=CARTESIAN_POINT('',(1.1E0,0.E0,1.05E0));
#589=LINE('',#588,#587);
#590=DIRECTION('',(0.E0,3.846153846154E-1,9.230769230769E-1));
#591=VECTOR('',#590,1.3E-1);
#592=CARTESIAN_POINT('',(1.1E0,1.4E-1,1.05E0));
#593=LINE('',#592,#591);
#594=DIRECTION('',(0.E0,1.E0,0.E0));
#595=VECTOR('',#594,3.E-2);
#596=CARTESIAN_POINT('',(1.1E0,1.9E-1,1.17E0));
#597=LINE('',#596,#595);
#598=DIRECTION('',(0.E0,0.E0,-1.E0));
#599=VECTOR('',#598,1.18E0);
#600=CARTESIAN_POINT('',(1.1E0,2.2E-1,2.35E0));
#601=LINE('',#600,#599);
#602=DIRECTION('',(0.E0,-1.E0,0.E0));
#603=VECTOR('',#602,2.E-2);
#604=CARTESIAN_POINT('',(1.1E0,2.4E-1,2.35E0));
#605=LINE('',#604,#603);
#606=DIRECTION('',(0.E0,0.E0,1.E0));
#607=VECTOR('',#606,4.7E-1);
#608=CARTESIAN_POINT('',(1.1E0,2.4E-1,2.35E0));
#609=LINE('',#608,#607);
#610=DIRECTION('',(0.E0,1.E0,0.E0));
#611=VECTOR('',#610,2.870296650387E-2);
#612=CARTESIAN_POINT('',(1.1E0,6.3E-1,7.5E-1));
#613=LINE('',#612,#611);
#614=DIRECTION('',(0.E0,0.E0,-1.E0));
#615=VECTOR('',#614,2.E-1);
#616=CARTESIAN_POINT('',(1.1E0,6.3E-1,7.5E-1));
#617=LINE('',#616,#615);
#618=DIRECTION('',(0.E0,1.E0,0.E0));
#619=VECTOR('',#618,2.5E-1);
#620=CARTESIAN_POINT('',(1.1E0,6.3E-1,5.5E-1));
#621=LINE('',#620,#619);
#622=DIRECTION('',(0.E0,9.028605188239E-1,-4.299335803923E-1));
#623=VECTOR('',#622,2.451065573057E-1);
#624=CARTESIAN_POINT('',(1.1E0,6.587029665039E-1,7.5E-1));
#625=LINE('',#624,#623);
#626=DIRECTION('',(7.071067811865E-1,0.E0,7.071067811866E-1));
#627=VECTOR('',#626,4.242640687119E-2);
#628=CARTESIAN_POINT('',(6.E-1,4.7E-1,2.82E0));
#629=LINE('',#628,#627);
#630=DIRECTION('',(7.071067811865E-1,0.E0,-7.071067811866E-1));
#631=VECTOR('',#630,4.242640687119E-2);
#632=CARTESIAN_POINT('',(8.7E-1,4.7E-1,2.85E0));
#633=LINE('',#632,#631);
#634=DIRECTION('',(7.071067811865E-1,0.E0,7.071067811866E-1));
#635=VECTOR('',#634,4.242640687119E-2);
#636=CARTESIAN_POINT('',(1.E-1,4.7E-1,2.82E0));
#637=LINE('',#636,#635);
#638=DIRECTION('',(7.071067811865E-1,0.E0,-7.071067811865E-1));
#639=VECTOR('',#638,4.242640687119E-2);
#640=CARTESIAN_POINT('',(3.7E-1,4.7E-1,2.85E0));
#641=LINE('',#640,#639);
#642=DIRECTION('',(7.071067811865E-1,0.E0,7.071067811866E-1));
#643=VECTOR('',#642,4.242640687119E-2);
#644=CARTESIAN_POINT('',(-4.E-1,4.7E-1,2.82E0));
#645=LINE('',#644,#643);
#646=DIRECTION('',(7.071067811865E-1,0.E0,-7.071067811866E-1));
#647=VECTOR('',#646,4.242640687119E-2);
#648=CARTESIAN_POINT('',(-1.3E-1,4.7E-1,2.85E0));
#649=LINE('',#648,#647);
#650=DIRECTION('',(7.071067811865E-1,0.E0,7.071067811866E-1));
#651=VECTOR('',#650,4.242640687119E-2);
#652=CARTESIAN_POINT('',(-9.E-1,4.7E-1,2.82E0));
#653=LINE('',#652,#651);
#654=DIRECTION('',(7.071067811865E-1,0.E0,-7.071067811865E-1));
#655=VECTOR('',#654,4.242640687119E-2);
#656=CARTESIAN_POINT('',(-6.3E-1,4.7E-1,2.85E0));
#657=LINE('',#656,#655);
#658=DIRECTION('',(-1.E0,0.E0,0.E0));
#659=VECTOR('',#658,3.5E-1);
#660=CARTESIAN_POINT('',(1.65E0,4.7E-1,3.2E0));
#661=LINE('',#660,#659);
#662=DIRECTION('',(0.E0,0.E0,-1.E0));
#663=VECTOR('',#662,3.5E-1);
#664=CARTESIAN_POINT('',(1.3E0,4.7E-1,3.2E0));
#665=LINE('',#664,#663);
#666=DIRECTION('',(7.071067811865E-1,0.E0,7.071067811866E-1));
#667=VECTOR('',#666,4.242640687119E-2);
#668=CARTESIAN_POINT('',(1.1E0,4.7E-1,2.82E0));
#669=LINE('',#668,#667);
#670=DIRECTION('',(-1.E0,0.E0,0.E0));
#671=VECTOR('',#670,3.5E-1);
#672=CARTESIAN_POINT('',(-1.3E0,4.7E-1,3.2E0));
#673=LINE('',#672,#671);
#674=DIRECTION('',(0.E0,0.E0,-1.E0));
#675=VECTOR('',#674,4.E-1);
#676=CARTESIAN_POINT('',(-1.65E0,4.7E-1,3.2E0));
#677=LINE('',#676,#675);
#678=DIRECTION('',(7.071067811865E-1,0.E0,-7.071067811865E-1));
#679=VECTOR('',#678,4.242640687119E-2);
#680=CARTESIAN_POINT('',(-1.13E0,4.7E-1,2.85E0));
#681=LINE('',#680,#679);
#682=DIRECTION('',(0.E0,0.E0,-1.E0));
#683=VECTOR('',#682,3.5E-1);
#684=CARTESIAN_POINT('',(-1.3E0,4.7E-1,3.2E0));
#685=LINE('',#684,#683);
#686=DIRECTION('',(5.773502691896E-1,-5.773502691896E-1,5.773502691896E-1));
#687=VECTOR('',#686,5.196152422707E-2);
#688=CARTESIAN_POINT('',(6.E-1,3.1E-1,2.82E0));
#689=LINE('',#688,#687);
#690=DIRECTION('',(1.E0,0.E0,0.E0));
#691=VECTOR('',#690,2.6E-1);
#692=CARTESIAN_POINT('',(8.7E-1,7.E-2,2.85E0));
#693=LINE('',#692,#691);
#694=DIRECTION('',(0.E0,1.E0,0.E0));
#695=VECTOR('',#694,2.E-1);
#696=CARTESIAN_POINT('',(1.13E0,7.E-2,2.85E0));
#697=LINE('',#696,#695);
#698=DIRECTION('',(-1.E0,0.E0,0.E0));
#699=VECTOR('',#698,2.6E-1);
#700=CARTESIAN_POINT('',(1.13E0,2.7E-1,2.85E0));
#701=LINE('',#700,#699);
#702=DIRECTION('',(0.E0,-1.E0,0.E0));
#703=VECTOR('',#702,2.E-1);
#704=CARTESIAN_POINT('',(8.7E-1,2.7E-1,2.85E0));
#705=LINE('',#704,#703);
#706=DIRECTION('',(1.E0,0.E0,0.E0));
#707=VECTOR('',#706,2.6E-1);
#708=CARTESIAN_POINT('',(3.7E-1,7.E-2,2.85E0));
#709=LINE('',#708,#707);
#710=DIRECTION('',(0.E0,1.E0,0.E0));
#711=VECTOR('',#710,2.E-1);
#712=CARTESIAN_POINT('',(6.3E-1,7.E-2,2.85E0));
#713=LINE('',#712,#711);
#714=DIRECTION('',(-1.E0,0.E0,0.E0));
#715=VECTOR('',#714,2.6E-1);
#716=CARTESIAN_POINT('',(6.3E-1,2.7E-1,2.85E0));
#717=LINE('',#716,#715);
#718=DIRECTION('',(0.E0,-1.E0,0.E0));
#719=VECTOR('',#718,2.E-1);
#720=CARTESIAN_POINT('',(3.7E-1,2.7E-1,2.85E0));
#721=LINE('',#720,#719);
#722=DIRECTION('',(1.E0,0.E0,0.E0));
#723=VECTOR('',#722,2.6E-1);
#724=CARTESIAN_POINT('',(-1.3E-1,7.E-2,2.85E0));
#725=LINE('',#724,#723);
#726=DIRECTION('',(0.E0,1.E0,0.E0));
#727=VECTOR('',#726,2.E-1);
#728=CARTESIAN_POINT('',(1.3E-1,7.E-2,2.85E0));
#729=LINE('',#728,#727);
#730=DIRECTION('',(-1.E0,0.E0,0.E0));
#731=VECTOR('',#730,2.6E-1);
#732=CARTESIAN_POINT('',(1.3E-1,2.7E-1,2.85E0));
#733=LINE('',#732,#731);
#734=DIRECTION('',(0.E0,-1.E0,0.E0));
#735=VECTOR('',#734,2.E-1);
#736=CARTESIAN_POINT('',(-1.3E-1,2.7E-1,2.85E0));
#737=LINE('',#736,#735);
#738=DIRECTION('',(1.E0,0.E0,0.E0));
#739=VECTOR('',#738,2.6E-1);
#740=CARTESIAN_POINT('',(-6.3E-1,7.E-2,2.85E0));
#741=LINE('',#740,#739);
#742=DIRECTION('',(0.E0,1.E0,0.E0));
#743=VECTOR('',#742,2.E-1);
#744=CARTESIAN_POINT('',(-3.7E-1,7.E-2,2.85E0));
#745=LINE('',#744,#743);
#746=DIRECTION('',(-1.E0,0.E0,0.E0));
#747=VECTOR('',#746,2.6E-1);
#748=CARTESIAN_POINT('',(-3.7E-1,2.7E-1,2.85E0));
#749=LINE('',#748,#747);
#750=DIRECTION('',(0.E0,-1.E0,0.E0));
#751=VECTOR('',#750,2.E-1);
#752=CARTESIAN_POINT('',(-6.3E-1,2.7E-1,2.85E0));
#753=LINE('',#752,#751);
#754=DIRECTION('',(1.E0,0.E0,0.E0));
#755=VECTOR('',#754,2.6E-1);
#756=CARTESIAN_POINT('',(-1.13E0,7.E-2,2.85E0));
#757=LINE('',#756,#755);
#758=DIRECTION('',(0.E0,1.E0,0.E0));
#759=VECTOR('',#758,2.E-1);
#760=CARTESIAN_POINT('',(-8.7E-1,7.E-2,2.85E0));
#761=LINE('',#760,#759);
#762=DIRECTION('',(-1.E0,0.E0,0.E0));
#763=VECTOR('',#762,2.6E-1);
#764=CARTESIAN_POINT('',(-8.7E-1,2.7E-1,2.85E0));
#765=LINE('',#764,#763);
#766=DIRECTION('',(0.E0,-1.E0,0.E0));
#767=VECTOR('',#766,2.E-1);
#768=CARTESIAN_POINT('',(-1.13E0,2.7E-1,2.85E0));
#769=LINE('',#768,#767);
#770=DIRECTION('',(1.E0,0.E0,0.E0));
#771=VECTOR('',#770,1.7E-1);
#772=CARTESIAN_POINT('',(1.13E0,4.7E-1,2.85E0));
#773=LINE('',#772,#771);
#774=DIRECTION('',(-1.E0,0.E0,0.E0));
#775=VECTOR('',#774,2.6E0);
#776=CARTESIAN_POINT('',(1.3E0,0.E0,2.85E0));
#777=LINE('',#776,#775);
#778=DIRECTION('',(1.E0,0.E0,0.E0));
#779=VECTOR('',#778,1.7E-1);
#780=CARTESIAN_POINT('',(-1.3E0,4.7E-1,2.85E0));
#781=LINE('',#780,#779);
#782=DIRECTION('',(0.E0,-1.E0,0.E0));
#783=VECTOR('',#782,1.9E-1);
#784=CARTESIAN_POINT('',(-1.13E0,4.7E-1,2.85E0));
#785=LINE('',#784,#783);
#786=DIRECTION('',(1.E0,0.E0,0.E0));
#787=VECTOR('',#786,2.6E-1);
#788=CARTESIAN_POINT('',(-1.13E0,2.8E-1,2.85E0));
#789=LINE('',#788,#787);
#790=DIRECTION('',(0.E0,1.E0,0.E0));
#791=VECTOR('',#790,1.9E-1);
#792=CARTESIAN_POINT('',(-8.7E-1,2.8E-1,2.85E0));
#793=LINE('',#792,#791);
#794=DIRECTION('',(1.E0,0.E0,0.E0));
#795=VECTOR('',#794,2.4E-1);
#796=CARTESIAN_POINT('',(-8.7E-1,4.7E-1,2.85E0));
#797=LINE('',#796,#795);
#798=DIRECTION('',(0.E0,-1.E0,0.E0));
#799=VECTOR('',#798,1.9E-1);
#800=CARTESIAN_POINT('',(-6.3E-1,4.7E-1,2.85E0));
#801=LINE('',#800,#799);
#802=DIRECTION('',(1.E0,0.E0,0.E0));
#803=VECTOR('',#802,2.6E-1);
#804=CARTESIAN_POINT('',(-6.3E-1,2.8E-1,2.85E0));
#805=LINE('',#804,#803);
#806=DIRECTION('',(0.E0,1.E0,0.E0));
#807=VECTOR('',#806,1.9E-1);
#808=CARTESIAN_POINT('',(-3.7E-1,2.8E-1,2.85E0));
#809=LINE('',#808,#807);
#810=DIRECTION('',(1.E0,0.E0,0.E0));
#811=VECTOR('',#810,2.4E-1);
#812=CARTESIAN_POINT('',(-3.7E-1,4.7E-1,2.85E0));
#813=LINE('',#812,#811);
#814=DIRECTION('',(0.E0,-1.E0,0.E0));
#815=VECTOR('',#814,1.9E-1);
#816=CARTESIAN_POINT('',(-1.3E-1,4.7E-1,2.85E0));
#817=LINE('',#816,#815);
#818=DIRECTION('',(1.E0,0.E0,0.E0));
#819=VECTOR('',#818,2.6E-1);
#820=CARTESIAN_POINT('',(-1.3E-1,2.8E-1,2.85E0));
#821=LINE('',#820,#819);
#822=DIRECTION('',(0.E0,1.E0,0.E0));
#823=VECTOR('',#822,1.9E-1);
#824=CARTESIAN_POINT('',(1.3E-1,2.8E-1,2.85E0));
#825=LINE('',#824,#823);
#826=DIRECTION('',(1.E0,0.E0,0.E0));
#827=VECTOR('',#826,2.4E-1);
#828=CARTESIAN_POINT('',(1.3E-1,4.7E-1,2.85E0));
#829=LINE('',#828,#827);
#830=DIRECTION('',(0.E0,-1.E0,0.E0));
#831=VECTOR('',#830,1.9E-1);
#832=CARTESIAN_POINT('',(3.7E-1,4.7E-1,2.85E0));
#833=LINE('',#832,#831);
#834=DIRECTION('',(1.E0,0.E0,0.E0));
#835=VECTOR('',#834,2.6E-1);
#836=CARTESIAN_POINT('',(3.7E-1,2.8E-1,2.85E0));
#837=LINE('',#836,#835);
#838=DIRECTION('',(0.E0,1.E0,0.E0));
#839=VECTOR('',#838,1.9E-1);
#840=CARTESIAN_POINT('',(6.3E-1,2.8E-1,2.85E0));
#841=LINE('',#840,#839);
#842=DIRECTION('',(1.E0,0.E0,0.E0));
#843=VECTOR('',#842,2.4E-1);
#844=CARTESIAN_POINT('',(6.3E-1,4.7E-1,2.85E0));
#845=LINE('',#844,#843);
#846=DIRECTION('',(0.E0,-1.E0,0.E0));
#847=VECTOR('',#846,1.9E-1);
#848=CARTESIAN_POINT('',(8.7E-1,4.7E-1,2.85E0));
#849=LINE('',#848,#847);
#850=DIRECTION('',(1.E0,0.E0,0.E0));
#851=VECTOR('',#850,2.6E-1);
#852=CARTESIAN_POINT('',(8.7E-1,2.8E-1,2.85E0));
#853=LINE('',#852,#851);
#854=DIRECTION('',(0.E0,1.E0,0.E0));
#855=VECTOR('',#854,1.9E-1);
#856=CARTESIAN_POINT('',(1.13E0,2.8E-1,2.85E0));
#857=LINE('',#856,#855);
#858=DIRECTION('',(-5.773502691896E-1,5.773502691896E-1,-5.773502691896E-1));
#859=VECTOR('',#858,5.196152422707E-2);
#860=CARTESIAN_POINT('',(1.13E0,7.E-2,2.85E0));
#861=LINE('',#860,#859);
#862=DIRECTION('',(1.E0,0.E0,0.E0));
#863=VECTOR('',#862,2.E-1);
#864=CARTESIAN_POINT('',(9.E-1,1.E-1,2.82E0));
#865=LINE('',#864,#863);
#866=DIRECTION('',(0.E0,-1.E0,0.E0));
#867=VECTOR('',#866,1.6E-1);
#868=CARTESIAN_POINT('',(9.E-1,4.7E-1,2.82E0));
#869=LINE('',#868,#867);
#870=DIRECTION('',(0.E0,0.E0,-1.E0));
#871=VECTOR('',#870,4.7E-1);
#872=CARTESIAN_POINT('',(9.E-1,4.7E-1,2.82E0));
#873=LINE('',#872,#871);
#874=DIRECTION('',(0.E0,-1.E0,0.E0));
#875=VECTOR('',#874,1.6E-1);
#876=CARTESIAN_POINT('',(9.E-1,4.7E-1,2.35E0));
#877=LINE('',#876,#875);
#878=DIRECTION('',(0.E0,0.E0,-1.E0));
#879=VECTOR('',#878,4.7E-1);
#880=CARTESIAN_POINT('',(9.E-1,3.1E-1,2.82E0));
#881=LINE('',#880,#879);
#882=DIRECTION('',(0.E0,-1.E0,0.E0));
#883=VECTOR('',#882,1.4E-1);
#884=CARTESIAN_POINT('',(9.E-1,2.4E-1,2.82E0));
#885=LINE('',#884,#883);
#886=DIRECTION('',(0.E0,0.E0,1.E0));
#887=VECTOR('',#886,4.7E-1);
#888=CARTESIAN_POINT('',(9.E-1,2.4E-1,2.35E0));
#889=LINE('',#888,#887);
#890=DIRECTION('',(0.E0,-1.E0,0.E0));
#891=VECTOR('',#890,2.E-2);
#892=CARTESIAN_POINT('',(9.E-1,2.4E-1,2.35E0));
#893=LINE('',#892,#891);
#894=DIRECTION('',(0.E0,0.E0,-1.E0));
#895=VECTOR('',#894,1.18E0);
#896=CARTESIAN_POINT('',(9.E-1,2.2E-1,2.35E0));
#897=LINE('',#896,#895);
#898=DIRECTION('',(0.E0,1.E0,0.E0));
#899=VECTOR('',#898,3.E-2);
#900=CARTESIAN_POINT('',(9.E-1,1.9E-1,1.17E0));
#901=LINE('',#900,#899);
#902=DIRECTION('',(0.E0,3.846153846154E-1,9.230769230769E-1));
#903=VECTOR('',#902,1.3E-1);
#904=CARTESIAN_POINT('',(9.E-1,1.4E-1,1.05E0));
#905=LINE('',#904,#903);
#906=DIRECTION('',(0.E0,1.E0,0.E0));
#907=VECTOR('',#906,1.4E-1);
#908=CARTESIAN_POINT('',(9.E-1,0.E0,1.05E0));
#909=LINE('',#908,#907);
#910=DIRECTION('',(0.E0,-1.E0,0.E0));
#911=VECTOR('',#910,1.E-1);
#912=CARTESIAN_POINT('',(9.E-1,1.E-1,1.35E0));
#913=LINE('',#912,#911);
#914=DIRECTION('',(0.E0,0.E0,-1.E0));
#915=VECTOR('',#914,1.47E0);
#916=CARTESIAN_POINT('',(9.E-1,1.E-1,2.82E0));
#917=LINE('',#916,#915);
#918=DIRECTION('',(0.E0,-9.028605188239E-1,4.299335803923E-1));
#919=VECTOR('',#918,2.451065573057E-1);
#920=CARTESIAN_POINT('',(9.E-1,8.8E-1,6.446204602399E-1));
#921=LINE('',#920,#919);
#922=DIRECTION('',(0.E0,1.E0,0.E0));
#923=VECTOR('',#922,2.5E-1);
#924=CARTESIAN_POINT('',(9.E-1,6.3E-1,5.5E-1));
#925=LINE('',#924,#923);
#926=DIRECTION('',(0.E0,0.E0,-1.E0));
#927=VECTOR('',#926,2.E-1);
#928=CARTESIAN_POINT('',(9.E-1,6.3E-1,7.5E-1));
#929=LINE('',#928,#927);
#930=DIRECTION('',(0.E0,-1.E0,0.E0));
#931=VECTOR('',#930,2.870296650387E-2);
#932=CARTESIAN_POINT('',(9.E-1,6.587029665039E-1,7.5E-1));
#933=LINE('',#932,#931);
#934=DIRECTION('',(5.773502691896E-1,5.773502691896E-1,-5.773502691896E-1));
#935=VECTOR('',#934,5.196152422707E-2);
#936=CARTESIAN_POINT('',(8.7E-1,2.8E-1,2.85E0));
#937=LINE('',#936,#935);
#938=DIRECTION('',(-5.773502691896E-1,5.773502691896E-1,-5.773502691896E-1));
#939=VECTOR('',#938,5.196152422707E-2);
#940=CARTESIAN_POINT('',(1.13E0,2.8E-1,2.85E0));
#941=LINE('',#940,#939);
#942=DIRECTION('',(1.E0,0.E0,0.E0));
#943=VECTOR('',#942,2.E-1);
#944=CARTESIAN_POINT('',(9.E-1,3.1E-1,2.82E0));
#945=LINE('',#944,#943);
#946=DIRECTION('',(-1.E0,0.E0,0.E0));
#947=VECTOR('',#946,4.E-1);
#948=CARTESIAN_POINT('',(-1.1E0,4.7E-1,2.35E0));
#949=LINE('',#948,#947);
#950=DIRECTION('',(-1.E0,0.E0,0.E0));
#951=VECTOR('',#950,4.E-1);
#952=CARTESIAN_POINT('',(1.5E0,4.7E-1,2.35E0));
#953=LINE('',#952,#951);
#954=DIRECTION('',(-1.E0,0.E0,0.E0));
#955=VECTOR('',#954,2.E-1);
#956=CARTESIAN_POINT('',(1.1E0,3.1E-1,2.35E0));
#957=LINE('',#956,#955);
#958=DIRECTION('',(-1.E0,0.E0,0.E0));
#959=VECTOR('',#958,3.E-1);
#960=CARTESIAN_POINT('',(9.E-1,4.7E-1,2.35E0));
#961=LINE('',#960,#959);
#962=DIRECTION('',(-1.E0,0.E0,0.E0));
#963=VECTOR('',#962,2.E-1);
#964=CARTESIAN_POINT('',(6.E-1,3.1E-1,2.35E0));
#965=LINE('',#964,#963);
#966=DIRECTION('',(-1.E0,0.E0,0.E0));
#967=VECTOR('',#966,3.E-1);
#968=CARTESIAN_POINT('',(4.E-1,4.7E-1,2.35E0));
#969=LINE('',#968,#967);
#970=DIRECTION('',(-1.E0,0.E0,0.E0));
#971=VECTOR('',#970,2.E-1);
#972=CARTESIAN_POINT('',(1.E-1,3.1E-1,2.35E0));
#973=LINE('',#972,#971);
#974=DIRECTION('',(-1.E0,0.E0,0.E0));
#975=VECTOR('',#974,3.E-1);
#976=CARTESIAN_POINT('',(-1.E-1,4.7E-1,2.35E0));
#977=LINE('',#976,#975);
#978=DIRECTION('',(-1.E0,0.E0,0.E0));
#979=VECTOR('',#978,2.E-1);
#980=CARTESIAN_POINT('',(-4.E-1,3.1E-1,2.35E0));
#981=LINE('',#980,#979);
#982=DIRECTION('',(-1.E0,0.E0,0.E0));
#983=VECTOR('',#982,3.E-1);
#984=CARTESIAN_POINT('',(-6.E-1,4.7E-1,2.35E0));
#985=LINE('',#984,#983);
#986=DIRECTION('',(-1.E0,0.E0,0.E0));
#987=VECTOR('',#986,2.E-1);
#988=CARTESIAN_POINT('',(-9.E-1,3.1E-1,2.35E0));
#989=LINE('',#988,#987);
#990=DIRECTION('',(0.E0,1.E0,0.E0));
#991=VECTOR('',#990,2.E-1);
#992=CARTESIAN_POINT('',(-1.5E0,4.7E-1,2.8E0));
#993=LINE('',#992,#991);
#994=DIRECTION('',(0.E0,0.E0,-1.E0));
#995=VECTOR('',#994,4.E-1);
#996=CARTESIAN_POINT('',(-1.5E0,6.7E-1,3.2E0));
#997=LINE('',#996,#995);
#998=DIRECTION('',(0.E0,0.E0,-1.E0));
#999=VECTOR('',#998,1.8E0);
#1000=CARTESIAN_POINT('',(-1.5E0,8.3E-1,3.2E0));
#1001=LINE('',#1000,#999);
#1002=DIRECTION('',(0.E0,-1.E0,0.E0));
#1003=VECTOR('',#1002,3.1E-1);
#1004=CARTESIAN_POINT('',(-1.5E0,8.3E-1,1.4E0));
#1005=LINE('',#1004,#1003);
#1006=DIRECTION('',(0.E0,-7.071067811865E-1,-7.071067811865E-1));
#1007=VECTOR('',#1006,7.071067811866E-2);
#1008=CARTESIAN_POINT('',(-1.5E0,5.2E-1,1.4E0));
#1009=LINE('',#1008,#1007);
#1010=DIRECTION('',(0.E0,0.E0,-1.E0));
#1011=VECTOR('',#1010,5.5E-1);
#1012=CARTESIAN_POINT('',(-1.5E0,4.7E-1,1.35E0));
#1013=LINE('',#1012,#1011);
#1014=DIRECTION('',(0.E0,0.E0,1.E0));
#1015=VECTOR('',#1014,4.5E-1);
#1016=CARTESIAN_POINT('',(-1.5E0,4.7E-1,3.5E-1));
#1017=LINE('',#1016,#1015);
#1018=DIRECTION('',(0.E0,-1.E0,0.E0));
#1019=VECTOR('',#1018,2.5E-1);
#1020=CARTESIAN_POINT('',(-1.5E0,4.7E-1,3.5E-1));
#1021=LINE('',#1020,#1019);
#1022=DIRECTION('',(0.E0,0.E0,-1.E0));
#1023=VECTOR('',#1022,2.E0);
#1024=CARTESIAN_POINT('',(-1.5E0,2.2E-1,2.35E0));
#1025=LINE('',#1024,#1023);
#1026=DIRECTION('',(0.E0,-1.E0,0.E0));
#1027=VECTOR('',#1026,2.5E-1);
#1028=CARTESIAN_POINT('',(-1.5E0,4.7E-1,2.35E0));
#1029=LINE('',#1028,#1027);
#1030=DIRECTION('',(0.E0,0.E0,-1.E0));
#1031=VECTOR('',#1030,4.5E-1);
#1032=CARTESIAN_POINT('',(-1.5E0,4.7E-1,2.8E0));
#1033=LINE('',#1032,#1031);
#1034=DIRECTION('',(-9.662349396012E-1,2.576626505603E-1,0.E0));
#1035=VECTOR('',#1034,1.552417469626E-1);
#1036=CARTESIAN_POINT('',(1.65E0,6.3E-1,2.8E0));
#1037=LINE('',#1036,#1035);
#1038=DIRECTION('',(0.E0,1.E0,0.E0));
#1039=VECTOR('',#1038,1.6E-1);
#1040=CARTESIAN_POINT('',(1.65E0,4.7E-1,2.8E0));
#1041=LINE('',#1040,#1039);
#1042=DIRECTION('',(1.E0,0.E0,0.E0));
#1043=VECTOR('',#1042,1.5E-1);
#1044=CARTESIAN_POINT('',(1.5E0,4.7E-1,2.8E0));
#1045=LINE('',#1044,#1043);
#1046=DIRECTION('',(1.E0,0.E0,0.E0));
#1047=VECTOR('',#1046,1.5E-1);
#1048=CARTESIAN_POINT('',(-1.65E0,4.7E-1,2.8E0));
#1049=LINE('',#1048,#1047);
#1050=DIRECTION('',(0.E0,-1.E0,0.E0));
#1051=VECTOR('',#1050,1.6E-1);
#1052=CARTESIAN_POINT('',(-1.65E0,6.3E-1,2.8E0));
#1053=LINE('',#1052,#1051);
#1054=DIRECTION('',(-9.662349396012E-1,-2.576626505603E-1,0.E0));
#1055=VECTOR('',#1054,1.552417469626E-1);
#1056=CARTESIAN_POINT('',(-1.5E0,6.7E-1,2.8E0));
#1057=LINE('',#1056,#1055);
#1058=DIRECTION('',(0.E0,1.E0,0.E0));
#1059=VECTOR('',#1058,2.E-1);
#1060=CARTESIAN_POINT('',(1.5E0,4.7E-1,2.8E0));
#1061=LINE('',#1060,#1059);
#1062=DIRECTION('',(0.E0,0.E0,-1.E0));
#1063=VECTOR('',#1062,4.5E-1);
#1064=CARTESIAN_POINT('',(1.5E0,4.7E-1,2.8E0));
#1065=LINE('',#1064,#1063);
#1066=DIRECTION('',(0.E0,-1.E0,0.E0));
#1067=VECTOR('',#1066,2.5E-1);
#1068=CARTESIAN_POINT('',(1.5E0,4.7E-1,2.35E0));
#1069=LINE('',#1068,#1067);
#1070=DIRECTION('',(0.E0,0.E0,-1.E0));
#1071=VECTOR('',#1070,2.E0);
#1072=CARTESIAN_POINT('',(1.5E0,2.2E-1,2.35E0));
#1073=LINE('',#1072,#1071);
#1074=DIRECTION('',(0.E0,1.E0,0.E0));
#1075=VECTOR('',#1074,2.5E-1);
#1076=CARTESIAN_POINT('',(1.5E0,2.2E-1,3.5E-1));
#1077=LINE('',#1076,#1075);
#1078=DIRECTION('',(0.E0,0.E0,1.E0));
#1079=VECTOR('',#1078,4.5E-1);
#1080=CARTESIAN_POINT('',(1.5E0,4.7E-1,3.5E-1));
#1081=LINE('',#1080,#1079);
#1082=DIRECTION('',(0.E0,0.E0,-1.E0));
#1083=VECTOR('',#1082,5.5E-1);
#1084=CARTESIAN_POINT('',(1.5E0,4.7E-1,1.35E0));
#1085=LINE('',#1084,#1083);
#1086=DIRECTION('',(0.E0,-7.071067811865E-1,-7.071067811865E-1));
#1087=VECTOR('',#1086,7.071067811866E-2);
#1088=CARTESIAN_POINT('',(1.5E0,5.2E-1,1.4E0));
#1089=LINE('',#1088,#1087);
#1090=DIRECTION('',(0.E0,-1.E0,0.E0));
#1091=VECTOR('',#1090,3.1E-1);
#1092=CARTESIAN_POINT('',(1.5E0,8.3E-1,1.4E0));
#1093=LINE('',#1092,#1091);
#1094=DIRECTION('',(0.E0,0.E0,1.E0));
#1095=VECTOR('',#1094,1.8E0);
#1096=CARTESIAN_POINT('',(1.5E0,8.3E-1,1.4E0));
#1097=LINE('',#1096,#1095);
#1098=DIRECTION('',(0.E0,0.E0,-1.E0));
#1099=VECTOR('',#1098,4.E-1);
#1100=CARTESIAN_POINT('',(1.5E0,6.7E-1,3.2E0));
#1101=LINE('',#1100,#1099);
#1102=DIRECTION('',(-1.E0,0.E0,0.E0));
#1103=VECTOR('',#1102,4.E-1);
#1104=CARTESIAN_POINT('',(1.5E0,2.2E-1,2.35E0));
#1105=LINE('',#1104,#1103);
#1106=DIRECTION('',(-1.E0,0.E0,0.E0));
#1107=VECTOR('',#1106,2.E-1);
#1108=CARTESIAN_POINT('',(1.1E0,2.2E-1,1.17E0));
#1109=LINE('',#1108,#1107);
#1110=DIRECTION('',(-1.E0,0.E0,0.E0));
#1111=VECTOR('',#1110,3.E-1);
#1112=CARTESIAN_POINT('',(9.E-1,2.2E-1,2.35E0));
#1113=LINE('',#1112,#1111);
#1114=DIRECTION('',(-1.E0,0.E0,0.E0));
#1115=VECTOR('',#1114,2.E-1);
#1116=CARTESIAN_POINT('',(6.E-1,2.2E-1,1.17E0));
#1117=LINE('',#1116,#1115);
#1118=DIRECTION('',(-1.E0,0.E0,0.E0));
#1119=VECTOR('',#1118,3.E-1);
#1120=CARTESIAN_POINT('',(4.E-1,2.2E-1,2.35E0));
#1121=LINE('',#1120,#1119);
#1122=DIRECTION('',(-1.E0,0.E0,0.E0));
#1123=VECTOR('',#1122,2.E-1);
#1124=CARTESIAN_POINT('',(1.E-1,2.2E-1,1.17E0));
#1125=LINE('',#1124,#1123);
#1126=DIRECTION('',(-1.E0,0.E0,0.E0));
#1127=VECTOR('',#1126,3.E-1);
#1128=CARTESIAN_POINT('',(-1.E-1,2.2E-1,2.35E0));
#1129=LINE('',#1128,#1127);
#1130=DIRECTION('',(-1.E0,0.E0,0.E0));
#1131=VECTOR('',#1130,2.E-1);
#1132=CARTESIAN_POINT('',(-4.E-1,2.2E-1,1.17E0));
#1133=LINE('',#1132,#1131);
#1134=DIRECTION('',(-1.E0,0.E0,0.E0));
#1135=VECTOR('',#1134,3.E-1);
#1136=CARTESIAN_POINT('',(-6.E-1,2.2E-1,2.35E0));
#1137=LINE('',#1136,#1135);
#1138=DIRECTION('',(-1.E0,0.E0,0.E0));
#1139=VECTOR('',#1138,2.E-1);
#1140=CARTESIAN_POINT('',(-9.E-1,2.2E-1,1.17E0));
#1141=LINE('',#1140,#1139);
#1142=DIRECTION('',(-1.E0,0.E0,0.E0));
#1143=VECTOR('',#1142,4.E-1);
#1144=CARTESIAN_POINT('',(-1.1E0,2.2E-1,2.35E0));
#1145=LINE('',#1144,#1143);
#1146=DIRECTION('',(-1.E0,0.E0,0.E0));
#1147=VECTOR('',#1146,2.E-1);
#1148=CARTESIAN_POINT('',(1.1E0,1.9E-1,1.17E0));
#1149=LINE('',#1148,#1147);
#1150=DIRECTION('',(-1.E0,0.E0,0.E0));
#1151=VECTOR('',#1150,2.E-1);
#1152=CARTESIAN_POINT('',(1.1E0,1.4E-1,1.05E0));
#1153=LINE('',#1152,#1151);
#1154=DIRECTION('',(0.E0,1.E0,0.E0));
#1155=VECTOR('',#1154,1.6E-1);
#1156=CARTESIAN_POINT('',(6.E-1,3.1E-1,2.82E0));
#1157=LINE('',#1156,#1155);
#1158=DIRECTION('',(0.E0,0.E0,-1.E0));
#1159=VECTOR('',#1158,4.7E-1);
#1160=CARTESIAN_POINT('',(6.E-1,3.1E-1,2.82E0));
#1161=LINE('',#1160,#1159);
#1162=DIRECTION('',(0.E0,-1.E0,0.E0));
#1163=VECTOR('',#1162,1.6E-1);
#1164=CARTESIAN_POINT('',(6.E-1,4.7E-1,2.35E0));
#1165=LINE('',#1164,#1163);
#1166=DIRECTION('',(0.E0,0.E0,-1.E0));
#1167=VECTOR('',#1166,4.7E-1);
#1168=CARTESIAN_POINT('',(6.E-1,4.7E-1,2.82E0));
#1169=LINE('',#1168,#1167);
#1170=DIRECTION('',(0.E0,1.E0,0.E0));
#1171=VECTOR('',#1170,1.4E-1);
#1172=CARTESIAN_POINT('',(6.E-1,1.E-1,2.82E0));
#1173=LINE('',#1172,#1171);
#1174=DIRECTION('',(0.E0,0.E0,-1.E0));
#1175=VECTOR('',#1174,1.47E0);
#1176=CARTESIAN_POINT('',(6.E-1,1.E-1,2.82E0));
#1177=LINE('',#1176,#1175);
#1178=DIRECTION('',(0.E0,-1.E0,0.E0));
#1179=VECTOR('',#1178,1.E-1);
#1180=CARTESIAN_POINT('',(6.E-1,1.E-1,1.35E0));
#1181=LINE('',#1180,#1179);
#1182=DIRECTION('',(0.E0,1.E0,0.E0));
#1183=VECTOR('',#1182,1.4E-1);
#1184=CARTESIAN_POINT('',(6.E-1,0.E0,1.05E0));
#1185=LINE('',#1184,#1183);
#1186=DIRECTION('',(0.E0,3.846153846154E-1,9.230769230769E-1));
#1187=VECTOR('',#1186,1.3E-1);
#1188=CARTESIAN_POINT('',(6.E-1,1.4E-1,1.05E0));
#1189=LINE('',#1188,#1187);
#1190=DIRECTION('',(0.E0,1.E0,0.E0));
#1191=VECTOR('',#1190,3.E-2);
#1192=CARTESIAN_POINT('',(6.E-1,1.9E-1,1.17E0));
#1193=LINE('',#1192,#1191);
#1194=DIRECTION('',(0.E0,0.E0,-1.E0));
#1195=VECTOR('',#1194,1.18E0);
#1196=CARTESIAN_POINT('',(6.E-1,2.2E-1,2.35E0));
#1197=LINE('',#1196,#1195);
#1198=DIRECTION('',(0.E0,-1.E0,0.E0));
#1199=VECTOR('',#1198,2.E-2);
#1200=CARTESIAN_POINT('',(6.E-1,2.4E-1,2.35E0));
#1201=LINE('',#1200,#1199);
#1202=DIRECTION('',(0.E0,0.E0,1.E0));
#1203=VECTOR('',#1202,4.7E-1);
#1204=CARTESIAN_POINT('',(6.E-1,2.4E-1,2.35E0));
#1205=LINE('',#1204,#1203);
#1206=DIRECTION('',(0.E0,1.E0,0.E0));
#1207=VECTOR('',#1206,2.870296650387E-2);
#1208=CARTESIAN_POINT('',(6.E-1,6.3E-1,7.5E-1));
#1209=LINE('',#1208,#1207);
#1210=DIRECTION('',(0.E0,0.E0,-1.E0));
#1211=VECTOR('',#1210,2.E-1);
#1212=CARTESIAN_POINT('',(6.E-1,6.3E-1,7.5E-1));
#1213=LINE('',#1212,#1211);
#1214=DIRECTION('',(0.E0,1.E0,0.E0));
#1215=VECTOR('',#1214,2.5E-1);
#1216=CARTESIAN_POINT('',(6.E-1,6.3E-1,5.5E-1));
#1217=LINE('',#1216,#1215);
#1218=DIRECTION('',(0.E0,9.028605188239E-1,-4.299335803923E-1));
#1219=VECTOR('',#1218,2.451065573057E-1);
#1220=CARTESIAN_POINT('',(6.E-1,6.587029665039E-1,7.5E-1));
#1221=LINE('',#1220,#1219);
#1222=DIRECTION('',(1.E0,0.E0,0.E0));
#1223=VECTOR('',#1222,2.E-1);
#1224=CARTESIAN_POINT('',(4.E-1,3.1E-1,2.82E0));
#1225=LINE('',#1224,#1223);
#1226=DIRECTION('',(-5.773502691896E-1,-5.773502691896E-1,5.773502691896E-1));
#1227=VECTOR('',#1226,5.196152422707E-2);
#1228=CARTESIAN_POINT('',(4.E-1,3.1E-1,2.82E0));
#1229=LINE('',#1228,#1227);
#1230=DIRECTION('',(0.E0,-1.E0,0.E0));
#1231=VECTOR('',#1230,1.6E-1);
#1232=CARTESIAN_POINT('',(4.E-1,4.7E-1,2.82E0));
#1233=LINE('',#1232,#1231);
#1234=DIRECTION('',(0.E0,0.E0,-1.E0));
#1235=VECTOR('',#1234,4.7E-1);
#1236=CARTESIAN_POINT('',(4.E-1,4.7E-1,2.82E0));
#1237=LINE('',#1236,#1235);
#1238=DIRECTION('',(0.E0,-1.E0,0.E0));
#1239=VECTOR('',#1238,1.6E-1);
#1240=CARTESIAN_POINT('',(4.E-1,4.7E-1,2.35E0));
#1241=LINE('',#1240,#1239);
#1242=DIRECTION('',(0.E0,0.E0,-1.E0));
#1243=VECTOR('',#1242,4.7E-1);
#1244=CARTESIAN_POINT('',(4.E-1,3.1E-1,2.82E0));
#1245=LINE('',#1244,#1243);
#1246=DIRECTION('',(0.E0,-1.E0,0.E0));
#1247=VECTOR('',#1246,1.4E-1);
#1248=CARTESIAN_POINT('',(4.E-1,2.4E-1,2.82E0));
#1249=LINE('',#1248,#1247);
#1250=DIRECTION('',(0.E0,0.E0,1.E0));
#1251=VECTOR('',#1250,4.7E-1);
#1252=CARTESIAN_POINT('',(4.E-1,2.4E-1,2.35E0));
#1253=LINE('',#1252,#1251);
#1254=DIRECTION('',(0.E0,-1.E0,0.E0));
#1255=VECTOR('',#1254,2.E-2);
#1256=CARTESIAN_POINT('',(4.E-1,2.4E-1,2.35E0));
#1257=LINE('',#1256,#1255);
#1258=DIRECTION('',(0.E0,0.E0,-1.E0));
#1259=VECTOR('',#1258,1.18E0);
#1260=CARTESIAN_POINT('',(4.E-1,2.2E-1,2.35E0));
#1261=LINE('',#1260,#1259);
#1262=DIRECTION('',(0.E0,1.E0,0.E0));
#1263=VECTOR('',#1262,3.E-2);
#1264=CARTESIAN_POINT('',(4.E-1,1.9E-1,1.17E0));
#1265=LINE('',#1264,#1263);
#1266=DIRECTION('',(0.E0,3.846153846154E-1,9.230769230769E-1));
#1267=VECTOR('',#1266,1.3E-1);
#1268=CARTESIAN_POINT('',(4.E-1,1.4E-1,1.05E0));
#1269=LINE('',#1268,#1267);
#1270=DIRECTION('',(0.E0,1.E0,0.E0));
#1271=VECTOR('',#1270,1.4E-1);
#1272=CARTESIAN_POINT('',(4.E-1,0.E0,1.05E0));
#1273=LINE('',#1272,#1271);
#1274=DIRECTION('',(0.E0,-1.E0,0.E0));
#1275=VECTOR('',#1274,1.E-1);
#1276=CARTESIAN_POINT('',(4.E-1,1.E-1,1.35E0));
#1277=LINE('',#1276,#1275);
#1278=DIRECTION('',(0.E0,0.E0,-1.E0));
#1279=VECTOR('',#1278,1.47E0);
#1280=CARTESIAN_POINT('',(4.E-1,1.E-1,2.82E0));
#1281=LINE('',#1280,#1279);
#1282=DIRECTION('',(0.E0,-9.028605188239E-1,4.299335803923E-1));
#1283=VECTOR('',#1282,2.451065573057E-1);
#1284=CARTESIAN_POINT('',(4.E-1,8.8E-1,6.446204602399E-1));
#1285=LINE('',#1284,#1283);
#1286=DIRECTION('',(0.E0,1.E0,0.E0));
#1287=VECTOR('',#1286,2.5E-1);
#1288=CARTESIAN_POINT('',(4.E-1,6.3E-1,5.5E-1));
#1289=LINE('',#1288,#1287);
#1290=DIRECTION('',(0.E0,0.E0,-1.E0));
#1291=VECTOR('',#1290,2.E-1);
#1292=CARTESIAN_POINT('',(4.E-1,6.3E-1,7.5E-1));
#1293=LINE('',#1292,#1291);
#1294=DIRECTION('',(0.E0,-1.E0,0.E0));
#1295=VECTOR('',#1294,2.870296650387E-2);
#1296=CARTESIAN_POINT('',(4.E-1,6.587029665039E-1,7.5E-1));
#1297=LINE('',#1296,#1295);
#1298=DIRECTION('',(-5.773502691896E-1,5.773502691896E-1,5.773502691896E-1));
#1299=VECTOR('',#1298,5.196152422707E-2);
#1300=CARTESIAN_POINT('',(4.E-1,2.4E-1,2.82E0));
#1301=LINE('',#1300,#1299);
#1302=DIRECTION('',(5.773502691896E-1,5.773502691896E-1,5.773502691896E-1));
#1303=VECTOR('',#1302,5.196152422707E-2);
#1304=CARTESIAN_POINT('',(6.E-1,2.4E-1,2.82E0));
#1305=LINE('',#1304,#1303);
#1306=DIRECTION('',(5.773502691896E-1,-5.773502691896E-1,5.773502691896E-1));
#1307=VECTOR('',#1306,5.196152422707E-2);
#1308=CARTESIAN_POINT('',(6.E-1,1.E-1,2.82E0));
#1309=LINE('',#1308,#1307);
#1310=DIRECTION('',(-5.773502691896E-1,-5.773502691896E-1,5.773502691896E-1));
#1311=VECTOR('',#1310,5.196152422707E-2);
#1312=CARTESIAN_POINT('',(4.E-1,1.E-1,2.82E0));
#1313=LINE('',#1312,#1311);
#1314=DIRECTION('',(1.E0,0.E0,0.E0));
#1315=VECTOR('',#1314,2.E-1);
#1316=CARTESIAN_POINT('',(4.E-1,1.E-1,2.82E0));
#1317=LINE('',#1316,#1315);
#1318=DIRECTION('',(-1.E0,0.E0,0.E0));
#1319=VECTOR('',#1318,2.E-1);
#1320=CARTESIAN_POINT('',(6.E-1,1.E-1,1.35E0));
#1321=LINE('',#1320,#1319);
#1322=DIRECTION('',(-1.E0,0.E0,0.E0));
#1323=VECTOR('',#1322,2.E-1);
#1324=CARTESIAN_POINT('',(6.E-1,2.4E-1,2.82E0));
#1325=LINE('',#1324,#1323);
#1326=DIRECTION('',(-1.E0,0.E0,0.E0));
#1327=VECTOR('',#1326,2.E-1);
#1328=CARTESIAN_POINT('',(6.E-1,2.4E-1,2.35E0));
#1329=LINE('',#1328,#1327);
#1330=DIRECTION('',(-1.E0,0.E0,0.E0));
#1331=VECTOR('',#1330,2.E-1);
#1332=CARTESIAN_POINT('',(6.E-1,1.9E-1,1.17E0));
#1333=LINE('',#1332,#1331);
#1334=DIRECTION('',(-1.E0,0.E0,0.E0));
#1335=VECTOR('',#1334,2.E-1);
#1336=CARTESIAN_POINT('',(6.E-1,1.4E-1,1.05E0));
#1337=LINE('',#1336,#1335);
#1338=DIRECTION('',(-6.982516366580E-1,1.577634425611E-1,6.982516366580E-1));
#1339=VECTOR('',#1338,7.160742256088E-2);
#1340=CARTESIAN_POINT('',(4.E-1,6.587029665039E-1,7.5E-1));
#1341=LINE('',#1340,#1339);
#1342=DIRECTION('',(-5.773502691896E-1,-5.773502691896E-1,5.773502691896E-1));
#1343=VECTOR('',#1342,8.660254037844E-2);
#1344=CARTESIAN_POINT('',(4.E-1,6.3E-1,7.5E-1));
#1345=LINE('',#1344,#1343);
#1346=DIRECTION('',(1.E0,0.E0,0.E0));
#1347=VECTOR('',#1346,2.E-1);
#1348=CARTESIAN_POINT('',(4.E-1,6.3E-1,7.5E-1));
#1349=LINE('',#1348,#1347);
#1350=DIRECTION('',(-1.E0,0.E0,0.E0));
#1351=VECTOR('',#1350,2.E-1);
#1352=CARTESIAN_POINT('',(6.E-1,6.3E-1,5.5E-1));
#1353=LINE('',#1352,#1351);
#1354=DIRECTION('',(5.773502691896E-1,-5.773502691896E-1,5.773502691896E-1));
#1355=VECTOR('',#1354,8.660254037844E-2);
#1356=CARTESIAN_POINT('',(6.E-1,6.3E-1,7.5E-1));
#1357=LINE('',#1356,#1355);
#1358=DIRECTION('',(6.982516366580E-1,1.577634425611E-1,6.982516366580E-1));
#1359=VECTOR('',#1358,7.160742256088E-2);
#1360=CARTESIAN_POINT('',(6.E-1,6.587029665039E-1,7.5E-1));
#1361=LINE('',#1360,#1359);
#1362=DIRECTION('',(0.E0,9.028605188239E-1,-4.299335803923E-1));
#1363=VECTOR('',#1362,2.325940669923E-1);
#1364=CARTESIAN_POINT('',(6.5E-1,6.7E-1,8.E-1));
#1365=LINE('',#1364,#1363);
#1366=DIRECTION('',(1.E0,0.E0,0.E0));
#1367=VECTOR('',#1366,2.E-1);
#1368=CARTESIAN_POINT('',(6.5E-1,8.8E-1,7.E-1));
#1369=LINE('',#1368,#1367);
#1370=DIRECTION('',(0.E0,-9.028605188239E-1,4.299335803923E-1));
#1371=VECTOR('',#1370,2.325940669923E-1);
#1372=CARTESIAN_POINT('',(8.5E-1,8.8E-1,7.E-1));
#1373=LINE('',#1372,#1371);
#1374=DIRECTION('',(-1.E0,0.E0,0.E0));
#1375=VECTOR('',#1374,2.E-1);
#1376=CARTESIAN_POINT('',(8.5E-1,6.7E-1,8.E-1));
#1377=LINE('',#1376,#1375);
#1378=DIRECTION('',(0.E0,9.028605188239E-1,-4.299335803923E-1));
#1379=VECTOR('',#1378,2.325940669923E-1);
#1380=CARTESIAN_POINT('',(1.5E-1,6.7E-1,8.E-1));
#1381=LINE('',#1380,#1379);
#1382=DIRECTION('',(1.E0,0.E0,0.E0));
#1383=VECTOR('',#1382,2.E-1);
#1384=CARTESIAN_POINT('',(1.5E-1,8.8E-1,7.E-1));
#1385=LINE('',#1384,#1383);
#1386=DIRECTION('',(0.E0,-9.028605188239E-1,4.299335803923E-1));
#1387=VECTOR('',#1386,2.325940669923E-1);
#1388=CARTESIAN_POINT('',(3.5E-1,8.8E-1,7.E-1));
#1389=LINE('',#1388,#1387);
#1390=DIRECTION('',(-1.E0,0.E0,0.E0));
#1391=VECTOR('',#1390,2.E-1);
#1392=CARTESIAN_POINT('',(3.5E-1,6.7E-1,8.E-1));
#1393=LINE('',#1392,#1391);
#1394=DIRECTION('',(0.E0,9.028605188239E-1,-4.299335803923E-1));
#1395=VECTOR('',#1394,2.325940669923E-1);
#1396=CARTESIAN_POINT('',(-3.5E-1,6.7E-1,8.E-1));
#1397=LINE('',#1396,#1395);
#1398=DIRECTION('',(1.E0,0.E0,0.E0));
#1399=VECTOR('',#1398,2.E-1);
#1400=CARTESIAN_POINT('',(-3.5E-1,8.8E-1,7.E-1));
#1401=LINE('',#1400,#1399);
#1402=DIRECTION('',(0.E0,-9.028605188239E-1,4.299335803923E-1));
#1403=VECTOR('',#1402,2.325940669923E-1);
#1404=CARTESIAN_POINT('',(-1.5E-1,8.8E-1,7.E-1));
#1405=LINE('',#1404,#1403);
#1406=DIRECTION('',(-1.E0,0.E0,0.E0));
#1407=VECTOR('',#1406,2.E-1);
#1408=CARTESIAN_POINT('',(-1.5E-1,6.7E-1,8.E-1));
#1409=LINE('',#1408,#1407);
#1410=DIRECTION('',(0.E0,9.028605188239E-1,-4.299335803923E-1));
#1411=VECTOR('',#1410,2.325940669923E-1);
#1412=CARTESIAN_POINT('',(-8.5E-1,6.7E-1,8.E-1));
#1413=LINE('',#1412,#1411);
#1414=DIRECTION('',(1.E0,0.E0,0.E0));
#1415=VECTOR('',#1414,2.E-1);
#1416=CARTESIAN_POINT('',(-8.5E-1,8.8E-1,7.E-1));
#1417=LINE('',#1416,#1415);
#1418=DIRECTION('',(0.E0,-9.028605188239E-1,4.299335803923E-1));
#1419=VECTOR('',#1418,2.325940669923E-1);
#1420=CARTESIAN_POINT('',(-6.5E-1,8.8E-1,7.E-1));
#1421=LINE('',#1420,#1419);
#1422=DIRECTION('',(-1.E0,0.E0,0.E0));
#1423=VECTOR('',#1422,2.E-1);
#1424=CARTESIAN_POINT('',(-6.5E-1,6.7E-1,8.E-1));
#1425=LINE('',#1424,#1423);
#1426=DIRECTION('',(1.E0,0.E0,0.E0));
#1427=VECTOR('',#1426,6.E-1);
#1428=CARTESIAN_POINT('',(1.15E0,8.8E-1,7.E-1));
#1429=LINE('',#1428,#1427);
#1430=DIRECTION('',(-1.E0,0.E0,0.E0));
#1431=VECTOR('',#1430,6.E-1);
#1432=CARTESIAN_POINT('',(1.75E0,6.7E-1,8.E-1));
#1433=LINE('',#1432,#1431);
#1434=DIRECTION('',(0.E0,9.028605188239E-1,-4.299335803923E-1));
#1435=VECTOR('',#1434,2.325940669923E-1);
#1436=CARTESIAN_POINT('',(1.15E0,6.7E-1,8.E-1));
#1437=LINE('',#1436,#1435);
#1438=DIRECTION('',(-1.E0,0.E0,0.E0));
#1439=VECTOR('',#1438,6.E-1);
#1440=CARTESIAN_POINT('',(-1.15E0,6.7E-1,8.E-1));
#1441=LINE('',#1440,#1439);
#1442=DIRECTION('',(1.E0,0.E0,0.E0));
#1443=VECTOR('',#1442,6.E-1);
#1444=CARTESIAN_POINT('',(-1.75E0,8.8E-1,7.E-1));
#1445=LINE('',#1444,#1443);
#1446=DIRECTION('',(0.E0,-9.028605188239E-1,4.299335803923E-1));
#1447=VECTOR('',#1446,2.325940669923E-1);
#1448=CARTESIAN_POINT('',(-1.15E0,8.8E-1,7.E-1));
#1449=LINE('',#1448,#1447);
#1450=DIRECTION('',(6.982516366580E-1,-1.577634425611E-1,-6.982516366580E-1));
#1451=VECTOR('',#1450,7.160742256088E-2);
#1452=CARTESIAN_POINT('',(8.5E-1,6.7E-1,8.E-1));
#1453=LINE('',#1452,#1451);
#1454=DIRECTION('',(-5.773502691896E-1,5.773502691896E-1,-5.773502691896E-1));
#1455=VECTOR('',#1454,8.660254037844E-2);
#1456=CARTESIAN_POINT('',(1.15E0,5.8E-1,8.E-1));
#1457=LINE('',#1456,#1455);
#1458=DIRECTION('',(-5.773502691896E-1,-5.773502691896E-1,5.773502691896E-1));
#1459=VECTOR('',#1458,8.660254037844E-2);
#1460=CARTESIAN_POINT('',(9.E-1,6.3E-1,7.5E-1));
#1461=LINE('',#1460,#1459);
#1462=DIRECTION('',(1.E0,0.E0,0.E0));
#1463=VECTOR('',#1462,2.E-1);
#1464=CARTESIAN_POINT('',(9.E-1,6.3E-1,7.5E-1));
#1465=LINE('',#1464,#1463);
#1466=DIRECTION('',(-1.E0,0.E0,0.E0));
#1467=VECTOR('',#1466,2.E-1);
#1468=CARTESIAN_POINT('',(1.1E0,6.3E-1,5.5E-1));
#1469=LINE('',#1468,#1467);
#1470=DIRECTION('',(-6.982516366580E-1,-1.577634425611E-1,-6.982516366580E-1));
#1471=VECTOR('',#1470,7.160742256088E-2);
#1472=CARTESIAN_POINT('',(1.15E0,6.7E-1,8.E-1));
#1473=LINE('',#1472,#1471);
#1474=DIRECTION('',(6.982516366580E-1,1.577634425611E-1,6.982516366580E-1));
#1475=VECTOR('',#1474,7.160742256088E-2);
#1476=CARTESIAN_POINT('',(1.E-1,6.587029665039E-1,7.5E-1));
#1477=LINE('',#1476,#1475);
#1478=DIRECTION('',(5.773502691896E-1,-5.773502691896E-1,5.773502691896E-1));
#1479=VECTOR('',#1478,8.660254037844E-2);
#1480=CARTESIAN_POINT('',(1.E-1,6.3E-1,7.5E-1));
#1481=LINE('',#1480,#1479);
#1482=DIRECTION('',(-5.773502691896E-1,-5.773502691896E-1,5.773502691896E-1));
#1483=VECTOR('',#1482,8.660254037844E-2);
#1484=CARTESIAN_POINT('',(-1.E-1,6.3E-1,7.5E-1));
#1485=LINE('',#1484,#1483);
#1486=DIRECTION('',(1.E0,0.E0,0.E0));
#1487=VECTOR('',#1486,2.E-1);
#1488=CARTESIAN_POINT('',(-1.E-1,6.3E-1,7.5E-1));
#1489=LINE('',#1488,#1487);
#1490=DIRECTION('',(0.E0,-1.E0,0.E0));
#1491=VECTOR('',#1490,1.6E-1);
#1492=CARTESIAN_POINT('',(-1.E-1,4.7E-1,2.82E0));
#1493=LINE('',#1492,#1491);
#1494=DIRECTION('',(0.E0,0.E0,-1.E0));
#1495=VECTOR('',#1494,4.7E-1);
#1496=CARTESIAN_POINT('',(-1.E-1,4.7E-1,2.82E0));
#1497=LINE('',#1496,#1495);
#1498=DIRECTION('',(0.E0,-1.E0,0.E0));
#1499=VECTOR('',#1498,1.6E-1);
#1500=CARTESIAN_POINT('',(-1.E-1,4.7E-1,2.35E0));
#1501=LINE('',#1500,#1499);
#1502=DIRECTION('',(0.E0,0.E0,-1.E0));
#1503=VECTOR('',#1502,4.7E-1);
#1504=CARTESIAN_POINT('',(-1.E-1,3.1E-1,2.82E0));
#1505=LINE('',#1504,#1503);
#1506=DIRECTION('',(0.E0,-1.E0,0.E0));
#1507=VECTOR('',#1506,1.4E-1);
#1508=CARTESIAN_POINT('',(-1.E-1,2.4E-1,2.82E0));
#1509=LINE('',#1508,#1507);
#1510=DIRECTION('',(0.E0,0.E0,1.E0));
#1511=VECTOR('',#1510,4.7E-1);
#1512=CARTESIAN_POINT('',(-1.E-1,2.4E-1,2.35E0));
#1513=LINE('',#1512,#1511);
#1514=DIRECTION('',(0.E0,-1.E0,0.E0));
#1515=VECTOR('',#1514,2.E-2);
#1516=CARTESIAN_POINT('',(-1.E-1,2.4E-1,2.35E0));
#1517=LINE('',#1516,#1515);
#1518=DIRECTION('',(0.E0,0.E0,-1.E0));
#1519=VECTOR('',#1518,1.18E0);
#1520=CARTESIAN_POINT('',(-1.E-1,2.2E-1,2.35E0));
#1521=LINE('',#1520,#1519);
#1522=DIRECTION('',(0.E0,1.E0,0.E0));
#1523=VECTOR('',#1522,3.E-2);
#1524=CARTESIAN_POINT('',(-1.E-1,1.9E-1,1.17E0));
#1525=LINE('',#1524,#1523);
#1526=DIRECTION('',(0.E0,3.846153846154E-1,9.230769230769E-1));
#1527=VECTOR('',#1526,1.3E-1);
#1528=CARTESIAN_POINT('',(-1.E-1,1.4E-1,1.05E0));
#1529=LINE('',#1528,#1527);
#1530=DIRECTION('',(0.E0,1.E0,0.E0));
#1531=VECTOR('',#1530,1.4E-1);
#1532=CARTESIAN_POINT('',(-1.E-1,0.E0,1.05E0));
#1533=LINE('',#1532,#1531);
#1534=DIRECTION('',(0.E0,-1.E0,0.E0));
#1535=VECTOR('',#1534,1.E-1);
#1536=CARTESIAN_POINT('',(-1.E-1,1.E-1,1.35E0));
#1537=LINE('',#1536,#1535);
#1538=DIRECTION('',(0.E0,0.E0,-1.E0));
#1539=VECTOR('',#1538,1.47E0);
#1540=CARTESIAN_POINT('',(-1.E-1,1.E-1,2.82E0));
#1541=LINE('',#1540,#1539);
#1542=DIRECTION('',(0.E0,-9.028605188239E-1,4.299335803923E-1));
#1543=VECTOR('',#1542,2.451065573057E-1);
#1544=CARTESIAN_POINT('',(-1.E-1,8.8E-1,6.446204602399E-1));
#1545=LINE('',#1544,#1543);
#1546=DIRECTION('',(0.E0,1.E0,0.E0));
#1547=VECTOR('',#1546,2.5E-1);
#1548=CARTESIAN_POINT('',(-1.E-1,6.3E-1,5.5E-1));
#1549=LINE('',#1548,#1547);
#1550=DIRECTION('',(0.E0,0.E0,-1.E0));
#1551=VECTOR('',#1550,2.E-1);
#1552=CARTESIAN_POINT('',(-1.E-1,6.3E-1,7.5E-1));
#1553=LINE('',#1552,#1551);
#1554=DIRECTION('',(0.E0,-1.E0,0.E0));
#1555=VECTOR('',#1554,2.870296650387E-2);
#1556=CARTESIAN_POINT('',(-1.E-1,6.587029665039E-1,7.5E-1));
#1557=LINE('',#1556,#1555);
#1558=DIRECTION('',(-5.773502691896E-1,-5.773502691896E-1,5.773502691896E-1));
#1559=VECTOR('',#1558,5.196152422707E-2);
#1560=CARTESIAN_POINT('',(-1.E-1,3.1E-1,2.82E0));
#1561=LINE('',#1560,#1559);
#1562=DIRECTION('',(1.E0,0.E0,0.E0));
#1563=VECTOR('',#1562,2.E-1);
#1564=CARTESIAN_POINT('',(-1.E-1,3.1E-1,2.82E0));
#1565=LINE('',#1564,#1563);
#1566=DIRECTION('',(0.E0,1.E0,0.E0));
#1567=VECTOR('',#1566,1.6E-1);
#1568=CARTESIAN_POINT('',(1.E-1,3.1E-1,2.82E0));
#1569=LINE('',#1568,#1567);
#1570=DIRECTION('',(0.E0,0.E0,-1.E0));
#1571=VECTOR('',#1570,4.7E-1);
#1572=CARTESIAN_POINT('',(1.E-1,3.1E-1,2.82E0));
#1573=LINE('',#1572,#1571);
#1574=DIRECTION('',(0.E0,-1.E0,0.E0));
#1575=VECTOR('',#1574,1.6E-1);
#1576=CARTESIAN_POINT('',(1.E-1,4.7E-1,2.35E0));
#1577=LINE('',#1576,#1575);
#1578=DIRECTION('',(0.E0,0.E0,-1.E0));
#1579=VECTOR('',#1578,4.7E-1);
#1580=CARTESIAN_POINT('',(1.E-1,4.7E-1,2.82E0));
#1581=LINE('',#1580,#1579);
#1582=DIRECTION('',(0.E0,1.E0,0.E0));
#1583=VECTOR('',#1582,1.4E-1);
#1584=CARTESIAN_POINT('',(1.E-1,1.E-1,2.82E0));
#1585=LINE('',#1584,#1583);
#1586=DIRECTION('',(0.E0,0.E0,-1.E0));
#1587=VECTOR('',#1586,1.47E0);
#1588=CARTESIAN_POINT('',(1.E-1,1.E-1,2.82E0));
#1589=LINE('',#1588,#1587);
#1590=DIRECTION('',(0.E0,-1.E0,0.E0));
#1591=VECTOR('',#1590,1.E-1);
#1592=CARTESIAN_POINT('',(1.E-1,1.E-1,1.35E0));
#1593=LINE('',#1592,#1591);
#1594=DIRECTION('',(0.E0,1.E0,0.E0));
#1595=VECTOR('',#1594,1.4E-1);
#1596=CARTESIAN_POINT('',(1.E-1,0.E0,1.05E0));
#1597=LINE('',#1596,#1595);
#1598=DIRECTION('',(0.E0,3.846153846154E-1,9.230769230769E-1));
#1599=VECTOR('',#1598,1.3E-1);
#1600=CARTESIAN_POINT('',(1.E-1,1.4E-1,1.05E0));
#1601=LINE('',#1600,#1599);
#1602=DIRECTION('',(0.E0,1.E0,0.E0));
#1603=VECTOR('',#1602,3.E-2);
#1604=CARTESIAN_POINT('',(1.E-1,1.9E-1,1.17E0));
#1605=LINE('',#1604,#1603);
#1606=DIRECTION('',(0.E0,0.E0,-1.E0));
#1607=VECTOR('',#1606,1.18E0);
#1608=CARTESIAN_POINT('',(1.E-1,2.2E-1,2.35E0));
#1609=LINE('',#1608,#1607);
#1610=DIRECTION('',(0.E0,-1.E0,0.E0));
#1611=VECTOR('',#1610,2.E-2);
#1612=CARTESIAN_POINT('',(1.E-1,2.4E-1,2.35E0));
#1613=LINE('',#1612,#1611);
#1614=DIRECTION('',(0.E0,0.E0,1.E0));
#1615=VECTOR('',#1614,4.7E-1);
#1616=CARTESIAN_POINT('',(1.E-1,2.4E-1,2.35E0));
#1617=LINE('',#1616,#1615);
#1618=DIRECTION('',(0.E0,1.E0,0.E0));
#1619=VECTOR('',#1618,2.870296650387E-2);
#1620=CARTESIAN_POINT('',(1.E-1,6.3E-1,7.5E-1));
#1621=LINE('',#1620,#1619);
#1622=DIRECTION('',(0.E0,0.E0,-1.E0));
#1623=VECTOR('',#1622,2.E-1);
#1624=CARTESIAN_POINT('',(1.E-1,6.3E-1,7.5E-1));
#1625=LINE('',#1624,#1623);
#1626=DIRECTION('',(0.E0,1.E0,0.E0));
#1627=VECTOR('',#1626,2.5E-1);
#1628=CARTESIAN_POINT('',(1.E-1,6.3E-1,5.5E-1));
#1629=LINE('',#1628,#1627);
#1630=DIRECTION('',(0.E0,9.028605188239E-1,-4.299335803923E-1));
#1631=VECTOR('',#1630,2.451065573057E-1);
#1632=CARTESIAN_POINT('',(1.E-1,6.587029665039E-1,7.5E-1));
#1633=LINE('',#1632,#1631);
#1634=DIRECTION('',(5.773502691896E-1,-5.773502691896E-1,5.773502691896E-1));
#1635=VECTOR('',#1634,5.196152422707E-2);
#1636=CARTESIAN_POINT('',(1.E-1,3.1E-1,2.82E0));
#1637=LINE('',#1636,#1635);
#1638=DIRECTION('',(5.773502691896E-1,-5.773502691896E-1,5.773502691896E-1));
#1639=VECTOR('',#1638,5.196152422707E-2);
#1640=CARTESIAN_POINT('',(1.E-1,1.E-1,2.82E0));
#1641=LINE('',#1640,#1639);
#1642=DIRECTION('',(-5.773502691896E-1,-5.773502691896E-1,5.773502691896E-1));
#1643=VECTOR('',#1642,5.196152422707E-2);
#1644=CARTESIAN_POINT('',(-1.E-1,1.E-1,2.82E0));
#1645=LINE('',#1644,#1643);
#1646=DIRECTION('',(1.E0,0.E0,0.E0));
#1647=VECTOR('',#1646,2.E-1);
#1648=CARTESIAN_POINT('',(-1.E-1,1.E-1,2.82E0));
#1649=LINE('',#1648,#1647);
#1650=DIRECTION('',(-1.E0,0.E0,0.E0));
#1651=VECTOR('',#1650,2.E-1);
#1652=CARTESIAN_POINT('',(1.E-1,1.E-1,1.35E0));
#1653=LINE('',#1652,#1651);
#1654=DIRECTION('',(-5.773502691896E-1,5.773502691896E-1,5.773502691896E-1));
#1655=VECTOR('',#1654,5.196152422707E-2);
#1656=CARTESIAN_POINT('',(-1.E-1,2.4E-1,2.82E0));
#1657=LINE('',#1656,#1655);
#1658=DIRECTION('',(5.773502691896E-1,5.773502691896E-1,5.773502691896E-1));
#1659=VECTOR('',#1658,5.196152422707E-2);
#1660=CARTESIAN_POINT('',(1.E-1,2.4E-1,2.82E0));
#1661=LINE('',#1660,#1659);
#1662=DIRECTION('',(-1.E0,0.E0,0.E0));
#1663=VECTOR('',#1662,2.E-1);
#1664=CARTESIAN_POINT('',(1.E-1,2.4E-1,2.82E0));
#1665=LINE('',#1664,#1663);
#1666=DIRECTION('',(-1.E0,0.E0,0.E0));
#1667=VECTOR('',#1666,2.E-1);
#1668=CARTESIAN_POINT('',(1.E-1,2.4E-1,2.35E0));
#1669=LINE('',#1668,#1667);
#1670=DIRECTION('',(-1.E0,0.E0,0.E0));
#1671=VECTOR('',#1670,2.E-1);
#1672=CARTESIAN_POINT('',(1.E-1,1.4E-1,1.05E0));
#1673=LINE('',#1672,#1671);
#1674=DIRECTION('',(-1.E0,0.E0,0.E0));
#1675=VECTOR('',#1674,2.E-1);
#1676=CARTESIAN_POINT('',(1.E-1,1.9E-1,1.17E0));
#1677=LINE('',#1676,#1675);
#1678=DIRECTION('',(-1.E0,0.E0,0.E0));
#1679=VECTOR('',#1678,2.E-1);
#1680=CARTESIAN_POINT('',(1.E-1,6.3E-1,5.5E-1));
#1681=LINE('',#1680,#1679);
#1682=DIRECTION('',(-6.982516366580E-1,1.577634425611E-1,6.982516366580E-1));
#1683=VECTOR('',#1682,7.160742256088E-2);
#1684=CARTESIAN_POINT('',(-1.E-1,6.587029665039E-1,7.5E-1));
#1685=LINE('',#1684,#1683);
#1686=DIRECTION('',(6.982516366580E-1,1.577634425611E-1,6.982516366580E-1));
#1687=VECTOR('',#1686,7.160742256088E-2);
#1688=CARTESIAN_POINT('',(-4.E-1,6.587029665039E-1,7.5E-1));
#1689=LINE('',#1688,#1687);
#1690=DIRECTION('',(5.773502691896E-1,-5.773502691896E-1,5.773502691896E-1));
#1691=VECTOR('',#1690,8.660254037844E-2);
#1692=CARTESIAN_POINT('',(-4.E-1,6.3E-1,7.5E-1));
#1693=LINE('',#1692,#1691);
#1694=DIRECTION('',(-5.773502691896E-1,-5.773502691896E-1,5.773502691896E-1));
#1695=VECTOR('',#1694,8.660254037844E-2);
#1696=CARTESIAN_POINT('',(-6.E-1,6.3E-1,7.5E-1));
#1697=LINE('',#1696,#1695);
#1698=DIRECTION('',(1.E0,0.E0,0.E0));
#1699=VECTOR('',#1698,2.E-1);
#1700=CARTESIAN_POINT('',(-6.E-1,6.3E-1,7.5E-1));
#1701=LINE('',#1700,#1699);
#1702=DIRECTION('',(0.E0,-1.E0,0.E0));
#1703=VECTOR('',#1702,1.6E-1);
#1704=CARTESIAN_POINT('',(-6.E-1,4.7E-1,2.82E0));
#1705=LINE('',#1704,#1703);
#1706=DIRECTION('',(0.E0,0.E0,-1.E0));
#1707=VECTOR('',#1706,4.7E-1);
#1708=CARTESIAN_POINT('',(-6.E-1,4.7E-1,2.82E0));
#1709=LINE('',#1708,#1707);
#1710=DIRECTION('',(0.E0,-1.E0,0.E0));
#1711=VECTOR('',#1710,1.6E-1);
#1712=CARTESIAN_POINT('',(-6.E-1,4.7E-1,2.35E0));
#1713=LINE('',#1712,#1711);
#1714=DIRECTION('',(0.E0,0.E0,-1.E0));
#1715=VECTOR('',#1714,4.7E-1);
#1716=CARTESIAN_POINT('',(-6.E-1,3.1E-1,2.82E0));
#1717=LINE('',#1716,#1715);
#1718=DIRECTION('',(0.E0,-1.E0,0.E0));
#1719=VECTOR('',#1718,1.4E-1);
#1720=CARTESIAN_POINT('',(-6.E-1,2.4E-1,2.82E0));
#1721=LINE('',#1720,#1719);
#1722=DIRECTION('',(0.E0,0.E0,1.E0));
#1723=VECTOR('',#1722,4.7E-1);
#1724=CARTESIAN_POINT('',(-6.E-1,2.4E-1,2.35E0));
#1725=LINE('',#1724,#1723);
#1726=DIRECTION('',(0.E0,-1.E0,0.E0));
#1727=VECTOR('',#1726,2.E-2);
#1728=CARTESIAN_POINT('',(-6.E-1,2.4E-1,2.35E0));
#1729=LINE('',#1728,#1727);
#1730=DIRECTION('',(0.E0,0.E0,-1.E0));
#1731=VECTOR('',#1730,1.18E0);
#1732=CARTESIAN_POINT('',(-6.E-1,2.2E-1,2.35E0));
#1733=LINE('',#1732,#1731);
#1734=DIRECTION('',(0.E0,1.E0,0.E0));
#1735=VECTOR('',#1734,3.E-2);
#1736=CARTESIAN_POINT('',(-6.E-1,1.9E-1,1.17E0));
#1737=LINE('',#1736,#1735);
#1738=DIRECTION('',(0.E0,3.846153846154E-1,9.230769230769E-1));
#1739=VECTOR('',#1738,1.3E-1);
#1740=CARTESIAN_POINT('',(-6.E-1,1.4E-1,1.05E0));
#1741=LINE('',#1740,#1739);
#1742=DIRECTION('',(0.E0,1.E0,0.E0));
#1743=VECTOR('',#1742,1.4E-1);
#1744=CARTESIAN_POINT('',(-6.E-1,0.E0,1.05E0));
#1745=LINE('',#1744,#1743);
#1746=DIRECTION('',(0.E0,-1.E0,0.E0));
#1747=VECTOR('',#1746,1.E-1);
#1748=CARTESIAN_POINT('',(-6.E-1,1.E-1,1.35E0));
#1749=LINE('',#1748,#1747);
#1750=DIRECTION('',(0.E0,0.E0,-1.E0));
#1751=VECTOR('',#1750,1.47E0);
#1752=CARTESIAN_POINT('',(-6.E-1,1.E-1,2.82E0));
#1753=LINE('',#1752,#1751);
#1754=DIRECTION('',(0.E0,-9.028605188239E-1,4.299335803923E-1));
#1755=VECTOR('',#1754,2.451065573057E-1);
#1756=CARTESIAN_POINT('',(-6.E-1,8.8E-1,6.446204602399E-1));
#1757=LINE('',#1756,#1755);
#1758=DIRECTION('',(0.E0,1.E0,0.E0));
#1759=VECTOR('',#1758,2.5E-1);
#1760=CARTESIAN_POINT('',(-6.E-1,6.3E-1,5.5E-1));
#1761=LINE('',#1760,#1759);
#1762=DIRECTION('',(0.E0,0.E0,-1.E0));
#1763=VECTOR('',#1762,2.E-1);
#1764=CARTESIAN_POINT('',(-6.E-1,6.3E-1,7.5E-1));
#1765=LINE('',#1764,#1763);
#1766=DIRECTION('',(0.E0,-1.E0,0.E0));
#1767=VECTOR('',#1766,2.870296650387E-2);
#1768=CARTESIAN_POINT('',(-6.E-1,6.587029665039E-1,7.5E-1));
#1769=LINE('',#1768,#1767);
#1770=DIRECTION('',(-5.773502691896E-1,-5.773502691896E-1,5.773502691896E-1));
#1771=VECTOR('',#1770,5.196152422707E-2);
#1772=CARTESIAN_POINT('',(-6.E-1,3.1E-1,2.82E0));
#1773=LINE('',#1772,#1771);
#1774=DIRECTION('',(1.E0,0.E0,0.E0));
#1775=VECTOR('',#1774,2.E-1);
#1776=CARTESIAN_POINT('',(-6.E-1,3.1E-1,2.82E0));
#1777=LINE('',#1776,#1775);
#1778=DIRECTION('',(0.E0,1.E0,0.E0));
#1779=VECTOR('',#1778,1.6E-1);
#1780=CARTESIAN_POINT('',(-4.E-1,3.1E-1,2.82E0));
#1781=LINE('',#1780,#1779);
#1782=DIRECTION('',(0.E0,0.E0,-1.E0));
#1783=VECTOR('',#1782,4.7E-1);
#1784=CARTESIAN_POINT('',(-4.E-1,3.1E-1,2.82E0));
#1785=LINE('',#1784,#1783);
#1786=DIRECTION('',(0.E0,-1.E0,0.E0));
#1787=VECTOR('',#1786,1.6E-1);
#1788=CARTESIAN_POINT('',(-4.E-1,4.7E-1,2.35E0));
#1789=LINE('',#1788,#1787);
#1790=DIRECTION('',(0.E0,0.E0,-1.E0));
#1791=VECTOR('',#1790,4.7E-1);
#1792=CARTESIAN_POINT('',(-4.E-1,4.7E-1,2.82E0));
#1793=LINE('',#1792,#1791);
#1794=DIRECTION('',(0.E0,1.E0,0.E0));
#1795=VECTOR('',#1794,1.4E-1);
#1796=CARTESIAN_POINT('',(-4.E-1,1.E-1,2.82E0));
#1797=LINE('',#1796,#1795);
#1798=DIRECTION('',(0.E0,0.E0,-1.E0));
#1799=VECTOR('',#1798,1.47E0);
#1800=CARTESIAN_POINT('',(-4.E-1,1.E-1,2.82E0));
#1801=LINE('',#1800,#1799);
#1802=DIRECTION('',(0.E0,-1.E0,0.E0));
#1803=VECTOR('',#1802,1.E-1);
#1804=CARTESIAN_POINT('',(-4.E-1,1.E-1,1.35E0));
#1805=LINE('',#1804,#1803);
#1806=DIRECTION('',(0.E0,1.E0,0.E0));
#1807=VECTOR('',#1806,1.4E-1);
#1808=CARTESIAN_POINT('',(-4.E-1,0.E0,1.05E0));
#1809=LINE('',#1808,#1807);
#1810=DIRECTION('',(0.E0,3.846153846154E-1,9.230769230769E-1));
#1811=VECTOR('',#1810,1.3E-1);
#1812=CARTESIAN_POINT('',(-4.E-1,1.4E-1,1.05E0));
#1813=LINE('',#1812,#1811);
#1814=DIRECTION('',(0.E0,1.E0,0.E0));
#1815=VECTOR('',#1814,3.E-2);
#1816=CARTESIAN_POINT('',(-4.E-1,1.9E-1,1.17E0));
#1817=LINE('',#1816,#1815);
#1818=DIRECTION('',(0.E0,0.E0,-1.E0));
#1819=VECTOR('',#1818,1.18E0);
#1820=CARTESIAN_POINT('',(-4.E-1,2.2E-1,2.35E0));
#1821=LINE('',#1820,#1819);
#1822=DIRECTION('',(0.E0,-1.E0,0.E0));
#1823=VECTOR('',#1822,2.E-2);
#1824=CARTESIAN_POINT('',(-4.E-1,2.4E-1,2.35E0));
#1825=LINE('',#1824,#1823);
#1826=DIRECTION('',(0.E0,0.E0,1.E0));
#1827=VECTOR('',#1826,4.7E-1);
#1828=CARTESIAN_POINT('',(-4.E-1,2.4E-1,2.35E0));
#1829=LINE('',#1828,#1827);
#1830=DIRECTION('',(0.E0,1.E0,0.E0));
#1831=VECTOR('',#1830,2.870296650387E-2);
#1832=CARTESIAN_POINT('',(-4.E-1,6.3E-1,7.5E-1));
#1833=LINE('',#1832,#1831);
#1834=DIRECTION('',(0.E0,0.E0,-1.E0));
#1835=VECTOR('',#1834,2.E-1);
#1836=CARTESIAN_POINT('',(-4.E-1,6.3E-1,7.5E-1));
#1837=LINE('',#1836,#1835);
#1838=DIRECTION('',(0.E0,1.E0,0.E0));
#1839=VECTOR('',#1838,2.5E-1);
#1840=CARTESIAN_POINT('',(-4.E-1,6.3E-1,5.5E-1));
#1841=LINE('',#1840,#1839);
#1842=DIRECTION('',(0.E0,9.028605188239E-1,-4.299335803923E-1));
#1843=VECTOR('',#1842,2.451065573057E-1);
#1844=CARTESIAN_POINT('',(-4.E-1,6.587029665039E-1,7.5E-1));
#1845=LINE('',#1844,#1843);
#1846=DIRECTION('',(5.773502691896E-1,-5.773502691896E-1,5.773502691896E-1));
#1847=VECTOR('',#1846,5.196152422707E-2);
#1848=CARTESIAN_POINT('',(-4.E-1,3.1E-1,2.82E0));
#1849=LINE('',#1848,#1847);
#1850=DIRECTION('',(5.773502691896E-1,-5.773502691896E-1,5.773502691896E-1));
#1851=VECTOR('',#1850,5.196152422707E-2);
#1852=CARTESIAN_POINT('',(-4.E-1,1.E-1,2.82E0));
#1853=LINE('',#1852,#1851);
#1854=DIRECTION('',(-5.773502691896E-1,-5.773502691896E-1,5.773502691896E-1));
#1855=VECTOR('',#1854,5.196152422707E-2);
#1856=CARTESIAN_POINT('',(-6.E-1,1.E-1,2.82E0));
#1857=LINE('',#1856,#1855);
#1858=DIRECTION('',(1.E0,0.E0,0.E0));
#1859=VECTOR('',#1858,2.E-1);
#1860=CARTESIAN_POINT('',(-6.E-1,1.E-1,2.82E0));
#1861=LINE('',#1860,#1859);
#1862=DIRECTION('',(-1.E0,0.E0,0.E0));
#1863=VECTOR('',#1862,2.E-1);
#1864=CARTESIAN_POINT('',(-4.E-1,1.E-1,1.35E0));
#1865=LINE('',#1864,#1863);
#1866=DIRECTION('',(-5.773502691896E-1,5.773502691896E-1,5.773502691896E-1));
#1867=VECTOR('',#1866,5.196152422707E-2);
#1868=CARTESIAN_POINT('',(-6.E-1,2.4E-1,2.82E0));
#1869=LINE('',#1868,#1867);
#1870=DIRECTION('',(5.773502691896E-1,5.773502691896E-1,5.773502691896E-1));
#1871=VECTOR('',#1870,5.196152422707E-2);
#1872=CARTESIAN_POINT('',(-4.E-1,2.4E-1,2.82E0));
#1873=LINE('',#1872,#1871);
#1874=DIRECTION('',(-1.E0,0.E0,0.E0));
#1875=VECTOR('',#1874,2.E-1);
#1876=CARTESIAN_POINT('',(-4.E-1,2.4E-1,2.82E0));
#1877=LINE('',#1876,#1875);
#1878=DIRECTION('',(-1.E0,0.E0,0.E0));
#1879=VECTOR('',#1878,2.E-1);
#1880=CARTESIAN_POINT('',(-4.E-1,2.4E-1,2.35E0));
#1881=LINE('',#1880,#1879);
#1882=DIRECTION('',(-1.E0,0.E0,0.E0));
#1883=VECTOR('',#1882,2.E-1);
#1884=CARTESIAN_POINT('',(-4.E-1,1.4E-1,1.05E0));
#1885=LINE('',#1884,#1883);
#1886=DIRECTION('',(-1.E0,0.E0,0.E0));
#1887=VECTOR('',#1886,2.E-1);
#1888=CARTESIAN_POINT('',(-4.E-1,1.9E-1,1.17E0));
#1889=LINE('',#1888,#1887);
#1890=DIRECTION('',(-1.E0,0.E0,0.E0));
#1891=VECTOR('',#1890,2.E-1);
#1892=CARTESIAN_POINT('',(-4.E-1,6.3E-1,5.5E-1));
#1893=LINE('',#1892,#1891);
#1894=DIRECTION('',(-6.982516366580E-1,1.577634425611E-1,6.982516366580E-1));
#1895=VECTOR('',#1894,7.160742256088E-2);
#1896=CARTESIAN_POINT('',(-6.E-1,6.587029665039E-1,7.5E-1));
#1897=LINE('',#1896,#1895);
#1898=DIRECTION('',(6.982516366580E-1,1.577634425611E-1,6.982516366580E-1));
#1899=VECTOR('',#1898,7.160742256088E-2);
#1900=CARTESIAN_POINT('',(-9.E-1,6.587029665039E-1,7.5E-1));
#1901=LINE('',#1900,#1899);
#1902=DIRECTION('',(5.773502691896E-1,-5.773502691896E-1,5.773502691896E-1));
#1903=VECTOR('',#1902,8.660254037844E-2);
#1904=CARTESIAN_POINT('',(-9.E-1,6.3E-1,7.5E-1));
#1905=LINE('',#1904,#1903);
#1906=DIRECTION('',(-5.773502691896E-1,-5.773502691896E-1,5.773502691896E-1));
#1907=VECTOR('',#1906,8.660254037844E-2);
#1908=CARTESIAN_POINT('',(-1.1E0,6.3E-1,7.5E-1));
#1909=LINE('',#1908,#1907);
#1910=DIRECTION('',(1.E0,0.E0,0.E0));
#1911=VECTOR('',#1910,2.E-1);
#1912=CARTESIAN_POINT('',(-1.1E0,6.3E-1,7.5E-1));
#1913=LINE('',#1912,#1911);
#1914=DIRECTION('',(0.E0,-1.E0,0.E0));
#1915=VECTOR('',#1914,1.6E-1);
#1916=CARTESIAN_POINT('',(-1.1E0,4.7E-1,2.82E0));
#1917=LINE('',#1916,#1915);
#1918=DIRECTION('',(0.E0,0.E0,-1.E0));
#1919=VECTOR('',#1918,4.7E-1);
#1920=CARTESIAN_POINT('',(-1.1E0,4.7E-1,2.82E0));
#1921=LINE('',#1920,#1919);
#1922=DIRECTION('',(0.E0,-1.E0,0.E0));
#1923=VECTOR('',#1922,1.6E-1);
#1924=CARTESIAN_POINT('',(-1.1E0,4.7E-1,2.35E0));
#1925=LINE('',#1924,#1923);
#1926=DIRECTION('',(0.E0,0.E0,-1.E0));
#1927=VECTOR('',#1926,4.7E-1);
#1928=CARTESIAN_POINT('',(-1.1E0,3.1E-1,2.82E0));
#1929=LINE('',#1928,#1927);
#1930=DIRECTION('',(0.E0,-1.E0,0.E0));
#1931=VECTOR('',#1930,1.4E-1);
#1932=CARTESIAN_POINT('',(-1.1E0,2.4E-1,2.82E0));
#1933=LINE('',#1932,#1931);
#1934=DIRECTION('',(0.E0,0.E0,1.E0));
#1935=VECTOR('',#1934,4.7E-1);
#1936=CARTESIAN_POINT('',(-1.1E0,2.4E-1,2.35E0));
#1937=LINE('',#1936,#1935);
#1938=DIRECTION('',(0.E0,-1.E0,0.E0));
#1939=VECTOR('',#1938,2.E-2);
#1940=CARTESIAN_POINT('',(-1.1E0,2.4E-1,2.35E0));
#1941=LINE('',#1940,#1939);
#1942=DIRECTION('',(0.E0,0.E0,-1.E0));
#1943=VECTOR('',#1942,1.18E0);
#1944=CARTESIAN_POINT('',(-1.1E0,2.2E-1,2.35E0));
#1945=LINE('',#1944,#1943);
#1946=DIRECTION('',(0.E0,1.E0,0.E0));
#1947=VECTOR('',#1946,3.E-2);
#1948=CARTESIAN_POINT('',(-1.1E0,1.9E-1,1.17E0));
#1949=LINE('',#1948,#1947);
#1950=DIRECTION('',(0.E0,3.846153846154E-1,9.230769230769E-1));
#1951=VECTOR('',#1950,1.3E-1);
#1952=CARTESIAN_POINT('',(-1.1E0,1.4E-1,1.05E0));
#1953=LINE('',#1952,#1951);
#1954=DIRECTION('',(0.E0,1.E0,0.E0));
#1955=VECTOR('',#1954,1.4E-1);
#1956=CARTESIAN_POINT('',(-1.1E0,0.E0,1.05E0));
#1957=LINE('',#1956,#1955);
#1958=DIRECTION('',(0.E0,-1.E0,0.E0));
#1959=VECTOR('',#1958,1.E-1);
#1960=CARTESIAN_POINT('',(-1.1E0,1.E-1,1.35E0));
#1961=LINE('',#1960,#1959);
#1962=DIRECTION('',(0.E0,0.E0,-1.E0));
#1963=VECTOR('',#1962,1.47E0);
#1964=CARTESIAN_POINT('',(-1.1E0,1.E-1,2.82E0));
#1965=LINE('',#1964,#1963);
#1966=DIRECTION('',(0.E0,-9.028605188239E-1,4.299335803923E-1));
#1967=VECTOR('',#1966,2.451065573057E-1);
#1968=CARTESIAN_POINT('',(-1.1E0,8.8E-1,6.446204602399E-1));
#1969=LINE('',#1968,#1967);
#1970=DIRECTION('',(0.E0,1.E0,0.E0));
#1971=VECTOR('',#1970,2.5E-1);
#1972=CARTESIAN_POINT('',(-1.1E0,6.3E-1,5.5E-1));
#1973=LINE('',#1972,#1971);
#1974=DIRECTION('',(0.E0,0.E0,-1.E0));
#1975=VECTOR('',#1974,2.E-1);
#1976=CARTESIAN_POINT('',(-1.1E0,6.3E-1,7.5E-1));
#1977=LINE('',#1976,#1975);
#1978=DIRECTION('',(0.E0,-1.E0,0.E0));
#1979=VECTOR('',#1978,2.870296650387E-2);
#1980=CARTESIAN_POINT('',(-1.1E0,6.587029665039E-1,7.5E-1));
#1981=LINE('',#1980,#1979);
#1982=DIRECTION('',(-5.773502691896E-1,-5.773502691896E-1,5.773502691896E-1));
#1983=VECTOR('',#1982,5.196152422707E-2);
#1984=CARTESIAN_POINT('',(-1.1E0,3.1E-1,2.82E0));
#1985=LINE('',#1984,#1983);
#1986=DIRECTION('',(1.E0,0.E0,0.E0));
#1987=VECTOR('',#1986,2.E-1);
#1988=CARTESIAN_POINT('',(-1.1E0,3.1E-1,2.82E0));
#1989=LINE('',#1988,#1987);
#1990=DIRECTION('',(0.E0,1.E0,0.E0));
#1991=VECTOR('',#1990,1.6E-1);
#1992=CARTESIAN_POINT('',(-9.E-1,3.1E-1,2.82E0));
#1993=LINE('',#1992,#1991);
#1994=DIRECTION('',(0.E0,0.E0,-1.E0));
#1995=VECTOR('',#1994,4.7E-1);
#1996=CARTESIAN_POINT('',(-9.E-1,3.1E-1,2.82E0));
#1997=LINE('',#1996,#1995);
#1998=DIRECTION('',(0.E0,-1.E0,0.E0));
#1999=VECTOR('',#1998,1.6E-1);
#2000=CARTESIAN_POINT('',(-9.E-1,4.7E-1,2.35E0));
#2001=LINE('',#2000,#1999);
#2002=DIRECTION('',(0.E0,0.E0,-1.E0));
#2003=VECTOR('',#2002,4.7E-1);
#2004=CARTESIAN_POINT('',(-9.E-1,4.7E-1,2.82E0));
#2005=LINE('',#2004,#2003);
#2006=DIRECTION('',(0.E0,1.E0,0.E0));
#2007=VECTOR('',#2006,1.4E-1);
#2008=CARTESIAN_POINT('',(-9.E-1,1.E-1,2.82E0));
#2009=LINE('',#2008,#2007);
#2010=DIRECTION('',(0.E0,0.E0,-1.E0));
#2011=VECTOR('',#2010,1.47E0);
#2012=CARTESIAN_POINT('',(-9.E-1,1.E-1,2.82E0));
#2013=LINE('',#2012,#2011);
#2014=DIRECTION('',(0.E0,-1.E0,0.E0));
#2015=VECTOR('',#2014,1.E-1);
#2016=CARTESIAN_POINT('',(-9.E-1,1.E-1,1.35E0));
#2017=LINE('',#2016,#2015);
#2018=DIRECTION('',(0.E0,1.E0,0.E0));
#2019=VECTOR('',#2018,1.4E-1);
#2020=CARTESIAN_POINT('',(-9.E-1,0.E0,1.05E0));
#2021=LINE('',#2020,#2019);
#2022=DIRECTION('',(0.E0,3.846153846154E-1,9.230769230769E-1));
#2023=VECTOR('',#2022,1.3E-1);
#2024=CARTESIAN_POINT('',(-9.E-1,1.4E-1,1.05E0));
#2025=LINE('',#2024,#2023);
#2026=DIRECTION('',(0.E0,1.E0,0.E0));
#2027=VECTOR('',#2026,3.E-2);
#2028=CARTESIAN_POINT('',(-9.E-1,1.9E-1,1.17E0));
#2029=LINE('',#2028,#2027);
#2030=DIRECTION('',(0.E0,0.E0,-1.E0));
#2031=VECTOR('',#2030,1.18E0);
#2032=CARTESIAN_POINT('',(-9.E-1,2.2E-1,2.35E0));
#2033=LINE('',#2032,#2031);
#2034=DIRECTION('',(0.E0,-1.E0,0.E0));
#2035=VECTOR('',#2034,2.E-2);
#2036=CARTESIAN_POINT('',(-9.E-1,2.4E-1,2.35E0));
#2037=LINE('',#2036,#2035);
#2038=DIRECTION('',(0.E0,0.E0,1.E0));
#2039=VECTOR('',#2038,4.7E-1);
#2040=CARTESIAN_POINT('',(-9.E-1,2.4E-1,2.35E0));
#2041=LINE('',#2040,#2039);
#2042=DIRECTION('',(0.E0,1.E0,0.E0));
#2043=VECTOR('',#2042,2.870296650387E-2);
#2044=CARTESIAN_POINT('',(-9.E-1,6.3E-1,7.5E-1));
#2045=LINE('',#2044,#2043);
#2046=DIRECTION('',(0.E0,0.E0,-1.E0));
#2047=VECTOR('',#2046,2.E-1);
#2048=CARTESIAN_POINT('',(-9.E-1,6.3E-1,7.5E-1));
#2049=LINE('',#2048,#2047);
#2050=DIRECTION('',(0.E0,1.E0,0.E0));
#2051=VECTOR('',#2050,2.5E-1);
#2052=CARTESIAN_POINT('',(-9.E-1,6.3E-1,5.5E-1));
#2053=LINE('',#2052,#2051);
#2054=DIRECTION('',(0.E0,9.028605188239E-1,-4.299335803923E-1));
#2055=VECTOR('',#2054,2.451065573057E-1);
#2056=CARTESIAN_POINT('',(-9.E-1,6.587029665039E-1,7.5E-1));
#2057=LINE('',#2056,#2055);
#2058=DIRECTION('',(5.773502691896E-1,-5.773502691896E-1,5.773502691896E-1));
#2059=VECTOR('',#2058,5.196152422707E-2);
#2060=CARTESIAN_POINT('',(-9.E-1,3.1E-1,2.82E0));
#2061=LINE('',#2060,#2059);
#2062=DIRECTION('',(5.773502691896E-1,-5.773502691896E-1,5.773502691896E-1));
#2063=VECTOR('',#2062,5.196152422707E-2);
#2064=CARTESIAN_POINT('',(-9.E-1,1.E-1,2.82E0));
#2065=LINE('',#2064,#2063);
#2066=DIRECTION('',(-5.773502691896E-1,-5.773502691896E-1,5.773502691896E-1));
#2067=VECTOR('',#2066,5.196152422707E-2);
#2068=CARTESIAN_POINT('',(-1.1E0,1.E-1,2.82E0));
#2069=LINE('',#2068,#2067);
#2070=DIRECTION('',(1.E0,0.E0,0.E0));
#2071=VECTOR('',#2070,2.E-1);
#2072=CARTESIAN_POINT('',(-1.1E0,1.E-1,2.82E0));
#2073=LINE('',#2072,#2071);
#2074=DIRECTION('',(-1.E0,0.E0,0.E0));
#2075=VECTOR('',#2074,2.E-1);
#2076=CARTESIAN_POINT('',(-9.E-1,1.E-1,1.35E0));
#2077=LINE('',#2076,#2075);
#2078=DIRECTION('',(-5.773502691896E-1,5.773502691896E-1,5.773502691896E-1));
#2079=VECTOR('',#2078,5.196152422707E-2);
#2080=CARTESIAN_POINT('',(-1.1E0,2.4E-1,2.82E0));
#2081=LINE('',#2080,#2079);
#2082=DIRECTION('',(5.773502691896E-1,5.773502691896E-1,5.773502691896E-1));
#2083=VECTOR('',#2082,5.196152422707E-2);
#2084=CARTESIAN_POINT('',(-9.E-1,2.4E-1,2.82E0));
#2085=LINE('',#2084,#2083);
#2086=DIRECTION('',(-1.E0,0.E0,0.E0));
#2087=VECTOR('',#2086,2.E-1);
#2088=CARTESIAN_POINT('',(-9.E-1,2.4E-1,2.82E0));
#2089=LINE('',#2088,#2087);
#2090=DIRECTION('',(-1.E0,0.E0,0.E0));
#2091=VECTOR('',#2090,2.E-1);
#2092=CARTESIAN_POINT('',(-9.E-1,2.4E-1,2.35E0));
#2093=LINE('',#2092,#2091);
#2094=DIRECTION('',(-1.E0,0.E0,0.E0));
#2095=VECTOR('',#2094,2.E-1);
#2096=CARTESIAN_POINT('',(-9.E-1,1.4E-1,1.05E0));
#2097=LINE('',#2096,#2095);
#2098=DIRECTION('',(-1.E0,0.E0,0.E0));
#2099=VECTOR('',#2098,2.E-1);
#2100=CARTESIAN_POINT('',(-9.E-1,1.9E-1,1.17E0));
#2101=LINE('',#2100,#2099);
#2102=DIRECTION('',(-1.E0,0.E0,0.E0));
#2103=VECTOR('',#2102,2.E-1);
#2104=CARTESIAN_POINT('',(-9.E-1,6.3E-1,5.5E-1));
#2105=LINE('',#2104,#2103);
#2106=DIRECTION('',(-6.982516366580E-1,1.577634425611E-1,6.982516366580E-1));
#2107=VECTOR('',#2106,7.160742256088E-2);
#2108=CARTESIAN_POINT('',(-1.1E0,6.587029665039E-1,7.5E-1));
#2109=LINE('',#2108,#2107);
#2110=DIRECTION('',(0.E0,9.028605188239E-1,-4.299335803923E-1));
#2111=VECTOR('',#2110,2.325940669923E-1);
#2112=CARTESIAN_POINT('',(-1.75E0,6.7E-1,8.E-1));
#2113=LINE('',#2112,#2111);
#2114=DIRECTION('',(0.E0,0.E0,1.E0));
#2115=VECTOR('',#2114,2.E-1);
#2116=CARTESIAN_POINT('',(1.75E0,6.7E-1,8.E-1));
#2117=LINE('',#2116,#2115);
#2118=DIRECTION('',(-1.E0,0.E0,0.E0));
#2119=VECTOR('',#2118,1.5E-1);
#2120=CARTESIAN_POINT('',(1.9E0,6.7E-1,8.E-1));
#2121=LINE('',#2120,#2119);
#2122=DIRECTION('',(0.E0,0.E0,1.E0));
#2123=VECTOR('',#2122,2.E-1);
#2124=CARTESIAN_POINT('',(-1.75E0,6.7E-1,8.E-1));
#2125=LINE('',#2124,#2123);
#2126=DIRECTION('',(-1.E0,0.E0,0.E0));
#2127=VECTOR('',#2126,1.5E-1);
#2128=CARTESIAN_POINT('',(-1.75E0,6.7E-1,8.E-1));
#2129=LINE('',#2128,#2127);
#2130=DIRECTION('',(0.E0,1.E0,0.E0));
#2131=VECTOR('',#2130,1.6E-1);
#2132=CARTESIAN_POINT('',(1.75E0,6.7E-1,1.E0));
#2133=LINE('',#2132,#2131);
#2134=DIRECTION('',(1.E0,0.E0,0.E0));
#2135=VECTOR('',#2134,1.5E-1);
#2136=CARTESIAN_POINT('',(1.75E0,8.3E-1,1.E0));
#2137=LINE('',#2136,#2135);
#2138=DIRECTION('',(-1.E0,0.E0,0.E0));
#2139=VECTOR('',#2138,1.5E-1);
#2140=CARTESIAN_POINT('',(1.9E0,6.7E-1,1.E0));
#2141=LINE('',#2140,#2139);
#2142=DIRECTION('',(0.E0,1.E0,0.E0));
#2143=VECTOR('',#2142,1.6E-1);
#2144=CARTESIAN_POINT('',(-1.75E0,6.7E-1,1.E0));
#2145=LINE('',#2144,#2143);
#2146=DIRECTION('',(-1.E0,0.E0,0.E0));
#2147=VECTOR('',#2146,1.5E-1);
#2148=CARTESIAN_POINT('',(-1.75E0,6.7E-1,1.E0));
#2149=LINE('',#2148,#2147);
#2150=DIRECTION('',(1.E0,0.E0,0.E0));
#2151=VECTOR('',#2150,1.5E-1);
#2152=CARTESIAN_POINT('',(-1.9E0,8.3E-1,1.E0));
#2153=LINE('',#2152,#2151);
#2154=DIRECTION('',(0.E0,-7.071067811865E-1,7.071067811865E-1));
#2155=VECTOR('',#2154,7.071067811865E-2);
#2156=CARTESIAN_POINT('',(-1.75E0,8.8E-1,9.5E-1));
#2157=LINE('',#2156,#2155);
#2158=DIRECTION('',(-5.773502691896E-1,5.773502691896E-1,-5.773502691896E-1));
#2159=VECTOR('',#2158,8.660254037844E-2);
#2160=CARTESIAN_POINT('',(-1.9E0,8.3E-1,1.E0));
#2161=LINE('',#2160,#2159);
#2162=DIRECTION('',(-7.071067811865E-1,7.071067811866E-1,0.E0));
#2163=VECTOR('',#2162,7.071067811865E-2);
#2164=CARTESIAN_POINT('',(-1.9E0,8.3E-1,1.4E0));
#2165=LINE('',#2164,#2163);
#2166=DIRECTION('',(1.E0,0.E0,0.E0));
#2167=VECTOR('',#2166,3.3E0);
#2168=CARTESIAN_POINT('',(-1.65E0,7.E-2,0.E0));
#2169=LINE('',#2168,#2167);
#2170=DIRECTION('',(-1.E0,0.E0,0.E0));
#2171=VECTOR('',#2170,3.E0);
#2172=CARTESIAN_POINT('',(1.5E0,2.2E-1,3.5E-1));
#2173=LINE('',#2172,#2171);
#2174=DIRECTION('',(1.E0,0.E0,0.E0));
#2175=VECTOR('',#2174,4.E0);
#2176=CARTESIAN_POINT('',(-2.E0,0.E0,0.E0));
#2177=LINE('',#2176,#2175);
#2178=DIRECTION('',(0.E0,-1.E0,0.E0));
#2179=VECTOR('',#2178,6.E-1);
#2180=CARTESIAN_POINT('',(-1.65E0,6.7E-1,0.E0));
#2181=LINE('',#2180,#2179);
#2182=DIRECTION('',(0.E0,1.E0,0.E0));
#2183=VECTOR('',#2182,6.E-1);
#2184=CARTESIAN_POINT('',(1.65E0,7.E-2,0.E0));
#2185=LINE('',#2184,#2183);
#2186=DIRECTION('',(0.E0,7.071067811865E-1,7.071067811865E-1));
#2187=VECTOR('',#2186,7.071067811865E-2);
#2188=CARTESIAN_POINT('',(2.E0,8.3E-1,2.45E0));
#2189=LINE('',#2188,#2187);
#2190=DIRECTION('',(0.E0,1.E0,0.E0));
#2191=VECTOR('',#2190,6.8E-1);
#2192=CARTESIAN_POINT('',(2.E0,1.5E-1,2.45E0));
#2193=LINE('',#2192,#2191);
#2194=DIRECTION('',(0.E0,0.E0,1.E0));
#2195=VECTOR('',#2194,2.5E-1);
#2196=CARTESIAN_POINT('',(2.E0,1.5E-1,2.45E0));
#2197=LINE('',#2196,#2195);
#2198=DIRECTION('',(0.E0,1.E0,0.E0));
#2199=VECTOR('',#2198,1.5E-1);
#2200=CARTESIAN_POINT('',(2.E0,0.E0,2.7E0));
#2201=LINE('',#2200,#2199);
#2202=DIRECTION('',(0.E0,0.E0,-1.E0));
#2203=VECTOR('',#2202,5.E-1);
#2204=CARTESIAN_POINT('',(2.E0,0.E0,3.2E0));
#2205=LINE('',#2204,#2203);
#2206=DIRECTION('',(0.E0,-1.E0,0.E0));
#2207=VECTOR('',#2206,8.8E-1);
#2208=CARTESIAN_POINT('',(2.E0,8.8E-1,3.2E0));
#2209=LINE('',#2208,#2207);
#2210=DIRECTION('',(0.E0,0.E0,1.E0));
#2211=VECTOR('',#2210,7.E-1);
#2212=CARTESIAN_POINT('',(2.E0,8.8E-1,2.5E0));
#2213=LINE('',#2212,#2211);
#2214=DIRECTION('',(0.E0,-7.071067811865E-1,7.071067811865E-1));
#2215=VECTOR('',#2214,7.071067811865E-2);
#2216=CARTESIAN_POINT('',(2.E0,8.8E-1,1.8E0));
#2217=LINE('',#2216,#2215);
#2218=DIRECTION('',(0.E0,0.E0,1.E0));
#2219=VECTOR('',#2218,1.8E0);
#2220=CARTESIAN_POINT('',(2.E0,8.8E-1,0.E0));
#2221=LINE('',#2220,#2219);
#2222=DIRECTION('',(0.E0,1.E0,0.E0));
#2223=VECTOR('',#2222,8.8E-1);
#2224=CARTESIAN_POINT('',(2.E0,0.E0,0.E0));
#2225=LINE('',#2224,#2223);
#2226=DIRECTION('',(0.E0,0.E0,-1.E0));
#2227=VECTOR('',#2226,1.6E0);
#2228=CARTESIAN_POINT('',(2.E0,0.E0,1.6E0));
#2229=LINE('',#2228,#2227);
#2230=DIRECTION('',(0.E0,1.E0,0.E0));
#2231=VECTOR('',#2230,1.5E-1);
#2232=CARTESIAN_POINT('',(2.E0,0.E0,1.6E0));
#2233=LINE('',#2232,#2231);
#2234=DIRECTION('',(0.E0,0.E0,1.E0));
#2235=VECTOR('',#2234,2.5E-1);
#2236=CARTESIAN_POINT('',(2.E0,1.5E-1,1.6E0));
#2237=LINE('',#2236,#2235);
#2238=DIRECTION('',(0.E0,1.E0,0.E0));
#2239=VECTOR('',#2238,6.8E-1);
#2240=CARTESIAN_POINT('',(2.E0,1.5E-1,1.85E0));
#2241=LINE('',#2240,#2239);
#2242=DIRECTION('',(5.773502691896E-1,5.773502691896E-1,5.773502691896E-1));
#2243=VECTOR('',#2242,8.660254037844E-2);
#2244=CARTESIAN_POINT('',(1.835E0,8.3E-1,2.45E0));
#2245=LINE('',#2244,#2243);
#2246=DIRECTION('',(5.773502691896E-1,5.773502691896E-1,5.773502691896E-1));
#2247=VECTOR('',#2246,8.660254037844E-2);
#2248=CARTESIAN_POINT('',(1.835E0,8.3E-1,2.65E0));
#2249=LINE('',#2248,#2247);
#2250=DIRECTION('',(-5.773502691896E-1,5.773502691896E-1,5.773502691896E-1));
#2251=VECTOR('',#2250,8.660254037844E-2);
#2252=CARTESIAN_POINT('',(1.665E0,8.3E-1,2.65E0));
#2253=LINE('',#2252,#2251);
#2254=DIRECTION('',(-5.773502691896E-1,5.773502691896E-1,-5.773502691896E-1));
#2255=VECTOR('',#2254,8.660254037844E-2);
#2256=CARTESIAN_POINT('',(1.665E0,8.3E-1,1.65E0));
#2257=LINE('',#2256,#2255);
#2258=DIRECTION('',(0.E0,-1.E0,0.E0));
#2259=VECTOR('',#2258,1.3E-1);
#2260=CARTESIAN_POINT('',(1.665E0,2.8E-1,1.85E0));
#2261=LINE('',#2260,#2259);
#2262=DIRECTION('',(0.E0,0.E0,1.E0));
#2263=VECTOR('',#2262,6.E-1);
#2264=CARTESIAN_POINT('',(1.665E0,1.5E-1,1.85E0));
#2265=LINE('',#2264,#2263);
#2266=DIRECTION('',(0.E0,0.E0,-1.E0));
#2267=VECTOR('',#2266,1.E0);
#2268=CARTESIAN_POINT('',(1.665E0,8.3E-1,2.65E0));
#2269=LINE('',#2268,#2267);
#2270=DIRECTION('',(0.E0,-1.E0,0.E0));
#2271=VECTOR('',#2270,5.E-1);
#2272=CARTESIAN_POINT('',(1.665E0,8.3E-1,1.65E0));
#2273=LINE('',#2272,#2271);
#2274=DIRECTION('',(1.E0,0.E0,0.E0));
#2275=VECTOR('',#2274,1.7E-1);
#2276=CARTESIAN_POINT('',(-1.835E0,3.3E-1,1.8E0));
#2277=LINE('',#2276,#2275);
#2278=DIRECTION('',(0.E0,0.E0,1.E0));
#2279=VECTOR('',#2278,1.5E-1);
#2280=CARTESIAN_POINT('',(-1.835E0,3.3E-1,1.65E0));
#2281=LINE('',#2280,#2279);
#2282=DIRECTION('',(-1.E0,0.E0,0.E0));
#2283=VECTOR('',#2282,1.7E-1);
#2284=CARTESIAN_POINT('',(-1.665E0,3.3E-1,1.65E0));
#2285=LINE('',#2284,#2283);
#2286=DIRECTION('',(0.E0,0.E0,-1.E0));
#2287=VECTOR('',#2286,1.5E-1);
#2288=CARTESIAN_POINT('',(-1.665E0,3.3E-1,1.8E0));
#2289=LINE('',#2288,#2287);
#2290=DIRECTION('',(-1.E0,0.E0,0.E0));
#2291=VECTOR('',#2290,1.7E-1);
#2292=CARTESIAN_POINT('',(-1.665E0,3.3E-1,2.5E0));
#2293=LINE('',#2292,#2291);
#2294=DIRECTION('',(0.E0,0.E0,-1.E0));
#2295=VECTOR('',#2294,1.5E-1);
#2296=CARTESIAN_POINT('',(-1.665E0,3.3E-1,2.65E0));
#2297=LINE('',#2296,#2295);
#2298=DIRECTION('',(1.E0,0.E0,0.E0));
#2299=VECTOR('',#2298,1.7E-1);
#2300=CARTESIAN_POINT('',(-1.835E0,3.3E-1,2.65E0));
#2301=LINE('',#2300,#2299);
#2302=DIRECTION('',(0.E0,0.E0,1.E0));
#2303=VECTOR('',#2302,1.5E-1);
#2304=CARTESIAN_POINT('',(-1.835E0,3.3E-1,2.5E0));
#2305=LINE('',#2304,#2303);
#2306=DIRECTION('',(1.E0,0.E0,0.E0));
#2307=VECTOR('',#2306,1.7E-1);
#2308=CARTESIAN_POINT('',(1.665E0,3.3E-1,1.8E0));
#2309=LINE('',#2308,#2307);
#2310=DIRECTION('',(0.E0,0.E0,1.E0));
#2311=VECTOR('',#2310,1.5E-1);
#2312=CARTESIAN_POINT('',(1.665E0,3.3E-1,1.65E0));
#2313=LINE('',#2312,#2311);
#2314=DIRECTION('',(-1.E0,0.E0,0.E0));
#2315=VECTOR('',#2314,1.7E-1);
#2316=CARTESIAN_POINT('',(1.835E0,3.3E-1,1.65E0));
#2317=LINE('',#2316,#2315);
#2318=DIRECTION('',(0.E0,0.E0,-1.E0));
#2319=VECTOR('',#2318,1.5E-1);
#2320=CARTESIAN_POINT('',(1.835E0,3.3E-1,1.8E0));
#2321=LINE('',#2320,#2319);
#2322=DIRECTION('',(-1.E0,0.E0,0.E0));
#2323=VECTOR('',#2322,1.7E-1);
#2324=CARTESIAN_POINT('',(1.835E0,3.3E-1,2.5E0));
#2325=LINE('',#2324,#2323);
#2326=DIRECTION('',(0.E0,0.E0,-1.E0));
#2327=VECTOR('',#2326,1.5E-1);
#2328=CARTESIAN_POINT('',(1.835E0,3.3E-1,2.65E0));
#2329=LINE('',#2328,#2327);
#2330=DIRECTION('',(1.E0,0.E0,0.E0));
#2331=VECTOR('',#2330,1.7E-1);
#2332=CARTESIAN_POINT('',(1.665E0,3.3E-1,2.65E0));
#2333=LINE('',#2332,#2331);
#2334=DIRECTION('',(0.E0,0.E0,1.E0));
#2335=VECTOR('',#2334,1.5E-1);
#2336=CARTESIAN_POINT('',(1.665E0,3.3E-1,2.5E0));
#2337=LINE('',#2336,#2335);
#2338=DIRECTION('',(0.E0,7.071067811865E-1,-7.071067811865E-1));
#2339=VECTOR('',#2338,7.071067811865E-2);
#2340=CARTESIAN_POINT('',(-1.835E0,2.8E-1,1.85E0));
#2341=LINE('',#2340,#2339);
#2342=DIRECTION('',(0.E0,-7.071067811865E-1,7.071067811865E-1));
#2343=VECTOR('',#2342,7.071067811865E-2);
#2344=CARTESIAN_POINT('',(-1.665E0,3.3E-1,1.8E0));
#2345=LINE('',#2344,#2343);
#2346=DIRECTION('',(1.E0,0.E0,0.E0));
#2347=VECTOR('',#2346,1.7E-1);
#2348=CARTESIAN_POINT('',(-1.835E0,2.8E-1,1.85E0));
#2349=LINE('',#2348,#2347);
#2350=DIRECTION('',(0.E0,-1.E0,0.E0));
#2351=VECTOR('',#2350,1.3E-1);
#2352=CARTESIAN_POINT('',(-1.665E0,2.8E-1,1.85E0));
#2353=LINE('',#2352,#2351);
#2354=DIRECTION('',(-1.E0,0.E0,0.E0));
#2355=VECTOR('',#2354,3.35E-1);
#2356=CARTESIAN_POINT('',(-1.665E0,1.5E-1,1.85E0));
#2357=LINE('',#2356,#2355);
#2358=DIRECTION('',(1.E0,0.E0,0.E0));
#2359=VECTOR('',#2358,1.65E-1);
#2360=CARTESIAN_POINT('',(-2.E0,8.3E-1,1.85E0));
#2361=LINE('',#2360,#2359);
#2362=DIRECTION('',(0.E0,0.E0,1.E0));
#2363=VECTOR('',#2362,1.E0);
#2364=CARTESIAN_POINT('',(-1.665E0,8.3E-1,1.65E0));
#2365=LINE('',#2364,#2363);
#2366=DIRECTION('',(0.E0,-1.E0,0.E0));
#2367=VECTOR('',#2366,5.E-1);
#2368=CARTESIAN_POINT('',(-1.665E0,8.3E-1,2.65E0));
#2369=LINE('',#2368,#2367);
#2370=DIRECTION('',(0.E0,-1.E0,0.E0));
#2371=VECTOR('',#2370,1.3E-1);
#2372=CARTESIAN_POINT('',(-1.665E0,2.8E-1,2.45E0));
#2373=LINE('',#2372,#2371);
#2374=DIRECTION('',(0.E0,0.E0,-1.E0));
#2375=VECTOR('',#2374,6.E-1);
#2376=CARTESIAN_POINT('',(-1.665E0,1.5E-1,2.45E0));
#2377=LINE('',#2376,#2375);
#2378=DIRECTION('',(1.E0,0.E0,0.E0));
#2379=VECTOR('',#2378,1.7E-1);
#2380=CARTESIAN_POINT('',(-1.835E0,8.3E-1,1.65E0));
#2381=LINE('',#2380,#2379);
#2382=DIRECTION('',(0.E0,-1.E0,0.E0));
#2383=VECTOR('',#2382,5.E-1);
#2384=CARTESIAN_POINT('',(-1.665E0,8.3E-1,1.65E0));
#2385=LINE('',#2384,#2383);
#2386=DIRECTION('',(5.773502691896E-1,5.773502691896E-1,-5.773502691896E-1));
#2387=VECTOR('',#2386,8.660254037844E-2);
#2388=CARTESIAN_POINT('',(-1.665E0,8.3E-1,1.65E0));
#2389=LINE('',#2388,#2387);
#2390=DIRECTION('',(-5.773502691896E-1,5.773502691896E-1,-5.773502691896E-1));
#2391=VECTOR('',#2390,8.660254037844E-2);
#2392=CARTESIAN_POINT('',(-1.835E0,8.3E-1,1.65E0));
#2393=LINE('',#2392,#2391);
#2394=DIRECTION('',(0.E0,1.E0,0.E0));
#2395=VECTOR('',#2394,5.5E-1);
#2396=CARTESIAN_POINT('',(-1.835E0,2.8E-1,1.85E0));
#2397=LINE('',#2396,#2395);
#2398=DIRECTION('',(0.E0,0.E0,-1.E0));
#2399=VECTOR('',#2398,2.E-1);
#2400=CARTESIAN_POINT('',(-1.835E0,8.3E-1,1.85E0));
#2401=LINE('',#2400,#2399);
#2402=DIRECTION('',(0.E0,-1.E0,0.E0));
#2403=VECTOR('',#2402,5.E-1);
#2404=CARTESIAN_POINT('',(-1.835E0,8.3E-1,1.65E0));
#2405=LINE('',#2404,#2403);
#2406=DIRECTION('',(0.E0,-1.E0,0.E0));
#2407=VECTOR('',#2406,5.5E-1);
#2408=CARTESIAN_POINT('',(-1.835E0,8.3E-1,2.45E0));
#2409=LINE('',#2408,#2407);
#2410=DIRECTION('',(0.E0,0.E0,-1.E0));
#2411=VECTOR('',#2410,2.E-1);
#2412=CARTESIAN_POINT('',(-1.835E0,8.3E-1,2.65E0));
#2413=LINE('',#2412,#2411);
#2414=DIRECTION('',(-1.E0,0.E0,0.E0));
#2415=VECTOR('',#2414,1.7E-1);
#2416=CARTESIAN_POINT('',(-1.665E0,2.8E-1,2.45E0));
#2417=LINE('',#2416,#2415);
#2418=DIRECTION('',(-1.E0,0.E0,0.E0));
#2419=VECTOR('',#2418,1.65E-1);
#2420=CARTESIAN_POINT('',(-1.835E0,8.3E-1,2.45E0));
#2421=LINE('',#2420,#2419);
#2422=DIRECTION('',(1.E0,0.E0,0.E0));
#2423=VECTOR('',#2422,3.35E-1);
#2424=CARTESIAN_POINT('',(-2.E0,1.5E-1,2.45E0));
#2425=LINE('',#2424,#2423);
#2426=DIRECTION('',(0.E0,7.071067811865E-1,7.071067811865E-1));
#2427=VECTOR('',#2426,7.071067811865E-2);
#2428=CARTESIAN_POINT('',(-1.665E0,2.8E-1,2.45E0));
#2429=LINE('',#2428,#2427);
#2430=DIRECTION('',(0.E0,-7.071067811865E-1,-7.071067811865E-1));
#2431=VECTOR('',#2430,7.071067811865E-2);
#2432=CARTESIAN_POINT('',(-1.835E0,3.3E-1,2.5E0));
#2433=LINE('',#2432,#2431);
#2434=DIRECTION('',(-5.773502691896E-1,5.773502691896E-1,5.773502691896E-1));
#2435=VECTOR('',#2434,8.660254037844E-2);
#2436=CARTESIAN_POINT('',(-1.835E0,8.3E-1,2.45E0));
#2437=LINE('',#2436,#2435);
#2438=DIRECTION('',(-5.773502691896E-1,5.773502691896E-1,5.773502691896E-1));
#2439=VECTOR('',#2438,8.660254037844E-2);
#2440=CARTESIAN_POINT('',(-1.835E0,8.3E-1,2.65E0));
#2441=LINE('',#2440,#2439);
#2442=DIRECTION('',(-1.E0,0.E0,0.E0));
#2443=VECTOR('',#2442,1.7E-1);
#2444=CARTESIAN_POINT('',(-1.665E0,8.3E-1,2.65E0));
#2445=LINE('',#2444,#2443);
#2446=DIRECTION('',(0.E0,-1.E0,0.E0));
#2447=VECTOR('',#2446,5.E-1);
#2448=CARTESIAN_POINT('',(-1.835E0,8.3E-1,2.65E0));
#2449=LINE('',#2448,#2447);
#2450=DIRECTION('',(5.773502691896E-1,5.773502691896E-1,5.773502691896E-1));
#2451=VECTOR('',#2450,8.660254037844E-2);
#2452=CARTESIAN_POINT('',(-1.665E0,8.3E-1,2.65E0));
#2453=LINE('',#2452,#2451);
#2454=DIRECTION('',(-1.E0,0.E0,0.E0));
#2455=VECTOR('',#2454,5.85E-1);
#2456=CARTESIAN_POINT('',(-1.415E0,1.5E-1,2.7E0));
#2457=LINE('',#2456,#2455);
#2458=DIRECTION('',(0.E0,0.E0,1.E0));
#2459=VECTOR('',#2458,1.1E0);
#2460=CARTESIAN_POINT('',(-1.415E0,1.5E-1,1.6E0));
#2461=LINE('',#2460,#2459);
#2462=DIRECTION('',(1.E0,0.E0,0.E0));
#2463=VECTOR('',#2462,5.85E-1);
#2464=CARTESIAN_POINT('',(-2.E0,1.5E-1,1.6E0));
#2465=LINE('',#2464,#2463);
#2466=DIRECTION('',(1.E0,0.E0,0.E0));
#2467=VECTOR('',#2466,5.85E-1);
#2468=CARTESIAN_POINT('',(1.415E0,1.5E-1,1.6E0));
#2469=LINE('',#2468,#2467);
#2470=DIRECTION('',(0.E0,0.E0,-1.E0));
#2471=VECTOR('',#2470,1.1E0);
#2472=CARTESIAN_POINT('',(1.415E0,1.5E-1,2.7E0));
#2473=LINE('',#2472,#2471);
#2474=DIRECTION('',(-1.E0,0.E0,0.E0));
#2475=VECTOR('',#2474,5.85E-1);
#2476=CARTESIAN_POINT('',(2.E0,1.5E-1,2.7E0));
#2477=LINE('',#2476,#2475);
#2478=DIRECTION('',(0.E0,1.E0,0.E0));
#2479=VECTOR('',#2478,1.5E-1);
#2480=CARTESIAN_POINT('',(-1.415E0,0.E0,2.7E0));
#2481=LINE('',#2480,#2479);
#2482=DIRECTION('',(0.E0,1.E0,0.E0));
#2483=VECTOR('',#2482,1.5E-1);
#2484=CARTESIAN_POINT('',(-1.415E0,0.E0,1.6E0));
#2485=LINE('',#2484,#2483);
#2486=DIRECTION('',(0.E0,1.E0,0.E0));
#2487=VECTOR('',#2486,1.5E-1);
#2488=CARTESIAN_POINT('',(1.415E0,0.E0,1.6E0));
#2489=LINE('',#2488,#2487);
#2490=DIRECTION('',(0.E0,1.E0,0.E0));
#2491=VECTOR('',#2490,1.5E-1);
#2492=CARTESIAN_POINT('',(1.415E0,0.E0,2.7E0));
#2493=LINE('',#2492,#2491);
#2494=DIRECTION('',(-1.E0,0.E0,0.E0));
#2495=VECTOR('',#2494,1.7E-1);
#2496=CARTESIAN_POINT('',(1.835E0,2.8E-1,2.45E0));
#2497=LINE('',#2496,#2495);
#2498=DIRECTION('',(0.E0,-1.E0,0.E0));
#2499=VECTOR('',#2498,1.3E-1);
#2500=CARTESIAN_POINT('',(1.665E0,2.8E-1,2.45E0));
#2501=LINE('',#2500,#2499);
#2502=DIRECTION('',(1.E0,0.E0,0.E0));
#2503=VECTOR('',#2502,3.35E-1);
#2504=CARTESIAN_POINT('',(1.665E0,1.5E-1,2.45E0));
#2505=LINE('',#2504,#2503);
#2506=DIRECTION('',(-1.E0,0.E0,0.E0));
#2507=VECTOR('',#2506,1.65E-1);
#2508=CARTESIAN_POINT('',(2.E0,8.3E-1,2.45E0));
#2509=LINE('',#2508,#2507);
#2510=DIRECTION('',(0.E0,7.071067811865E-1,7.071067811865E-1));
#2511=VECTOR('',#2510,7.071067811865E-2);
#2512=CARTESIAN_POINT('',(1.835E0,2.8E-1,2.45E0));
#2513=LINE('',#2512,#2511);
#2514=DIRECTION('',(0.E0,-7.071067811865E-1,-7.071067811865E-1));
#2515=VECTOR('',#2514,7.071067811865E-2);
#2516=CARTESIAN_POINT('',(1.665E0,3.3E-1,2.5E0));
#2517=LINE('',#2516,#2515);
#2518=DIRECTION('',(0.E0,-1.E0,0.E0));
#2519=VECTOR('',#2518,5.5E-1);
#2520=CARTESIAN_POINT('',(1.835E0,8.3E-1,1.85E0));
#2521=LINE('',#2520,#2519);
#2522=DIRECTION('',(0.E0,0.E0,1.E0));
#2523=VECTOR('',#2522,2.E-1);
#2524=CARTESIAN_POINT('',(1.835E0,8.3E-1,1.65E0));
#2525=LINE('',#2524,#2523);
#2526=DIRECTION('',(0.E0,1.E0,0.E0));
#2527=VECTOR('',#2526,5.5E-1);
#2528=CARTESIAN_POINT('',(1.835E0,2.8E-1,2.45E0));
#2529=LINE('',#2528,#2527);
#2530=DIRECTION('',(0.E0,0.E0,1.E0));
#2531=VECTOR('',#2530,2.E-1);
#2532=CARTESIAN_POINT('',(1.835E0,8.3E-1,2.45E0));
#2533=LINE('',#2532,#2531);
#2534=DIRECTION('',(0.E0,-1.E0,0.E0));
#2535=VECTOR('',#2534,5.E-1);
#2536=CARTESIAN_POINT('',(1.835E0,8.3E-1,2.65E0));
#2537=LINE('',#2536,#2535);
#2538=DIRECTION('',(1.E0,0.E0,0.E0));
#2539=VECTOR('',#2538,1.7E-1);
#2540=CARTESIAN_POINT('',(1.665E0,2.8E-1,1.85E0));
#2541=LINE('',#2540,#2539);
#2542=DIRECTION('',(1.E0,0.E0,0.E0));
#2543=VECTOR('',#2542,1.65E-1);
#2544=CARTESIAN_POINT('',(1.835E0,8.3E-1,1.85E0));
#2545=LINE('',#2544,#2543);
#2546=DIRECTION('',(-1.E0,0.E0,0.E0));
#2547=VECTOR('',#2546,3.35E-1);
#2548=CARTESIAN_POINT('',(2.E0,1.5E-1,1.85E0));
#2549=LINE('',#2548,#2547);
#2550=DIRECTION('',(0.E0,7.071067811865E-1,-7.071067811865E-1));
#2551=VECTOR('',#2550,7.071067811865E-2);
#2552=CARTESIAN_POINT('',(1.665E0,2.8E-1,1.85E0));
#2553=LINE('',#2552,#2551);
#2554=DIRECTION('',(0.E0,-7.071067811865E-1,7.071067811865E-1));
#2555=VECTOR('',#2554,7.071067811865E-2);
#2556=CARTESIAN_POINT('',(1.835E0,3.3E-1,1.8E0));
#2557=LINE('',#2556,#2555);
#2558=DIRECTION('',(5.773502691896E-1,5.773502691896E-1,-5.773502691896E-1));
#2559=VECTOR('',#2558,8.660254037844E-2);
#2560=CARTESIAN_POINT('',(1.835E0,8.3E-1,1.85E0));
#2561=LINE('',#2560,#2559);
#2562=DIRECTION('',(5.773502691896E-1,5.773502691896E-1,-5.773502691896E-1));
#2563=VECTOR('',#2562,8.660254037844E-2);
#2564=CARTESIAN_POINT('',(1.835E0,8.3E-1,1.65E0));
#2565=LINE('',#2564,#2563);
#2566=DIRECTION('',(1.E0,0.E0,0.E0));
#2567=VECTOR('',#2566,1.7E-1);
#2568=CARTESIAN_POINT('',(1.665E0,8.3E-1,1.65E0));
#2569=LINE('',#2568,#2567);
#2570=DIRECTION('',(0.E0,-1.E0,0.E0));
#2571=VECTOR('',#2570,5.E-1);
#2572=CARTESIAN_POINT('',(1.835E0,8.3E-1,1.65E0));
#2573=LINE('',#2572,#2571);
#2574=DIRECTION('',(-1.E0,0.E0,0.E0));
#2575=VECTOR('',#2574,1.7E-1);
#2576=CARTESIAN_POINT('',(1.835E0,8.3E-1,2.65E0));
#2577=LINE('',#2576,#2575);
#2578=DIRECTION('',(0.E0,-1.E0,0.E0));
#2579=VECTOR('',#2578,5.E-1);
#2580=CARTESIAN_POINT('',(1.665E0,8.3E-1,2.65E0));
#2581=LINE('',#2580,#2579);
#2582=DIRECTION('',(0.E0,1.E0,0.E0));
#2583=VECTOR('',#2582,1.6E-1);
#2584=CARTESIAN_POINT('',(1.65E0,4.7E-1,3.2E0));
#2585=LINE('',#2584,#2583);
#2586=DIRECTION('',(-9.662349396012E-1,2.576626505603E-1,0.E0));
#2587=VECTOR('',#2586,1.552417469626E-1);
#2588=CARTESIAN_POINT('',(1.65E0,6.3E-1,3.2E0));
#2589=LINE('',#2588,#2587);
#2590=DIRECTION('',(0.E0,-1.E0,0.E0));
#2591=VECTOR('',#2590,1.6E-1);
#2592=CARTESIAN_POINT('',(1.5E0,8.3E-1,3.2E0));
#2593=LINE('',#2592,#2591);
#2594=DIRECTION('',(-7.071067811865E-1,-7.071067811865E-1,0.E0));
#2595=VECTOR('',#2594,7.071067811865E-2);
#2596=CARTESIAN_POINT('',(1.55E0,8.8E-1,3.2E0));
#2597=LINE('',#2596,#2595);
#2598=DIRECTION('',(1.E0,0.E0,0.E0));
#2599=VECTOR('',#2598,4.5E-1);
#2600=CARTESIAN_POINT('',(1.55E0,8.8E-1,3.2E0));
#2601=LINE('',#2600,#2599);
#2602=DIRECTION('',(0.E0,1.E0,0.E0));
#2603=VECTOR('',#2602,4.7E-1);
#2604=CARTESIAN_POINT('',(1.3E0,0.E0,3.2E0));
#2605=LINE('',#2604,#2603);
#2606=DIRECTION('',(-9.662349396012E-1,-2.576626505603E-1,0.E0));
#2607=VECTOR('',#2606,1.552417469626E-1);
#2608=CARTESIAN_POINT('',(-1.5E0,6.7E-1,3.2E0));
#2609=LINE('',#2608,#2607);
#2610=DIRECTION('',(0.E0,-1.E0,0.E0));
#2611=VECTOR('',#2610,1.6E-1);
#2612=CARTESIAN_POINT('',(-1.65E0,6.3E-1,3.2E0));
#2613=LINE('',#2612,#2611);
#2614=DIRECTION('',(0.E0,1.E0,0.E0));
#2615=VECTOR('',#2614,4.7E-1);
#2616=CARTESIAN_POINT('',(-1.3E0,0.E0,3.2E0));
#2617=LINE('',#2616,#2615);
#2618=DIRECTION('',(1.E0,0.E0,0.E0));
#2619=VECTOR('',#2618,4.5E-1);
#2620=CARTESIAN_POINT('',(-2.E0,8.8E-1,3.2E0));
#2621=LINE('',#2620,#2619);
#2622=DIRECTION('',(-7.071067811865E-1,7.071067811865E-1,0.E0));
#2623=VECTOR('',#2622,7.071067811865E-2);
#2624=CARTESIAN_POINT('',(-1.5E0,8.3E-1,3.2E0));
#2625=LINE('',#2624,#2623);
#2626=DIRECTION('',(0.E0,-1.E0,0.E0));
#2627=VECTOR('',#2626,1.6E-1);
#2628=CARTESIAN_POINT('',(-1.5E0,8.3E-1,3.2E0));
#2629=LINE('',#2628,#2627);
#2630=DIRECTION('',(0.E0,0.E0,-1.E0));
#2631=VECTOR('',#2630,4.E-1);
#2632=CARTESIAN_POINT('',(1.65E0,4.7E-1,3.2E0));
#2633=LINE('',#2632,#2631);
#2634=DIRECTION('',(0.E0,0.E0,-1.E0));
#2635=VECTOR('',#2634,4.E-1);
#2636=CARTESIAN_POINT('',(1.65E0,6.3E-1,3.2E0));
#2637=LINE('',#2636,#2635);
#2638=DIRECTION('',(0.E0,1.E0,0.E0));
#2639=VECTOR('',#2638,4.7E-1);
#2640=CARTESIAN_POINT('',(1.3E0,0.E0,2.85E0));
#2641=LINE('',#2640,#2639);
#2642=DIRECTION('',(0.E0,0.E0,-1.E0));
#2643=VECTOR('',#2642,4.E-1);
#2644=CARTESIAN_POINT('',(-1.65E0,6.3E-1,3.2E0));
#2645=LINE('',#2644,#2643);
#2646=DIRECTION('',(0.E0,1.E0,0.E0));
#2647=VECTOR('',#2646,4.7E-1);
#2648=CARTESIAN_POINT('',(-1.3E0,0.E0,2.85E0));
#2649=LINE('',#2648,#2647);
#2650=DIRECTION('',(-3.487429162315E-1,4.649905549753E-1,-8.137334712067E-1));
#2651=VECTOR('',#2650,4.301162633521E-1);
#2652=CARTESIAN_POINT('',(-1.5E0,4.7E-1,3.5E-1));
#2653=LINE('',#2652,#2651);
#2654=DIRECTION('',(3.665083330689E-1,3.665083330689E-1,8.551861104941E-1));
#2655=VECTOR('',#2654,4.092676385936E-1);
#2656=CARTESIAN_POINT('',(-1.65E0,7.E-2,0.E0));
#2657=LINE('',#2656,#2655);
#2658=DIRECTION('',(-1.E0,0.E0,0.E0));
#2659=VECTOR('',#2658,3.3E0);
#2660=CARTESIAN_POINT('',(1.65E0,6.7E-1,0.E0));
#2661=LINE('',#2660,#2659);
#2662=DIRECTION('',(-1.E0,0.E0,0.E0));
#2663=VECTOR('',#2662,3.E0);
#2664=CARTESIAN_POINT('',(1.5E0,4.7E-1,3.5E-1));
#2665=LINE('',#2664,#2663);
#2666=DIRECTION('',(3.665083330689E-1,-3.665083330689E-1,-8.551861104941E-1));
#2667=VECTOR('',#2666,4.092676385936E-1);
#2668=CARTESIAN_POINT('',(1.5E0,2.2E-1,3.5E-1));
#2669=LINE('',#2668,#2667);
#2670=DIRECTION('',(-3.487429162315E-1,-4.649905549753E-1,8.137334712067E-1));
#2671=VECTOR('',#2670,4.301162633521E-1);
#2672=CARTESIAN_POINT('',(1.65E0,6.7E-1,0.E0));
#2673=LINE('',#2672,#2671);
#2674=DIRECTION('',(0.E0,0.E0,-1.E0));
#2675=VECTOR('',#2674,5.5E-1);
#2676=CARTESIAN_POINT('',(-1.7E0,4.7E-1,1.35E0));
#2677=LINE('',#2676,#2675);
#2678=DIRECTION('',(-1.E0,0.E0,0.E0));
#2679=VECTOR('',#2678,2.E-1);
#2680=CARTESIAN_POINT('',(-1.5E0,4.7E-1,1.35E0));
#2681=LINE('',#2680,#2679);
#2682=DIRECTION('',(0.E0,0.E0,-1.E0));
#2683=VECTOR('',#2682,5.5E-1);
#2684=CARTESIAN_POINT('',(1.7E0,4.7E-1,1.35E0));
#2685=LINE('',#2684,#2683);
#2686=DIRECTION('',(-1.E0,0.E0,0.E0));
#2687=VECTOR('',#2686,2.E-1);
#2688=CARTESIAN_POINT('',(1.7E0,4.7E-1,1.35E0));
#2689=LINE('',#2688,#2687);
#2690=DIRECTION('',(0.E0,1.E0,0.E0));
#2691=VECTOR('',#2690,4.7E-1);
#2692=CARTESIAN_POINT('',(-1.7E0,0.E0,8.E-1));
#2693=LINE('',#2692,#2691);
#2694=DIRECTION('',(0.E0,-7.071067811865E-1,-7.071067811865E-1));
#2695=VECTOR('',#2694,7.071067811866E-2);
#2696=CARTESIAN_POINT('',(-1.7E0,5.2E-1,1.4E0));
#2697=LINE('',#2696,#2695);
#2698=DIRECTION('',(-1.E0,0.E0,0.E0));
#2699=VECTOR('',#2698,2.E-1);
#2700=CARTESIAN_POINT('',(-1.5E0,5.2E-1,1.4E0));
#2701=LINE('',#2700,#2699);
#2702=DIRECTION('',(0.E0,-7.071067811865E-1,-7.071067811865E-1));
#2703=VECTOR('',#2702,7.071067811866E-2);
#2704=CARTESIAN_POINT('',(1.7E0,5.2E-1,1.4E0));
#2705=LINE('',#2704,#2703);
#2706=DIRECTION('',(-1.E0,0.E0,0.E0));
#2707=VECTOR('',#2706,2.E-1);
#2708=CARTESIAN_POINT('',(1.7E0,5.2E-1,1.4E0));
#2709=LINE('',#2708,#2707);
#2710=DIRECTION('',(0.E0,1.E0,0.E0));
#2711=VECTOR('',#2710,5.2E-1);
#2712=CARTESIAN_POINT('',(1.7E0,0.E0,1.4E0));
#2713=LINE('',#2712,#2711);
#2714=DIRECTION('',(-1.E0,0.E0,0.E0));
#2715=VECTOR('',#2714,2.E-1);
#2716=CARTESIAN_POINT('',(1.1E0,2.4E-1,2.82E0));
#2717=LINE('',#2716,#2715);
#2718=DIRECTION('',(-1.E0,0.E0,0.E0));
#2719=VECTOR('',#2718,2.E-1);
#2720=CARTESIAN_POINT('',(1.1E0,2.4E-1,2.35E0));
#2721=LINE('',#2720,#2719);
#2722=DIRECTION('',(5.773502691896E-1,-5.773502691896E-1,-5.773502691896E-1));
#2723=VECTOR('',#2722,5.196152422707E-2);
#2724=CARTESIAN_POINT('',(8.7E-1,2.7E-1,2.85E0));
#2725=LINE('',#2724,#2723);
#2726=DIRECTION('',(-5.773502691896E-1,-5.773502691896E-1,-5.773502691896E-1));
#2727=VECTOR('',#2726,5.196152422707E-2);
#2728=CARTESIAN_POINT('',(1.13E0,2.7E-1,2.85E0));
#2729=LINE('',#2728,#2727);
#2730=DIRECTION('',(5.773502691896E-1,5.773502691896E-1,-5.773502691896E-1));
#2731=VECTOR('',#2730,5.196152422707E-2);
#2732=CARTESIAN_POINT('',(8.7E-1,7.E-2,2.85E0));
#2733=LINE('',#2732,#2731);
#2734=DIRECTION('',(-1.E0,0.E0,0.E0));
#2735=VECTOR('',#2734,2.E-1);
#2736=CARTESIAN_POINT('',(1.1E0,1.E-1,1.35E0));
#2737=LINE('',#2736,#2735);
#2738=CARTESIAN_POINT('',(-2.E0,0.E0,0.E0));
#2739=CARTESIAN_POINT('',(-2.E0,8.8E-1,0.E0));
#2740=VERTEX_POINT('',#2738);
#2741=VERTEX_POINT('',#2739);
#2742=CARTESIAN_POINT('',(-2.E0,8.8E-1,3.2E0));
#2743=CARTESIAN_POINT('',(-2.E0,0.E0,3.2E0));
#2744=VERTEX_POINT('',#2742);
#2745=VERTEX_POINT('',#2743);
#2746=CARTESIAN_POINT('',(2.E0,0.E0,0.E0));
#2747=CARTESIAN_POINT('',(2.E0,8.8E-1,0.E0));
#2748=VERTEX_POINT('',#2746);
#2749=VERTEX_POINT('',#2747);
#2750=CARTESIAN_POINT('',(2.E0,8.8E-1,3.2E0));
#2751=CARTESIAN_POINT('',(2.E0,0.E0,3.2E0));
#2752=VERTEX_POINT('',#2750);
#2753=VERTEX_POINT('',#2751);
#2754=CARTESIAN_POINT('',(1.1E0,1.4E-1,1.05E0));
#2755=CARTESIAN_POINT('',(1.1E0,1.9E-1,1.17E0));
#2756=VERTEX_POINT('',#2754);
#2757=VERTEX_POINT('',#2755);
#2758=CARTESIAN_POINT('',(9.E-1,1.4E-1,1.05E0));
#2759=CARTESIAN_POINT('',(9.E-1,1.9E-1,1.17E0));
#2760=VERTEX_POINT('',#2758);
#2761=VERTEX_POINT('',#2759);
#2762=CARTESIAN_POINT('',(1.1E0,1.E-1,1.35E0));
#2763=CARTESIAN_POINT('',(9.E-1,1.E-1,1.35E0));
#2764=VERTEX_POINT('',#2762);
#2765=VERTEX_POINT('',#2763);
#2766=CARTESIAN_POINT('',(1.1E0,6.3E-1,5.5E-1));
#2767=CARTESIAN_POINT('',(9.E-1,6.3E-1,5.5E-1));
#2768=VERTEX_POINT('',#2766);
#2769=VERTEX_POINT('',#2767);
#2770=CARTESIAN_POINT('',(9.E-1,8.8E-1,5.5E-1));
#2771=CARTESIAN_POINT('',(1.1E0,8.8E-1,5.5E-1));
#2772=VERTEX_POINT('',#2770);
#2773=VERTEX_POINT('',#2771);
#2774=CARTESIAN_POINT('',(1.1E0,0.E0,1.05E0));
#2775=CARTESIAN_POINT('',(1.1E0,0.E0,1.35E0));
#2776=VERTEX_POINT('',#2774);
#2777=VERTEX_POINT('',#2775);
#2778=CARTESIAN_POINT('',(9.E-1,0.E0,1.05E0));
#2779=CARTESIAN_POINT('',(9.E-1,0.E0,1.35E0));
#2780=VERTEX_POINT('',#2778);
#2781=VERTEX_POINT('',#2779);
#2782=CARTESIAN_POINT('',(1.1E0,4.7E-1,2.35E0));
#2783=CARTESIAN_POINT('',(1.1E0,3.1E-1,2.35E0));
#2784=VERTEX_POINT('',#2782);
#2785=VERTEX_POINT('',#2783);
#2786=CARTESIAN_POINT('',(1.1E0,2.4E-1,2.35E0));
#2787=CARTESIAN_POINT('',(1.1E0,2.2E-1,2.35E0));
#2788=VERTEX_POINT('',#2786);
#2789=VERTEX_POINT('',#2787);
#2790=CARTESIAN_POINT('',(1.1E0,2.2E-1,1.17E0));
#2791=VERTEX_POINT('',#2790);
#2792=CARTESIAN_POINT('',(9.E-1,4.7E-1,2.35E0));
#2793=CARTESIAN_POINT('',(9.E-1,3.1E-1,2.35E0));
#2794=VERTEX_POINT('',#2792);
#2795=VERTEX_POINT('',#2793);
#2796=CARTESIAN_POINT('',(9.E-1,2.4E-1,2.35E0));
#2797=CARTESIAN_POINT('',(9.E-1,2.2E-1,2.35E0));
#2798=VERTEX_POINT('',#2796);
#2799=VERTEX_POINT('',#2797);
#2800=CARTESIAN_POINT('',(9.E-1,2.2E-1,1.17E0));
#2801=VERTEX_POINT('',#2800);
#2802=CARTESIAN_POINT('',(1.1E0,4.7E-1,2.82E0));
#2803=CARTESIAN_POINT('',(1.13E0,4.7E-1,2.85E0));
#2804=VERTEX_POINT('',#2802);
#2805=VERTEX_POINT('',#2803);
#2806=CARTESIAN_POINT('',(1.13E0,2.8E-1,2.85E0));
#2807=VERTEX_POINT('',#2806);
#2808=CARTESIAN_POINT('',(1.1E0,3.1E-1,2.82E0));
#2809=VERTEX_POINT('',#2808);
#2810=CARTESIAN_POINT('',(9.E-1,3.1E-1,2.82E0));
#2811=VERTEX_POINT('',#2810);
#2812=CARTESIAN_POINT('',(8.7E-1,2.8E-1,2.85E0));
#2813=VERTEX_POINT('',#2812);
#2814=CARTESIAN_POINT('',(8.7E-1,4.7E-1,2.85E0));
#2815=CARTESIAN_POINT('',(9.E-1,4.7E-1,2.82E0));
#2816=VERTEX_POINT('',#2814);
#2817=VERTEX_POINT('',#2815);
#2818=CARTESIAN_POINT('',(9.E-1,1.E-1,2.82E0));
#2819=CARTESIAN_POINT('',(1.1E0,1.E-1,2.82E0));
#2820=VERTEX_POINT('',#2818);
#2821=VERTEX_POINT('',#2819);
#2822=CARTESIAN_POINT('',(8.7E-1,7.E-2,2.85E0));
#2823=CARTESIAN_POINT('',(1.13E0,7.E-2,2.85E0));
#2824=VERTEX_POINT('',#2822);
#2825=VERTEX_POINT('',#2823);
#2826=CARTESIAN_POINT('',(1.13E0,2.7E-1,2.85E0));
#2827=VERTEX_POINT('',#2826);
#2828=CARTESIAN_POINT('',(1.1E0,2.4E-1,2.82E0));
#2829=VERTEX_POINT('',#2828);
#2830=CARTESIAN_POINT('',(8.7E-1,2.7E-1,2.85E0));
#2831=VERTEX_POINT('',#2830);
#2832=CARTESIAN_POINT('',(9.E-1,2.4E-1,2.82E0));
#2833=VERTEX_POINT('',#2832);
#2834=CARTESIAN_POINT('',(8.5E-1,8.8E-1,7.E-1));
#2835=CARTESIAN_POINT('',(9.E-1,8.8E-1,6.446204602399E-1));
#2836=VERTEX_POINT('',#2834);
#2837=VERTEX_POINT('',#2835);
#2838=CARTESIAN_POINT('',(9.E-1,6.587029665039E-1,7.5E-1));
#2839=VERTEX_POINT('',#2838);
#2840=CARTESIAN_POINT('',(8.5E-1,6.7E-1,8.E-1));
#2841=VERTEX_POINT('',#2840);
#2842=CARTESIAN_POINT('',(8.5E-1,5.8E-1,8.E-1));
#2843=VERTEX_POINT('',#2842);
#2844=CARTESIAN_POINT('',(9.E-1,6.3E-1,7.5E-1));
#2845=VERTEX_POINT('',#2844);
#2846=CARTESIAN_POINT('',(1.1E0,6.3E-1,7.5E-1));
#2847=VERTEX_POINT('',#2846);
#2848=CARTESIAN_POINT('',(1.15E0,5.8E-1,8.E-1));
#2849=VERTEX_POINT('',#2848);
#2850=CARTESIAN_POINT('',(1.15E0,6.7E-1,8.E-1));
#2851=VERTEX_POINT('',#2850);
#2852=CARTESIAN_POINT('',(1.1E0,6.587029665039E-1,7.5E-1));
#2853=VERTEX_POINT('',#2852);
#2854=CARTESIAN_POINT('',(1.1E0,8.8E-1,6.446204602399E-1));
#2855=CARTESIAN_POINT('',(1.15E0,8.8E-1,7.E-1));
#2856=VERTEX_POINT('',#2854);
#2857=VERTEX_POINT('',#2855);
#2858=CARTESIAN_POINT('',(6.E-1,1.4E-1,1.05E0));
#2859=CARTESIAN_POINT('',(6.E-1,1.9E-1,1.17E0));
#2860=VERTEX_POINT('',#2858);
#2861=VERTEX_POINT('',#2859);
#2862=CARTESIAN_POINT('',(4.E-1,1.4E-1,1.05E0));
#2863=CARTESIAN_POINT('',(4.E-1,1.9E-1,1.17E0));
#2864=VERTEX_POINT('',#2862);
#2865=VERTEX_POINT('',#2863);
#2866=CARTESIAN_POINT('',(6.E-1,1.E-1,1.35E0));
#2867=CARTESIAN_POINT('',(4.E-1,1.E-1,1.35E0));
#2868=VERTEX_POINT('',#2866);
#2869=VERTEX_POINT('',#2867);
#2870=CARTESIAN_POINT('',(6.E-1,6.3E-1,5.5E-1));
#2871=CARTESIAN_POINT('',(4.E-1,6.3E-1,5.5E-1));
#2872=VERTEX_POINT('',#2870);
#2873=VERTEX_POINT('',#2871);
#2874=CARTESIAN_POINT('',(4.E-1,8.8E-1,5.5E-1));
#2875=CARTESIAN_POINT('',(6.E-1,8.8E-1,5.5E-1));
#2876=VERTEX_POINT('',#2874);
#2877=VERTEX_POINT('',#2875);
#2878=CARTESIAN_POINT('',(6.E-1,0.E0,1.05E0));
#2879=CARTESIAN_POINT('',(6.E-1,0.E0,1.35E0));
#2880=VERTEX_POINT('',#2878);
#2881=VERTEX_POINT('',#2879);
#2882=CARTESIAN_POINT('',(4.E-1,0.E0,1.05E0));
#2883=CARTESIAN_POINT('',(4.E-1,0.E0,1.35E0));
#2884=VERTEX_POINT('',#2882);
#2885=VERTEX_POINT('',#2883);
#2886=CARTESIAN_POINT('',(6.E-1,4.7E-1,2.35E0));
#2887=CARTESIAN_POINT('',(6.E-1,3.1E-1,2.35E0));
#2888=VERTEX_POINT('',#2886);
#2889=VERTEX_POINT('',#2887);
#2890=CARTESIAN_POINT('',(6.E-1,2.4E-1,2.35E0));
#2891=CARTESIAN_POINT('',(6.E-1,2.2E-1,2.35E0));
#2892=VERTEX_POINT('',#2890);
#2893=VERTEX_POINT('',#2891);
#2894=CARTESIAN_POINT('',(6.E-1,2.2E-1,1.17E0));
#2895=VERTEX_POINT('',#2894);
#2896=CARTESIAN_POINT('',(4.E-1,4.7E-1,2.35E0));
#2897=CARTESIAN_POINT('',(4.E-1,3.1E-1,2.35E0));
#2898=VERTEX_POINT('',#2896);
#2899=VERTEX_POINT('',#2897);
#2900=CARTESIAN_POINT('',(4.E-1,2.4E-1,2.35E0));
#2901=CARTESIAN_POINT('',(4.E-1,2.2E-1,2.35E0));
#2902=VERTEX_POINT('',#2900);
#2903=VERTEX_POINT('',#2901);
#2904=CARTESIAN_POINT('',(4.E-1,2.2E-1,1.17E0));
#2905=VERTEX_POINT('',#2904);
#2906=CARTESIAN_POINT('',(6.E-1,4.7E-1,2.82E0));
#2907=CARTESIAN_POINT('',(6.3E-1,4.7E-1,2.85E0));
#2908=VERTEX_POINT('',#2906);
#2909=VERTEX_POINT('',#2907);
#2910=CARTESIAN_POINT('',(6.3E-1,2.8E-1,2.85E0));
#2911=VERTEX_POINT('',#2910);
#2912=CARTESIAN_POINT('',(6.E-1,3.1E-1,2.82E0));
#2913=VERTEX_POINT('',#2912);
#2914=CARTESIAN_POINT('',(4.E-1,3.1E-1,2.82E0));
#2915=VERTEX_POINT('',#2914);
#2916=CARTESIAN_POINT('',(3.7E-1,2.8E-1,2.85E0));
#2917=VERTEX_POINT('',#2916);
#2918=CARTESIAN_POINT('',(3.7E-1,4.7E-1,2.85E0));
#2919=CARTESIAN_POINT('',(4.E-1,4.7E-1,2.82E0));
#2920=VERTEX_POINT('',#2918);
#2921=VERTEX_POINT('',#2919);
#2922=CARTESIAN_POINT('',(4.E-1,1.E-1,2.82E0));
#2923=CARTESIAN_POINT('',(6.E-1,1.E-1,2.82E0));
#2924=VERTEX_POINT('',#2922);
#2925=VERTEX_POINT('',#2923);
#2926=CARTESIAN_POINT('',(3.7E-1,7.E-2,2.85E0));
#2927=CARTESIAN_POINT('',(6.3E-1,7.E-2,2.85E0));
#2928=VERTEX_POINT('',#2926);
#2929=VERTEX_POINT('',#2927);
#2930=CARTESIAN_POINT('',(6.3E-1,2.7E-1,2.85E0));
#2931=VERTEX_POINT('',#2930);
#2932=CARTESIAN_POINT('',(6.E-1,2.4E-1,2.82E0));
#2933=VERTEX_POINT('',#2932);
#2934=CARTESIAN_POINT('',(3.7E-1,2.7E-1,2.85E0));
#2935=VERTEX_POINT('',#2934);
#2936=CARTESIAN_POINT('',(4.E-1,2.4E-1,2.82E0));
#2937=VERTEX_POINT('',#2936);
#2938=CARTESIAN_POINT('',(3.5E-1,8.8E-1,7.E-1));
#2939=CARTESIAN_POINT('',(4.E-1,8.8E-1,6.446204602399E-1));
#2940=VERTEX_POINT('',#2938);
#2941=VERTEX_POINT('',#2939);
#2942=CARTESIAN_POINT('',(4.E-1,6.587029665039E-1,7.5E-1));
#2943=VERTEX_POINT('',#2942);
#2944=CARTESIAN_POINT('',(3.5E-1,6.7E-1,8.E-1));
#2945=VERTEX_POINT('',#2944);
#2946=CARTESIAN_POINT('',(3.5E-1,5.8E-1,8.E-1));
#2947=VERTEX_POINT('',#2946);
#2948=CARTESIAN_POINT('',(4.E-1,6.3E-1,7.5E-1));
#2949=VERTEX_POINT('',#2948);
#2950=CARTESIAN_POINT('',(6.E-1,6.3E-1,7.5E-1));
#2951=VERTEX_POINT('',#2950);
#2952=CARTESIAN_POINT('',(6.5E-1,5.8E-1,8.E-1));
#2953=VERTEX_POINT('',#2952);
#2954=CARTESIAN_POINT('',(6.5E-1,6.7E-1,8.E-1));
#2955=VERTEX_POINT('',#2954);
#2956=CARTESIAN_POINT('',(6.E-1,6.587029665039E-1,7.5E-1));
#2957=VERTEX_POINT('',#2956);
#2958=CARTESIAN_POINT('',(6.E-1,8.8E-1,6.446204602399E-1));
#2959=CARTESIAN_POINT('',(6.5E-1,8.8E-1,7.E-1));
#2960=VERTEX_POINT('',#2958);
#2961=VERTEX_POINT('',#2959);
#2962=CARTESIAN_POINT('',(1.E-1,1.4E-1,1.05E0));
#2963=CARTESIAN_POINT('',(1.E-1,1.9E-1,1.17E0));
#2964=VERTEX_POINT('',#2962);
#2965=VERTEX_POINT('',#2963);
#2966=CARTESIAN_POINT('',(-1.E-1,1.4E-1,1.05E0));
#2967=CARTESIAN_POINT('',(-1.E-1,1.9E-1,1.17E0));
#2968=VERTEX_POINT('',#2966);
#2969=VERTEX_POINT('',#2967);
#2970=CARTESIAN_POINT('',(1.E-1,1.E-1,1.35E0));
#2971=CARTESIAN_POINT('',(-1.E-1,1.E-1,1.35E0));
#2972=VERTEX_POINT('',#2970);
#2973=VERTEX_POINT('',#2971);
#2974=CARTESIAN_POINT('',(1.E-1,6.3E-1,5.5E-1));
#2975=CARTESIAN_POINT('',(-1.E-1,6.3E-1,5.5E-1));
#2976=VERTEX_POINT('',#2974);
#2977=VERTEX_POINT('',#2975);
#2978=CARTESIAN_POINT('',(-1.E-1,8.8E-1,5.5E-1));
#2979=CARTESIAN_POINT('',(1.E-1,8.8E-1,5.5E-1));
#2980=VERTEX_POINT('',#2978);
#2981=VERTEX_POINT('',#2979);
#2982=CARTESIAN_POINT('',(1.E-1,0.E0,1.05E0));
#2983=CARTESIAN_POINT('',(1.E-1,0.E0,1.35E0));
#2984=VERTEX_POINT('',#2982);
#2985=VERTEX_POINT('',#2983);
#2986=CARTESIAN_POINT('',(-1.E-1,0.E0,1.05E0));
#2987=CARTESIAN_POINT('',(-1.E-1,0.E0,1.35E0));
#2988=VERTEX_POINT('',#2986);
#2989=VERTEX_POINT('',#2987);
#2990=CARTESIAN_POINT('',(1.E-1,4.7E-1,2.35E0));
#2991=CARTESIAN_POINT('',(1.E-1,3.1E-1,2.35E0));
#2992=VERTEX_POINT('',#2990);
#2993=VERTEX_POINT('',#2991);
#2994=CARTESIAN_POINT('',(1.E-1,2.4E-1,2.35E0));
#2995=CARTESIAN_POINT('',(1.E-1,2.2E-1,2.35E0));
#2996=VERTEX_POINT('',#2994);
#2997=VERTEX_POINT('',#2995);
#2998=CARTESIAN_POINT('',(1.E-1,2.2E-1,1.17E0));
#2999=VERTEX_POINT('',#2998);
#3000=CARTESIAN_POINT('',(-1.E-1,4.7E-1,2.35E0));
#3001=CARTESIAN_POINT('',(-1.E-1,3.1E-1,2.35E0));
#3002=VERTEX_POINT('',#3000);
#3003=VERTEX_POINT('',#3001);
#3004=CARTESIAN_POINT('',(-1.E-1,2.4E-1,2.35E0));
#3005=CARTESIAN_POINT('',(-1.E-1,2.2E-1,2.35E0));
#3006=VERTEX_POINT('',#3004);
#3007=VERTEX_POINT('',#3005);
#3008=CARTESIAN_POINT('',(-1.E-1,2.2E-1,1.17E0));
#3009=VERTEX_POINT('',#3008);
#3010=CARTESIAN_POINT('',(1.E-1,4.7E-1,2.82E0));
#3011=CARTESIAN_POINT('',(1.3E-1,4.7E-1,2.85E0));
#3012=VERTEX_POINT('',#3010);
#3013=VERTEX_POINT('',#3011);
#3014=CARTESIAN_POINT('',(1.3E-1,2.8E-1,2.85E0));
#3015=VERTEX_POINT('',#3014);
#3016=CARTESIAN_POINT('',(1.E-1,3.1E-1,2.82E0));
#3017=VERTEX_POINT('',#3016);
#3018=CARTESIAN_POINT('',(-1.E-1,3.1E-1,2.82E0));
#3019=VERTEX_POINT('',#3018);
#3020=CARTESIAN_POINT('',(-1.3E-1,2.8E-1,2.85E0));
#3021=VERTEX_POINT('',#3020);
#3022=CARTESIAN_POINT('',(-1.3E-1,4.7E-1,2.85E0));
#3023=CARTESIAN_POINT('',(-1.E-1,4.7E-1,2.82E0));
#3024=VERTEX_POINT('',#3022);
#3025=VERTEX_POINT('',#3023);
#3026=CARTESIAN_POINT('',(-1.E-1,1.E-1,2.82E0));
#3027=CARTESIAN_POINT('',(1.E-1,1.E-1,2.82E0));
#3028=VERTEX_POINT('',#3026);
#3029=VERTEX_POINT('',#3027);
#3030=CARTESIAN_POINT('',(-1.3E-1,7.E-2,2.85E0));
#3031=CARTESIAN_POINT('',(1.3E-1,7.E-2,2.85E0));
#3032=VERTEX_POINT('',#3030);
#3033=VERTEX_POINT('',#3031);
#3034=CARTESIAN_POINT('',(1.3E-1,2.7E-1,2.85E0));
#3035=VERTEX_POINT('',#3034);
#3036=CARTESIAN_POINT('',(1.E-1,2.4E-1,2.82E0));
#3037=VERTEX_POINT('',#3036);
#3038=CARTESIAN_POINT('',(-1.3E-1,2.7E-1,2.85E0));
#3039=VERTEX_POINT('',#3038);
#3040=CARTESIAN_POINT('',(-1.E-1,2.4E-1,2.82E0));
#3041=VERTEX_POINT('',#3040);
#3042=CARTESIAN_POINT('',(-1.5E-1,8.8E-1,7.E-1));
#3043=CARTESIAN_POINT('',(-1.E-1,8.8E-1,6.446204602399E-1));
#3044=VERTEX_POINT('',#3042);
#3045=VERTEX_POINT('',#3043);
#3046=CARTESIAN_POINT('',(-1.E-1,6.587029665039E-1,7.5E-1));
#3047=VERTEX_POINT('',#3046);
#3048=CARTESIAN_POINT('',(-1.5E-1,6.7E-1,8.E-1));
#3049=VERTEX_POINT('',#3048);
#3050=CARTESIAN_POINT('',(-1.5E-1,5.8E-1,8.E-1));
#3051=VERTEX_POINT('',#3050);
#3052=CARTESIAN_POINT('',(-1.E-1,6.3E-1,7.5E-1));
#3053=VERTEX_POINT('',#3052);
#3054=CARTESIAN_POINT('',(1.E-1,6.3E-1,7.5E-1));
#3055=VERTEX_POINT('',#3054);
#3056=CARTESIAN_POINT('',(1.5E-1,5.8E-1,8.E-1));
#3057=VERTEX_POINT('',#3056);
#3058=CARTESIAN_POINT('',(1.5E-1,6.7E-1,8.E-1));
#3059=VERTEX_POINT('',#3058);
#3060=CARTESIAN_POINT('',(1.E-1,6.587029665039E-1,7.5E-1));
#3061=VERTEX_POINT('',#3060);
#3062=CARTESIAN_POINT('',(1.E-1,8.8E-1,6.446204602399E-1));
#3063=CARTESIAN_POINT('',(1.5E-1,8.8E-1,7.E-1));
#3064=VERTEX_POINT('',#3062);
#3065=VERTEX_POINT('',#3063);
#3066=CARTESIAN_POINT('',(-4.E-1,1.4E-1,1.05E0));
#3067=CARTESIAN_POINT('',(-4.E-1,1.9E-1,1.17E0));
#3068=VERTEX_POINT('',#3066);
#3069=VERTEX_POINT('',#3067);
#3070=CARTESIAN_POINT('',(-6.E-1,1.4E-1,1.05E0));
#3071=CARTESIAN_POINT('',(-6.E-1,1.9E-1,1.17E0));
#3072=VERTEX_POINT('',#3070);
#3073=VERTEX_POINT('',#3071);
#3074=CARTESIAN_POINT('',(-4.E-1,1.E-1,1.35E0));
#3075=CARTESIAN_POINT('',(-6.E-1,1.E-1,1.35E0));
#3076=VERTEX_POINT('',#3074);
#3077=VERTEX_POINT('',#3075);
#3078=CARTESIAN_POINT('',(-4.E-1,6.3E-1,5.5E-1));
#3079=CARTESIAN_POINT('',(-6.E-1,6.3E-1,5.5E-1));
#3080=VERTEX_POINT('',#3078);
#3081=VERTEX_POINT('',#3079);
#3082=CARTESIAN_POINT('',(-6.E-1,8.8E-1,5.5E-1));
#3083=CARTESIAN_POINT('',(-4.E-1,8.8E-1,5.5E-1));
#3084=VERTEX_POINT('',#3082);
#3085=VERTEX_POINT('',#3083);
#3086=CARTESIAN_POINT('',(-4.E-1,0.E0,1.05E0));
#3087=CARTESIAN_POINT('',(-4.E-1,0.E0,1.35E0));
#3088=VERTEX_POINT('',#3086);
#3089=VERTEX_POINT('',#3087);
#3090=CARTESIAN_POINT('',(-6.E-1,0.E0,1.05E0));
#3091=CARTESIAN_POINT('',(-6.E-1,0.E0,1.35E0));
#3092=VERTEX_POINT('',#3090);
#3093=VERTEX_POINT('',#3091);
#3094=CARTESIAN_POINT('',(-4.E-1,4.7E-1,2.35E0));
#3095=CARTESIAN_POINT('',(-4.E-1,3.1E-1,2.35E0));
#3096=VERTEX_POINT('',#3094);
#3097=VERTEX_POINT('',#3095);
#3098=CARTESIAN_POINT('',(-4.E-1,2.4E-1,2.35E0));
#3099=CARTESIAN_POINT('',(-4.E-1,2.2E-1,2.35E0));
#3100=VERTEX_POINT('',#3098);
#3101=VERTEX_POINT('',#3099);
#3102=CARTESIAN_POINT('',(-4.E-1,2.2E-1,1.17E0));
#3103=VERTEX_POINT('',#3102);
#3104=CARTESIAN_POINT('',(-6.E-1,4.7E-1,2.35E0));
#3105=CARTESIAN_POINT('',(-6.E-1,3.1E-1,2.35E0));
#3106=VERTEX_POINT('',#3104);
#3107=VERTEX_POINT('',#3105);
#3108=CARTESIAN_POINT('',(-6.E-1,2.4E-1,2.35E0));
#3109=CARTESIAN_POINT('',(-6.E-1,2.2E-1,2.35E0));
#3110=VERTEX_POINT('',#3108);
#3111=VERTEX_POINT('',#3109);
#3112=CARTESIAN_POINT('',(-6.E-1,2.2E-1,1.17E0));
#3113=VERTEX_POINT('',#3112);
#3114=CARTESIAN_POINT('',(-4.E-1,4.7E-1,2.82E0));
#3115=CARTESIAN_POINT('',(-3.7E-1,4.7E-1,2.85E0));
#3116=VERTEX_POINT('',#3114);
#3117=VERTEX_POINT('',#3115);
#3118=CARTESIAN_POINT('',(-3.7E-1,2.8E-1,2.85E0));
#3119=VERTEX_POINT('',#3118);
#3120=CARTESIAN_POINT('',(-4.E-1,3.1E-1,2.82E0));
#3121=VERTEX_POINT('',#3120);
#3122=CARTESIAN_POINT('',(-6.E-1,3.1E-1,2.82E0));
#3123=VERTEX_POINT('',#3122);
#3124=CARTESIAN_POINT('',(-6.3E-1,2.8E-1,2.85E0));
#3125=VERTEX_POINT('',#3124);
#3126=CARTESIAN_POINT('',(-6.3E-1,4.7E-1,2.85E0));
#3127=CARTESIAN_POINT('',(-6.E-1,4.7E-1,2.82E0));
#3128=VERTEX_POINT('',#3126);
#3129=VERTEX_POINT('',#3127);
#3130=CARTESIAN_POINT('',(-6.E-1,1.E-1,2.82E0));
#3131=CARTESIAN_POINT('',(-4.E-1,1.E-1,2.82E0));
#3132=VERTEX_POINT('',#3130);
#3133=VERTEX_POINT('',#3131);
#3134=CARTESIAN_POINT('',(-6.3E-1,7.E-2,2.85E0));
#3135=CARTESIAN_POINT('',(-3.7E-1,7.E-2,2.85E0));
#3136=VERTEX_POINT('',#3134);
#3137=VERTEX_POINT('',#3135);
#3138=CARTESIAN_POINT('',(-3.7E-1,2.7E-1,2.85E0));
#3139=VERTEX_POINT('',#3138);
#3140=CARTESIAN_POINT('',(-4.E-1,2.4E-1,2.82E0));
#3141=VERTEX_POINT('',#3140);
#3142=CARTESIAN_POINT('',(-6.3E-1,2.7E-1,2.85E0));
#3143=VERTEX_POINT('',#3142);
#3144=CARTESIAN_POINT('',(-6.E-1,2.4E-1,2.82E0));
#3145=VERTEX_POINT('',#3144);
#3146=CARTESIAN_POINT('',(-6.5E-1,8.8E-1,7.E-1));
#3147=CARTESIAN_POINT('',(-6.E-1,8.8E-1,6.446204602399E-1));
#3148=VERTEX_POINT('',#3146);
#3149=VERTEX_POINT('',#3147);
#3150=CARTESIAN_POINT('',(-6.E-1,6.587029665039E-1,7.5E-1));
#3151=VERTEX_POINT('',#3150);
#3152=CARTESIAN_POINT('',(-6.5E-1,6.7E-1,8.E-1));
#3153=VERTEX_POINT('',#3152);
#3154=CARTESIAN_POINT('',(-6.5E-1,5.8E-1,8.E-1));
#3155=VERTEX_POINT('',#3154);
#3156=CARTESIAN_POINT('',(-6.E-1,6.3E-1,7.5E-1));
#3157=VERTEX_POINT('',#3156);
#3158=CARTESIAN_POINT('',(-4.E-1,6.3E-1,7.5E-1));
#3159=VERTEX_POINT('',#3158);
#3160=CARTESIAN_POINT('',(-3.5E-1,5.8E-1,8.E-1));
#3161=VERTEX_POINT('',#3160);
#3162=CARTESIAN_POINT('',(-3.5E-1,6.7E-1,8.E-1));
#3163=VERTEX_POINT('',#3162);
#3164=CARTESIAN_POINT('',(-4.E-1,6.587029665039E-1,7.5E-1));
#3165=VERTEX_POINT('',#3164);
#3166=CARTESIAN_POINT('',(-4.E-1,8.8E-1,6.446204602399E-1));
#3167=CARTESIAN_POINT('',(-3.5E-1,8.8E-1,7.E-1));
#3168=VERTEX_POINT('',#3166);
#3169=VERTEX_POINT('',#3167);
#3170=CARTESIAN_POINT('',(1.5E0,4.7E-1,2.35E0));
#3171=CARTESIAN_POINT('',(1.5E0,2.2E-1,2.35E0));
#3172=VERTEX_POINT('',#3170);
#3173=VERTEX_POINT('',#3171);
#3174=CARTESIAN_POINT('',(-1.5E0,4.7E-1,2.35E0));
#3175=CARTESIAN_POINT('',(-1.5E0,2.2E-1,2.35E0));
#3176=VERTEX_POINT('',#3174);
#3177=VERTEX_POINT('',#3175);
#3178=CARTESIAN_POINT('',(1.3E0,0.E0,3.2E0));
#3179=VERTEX_POINT('',#3178);
#3180=CARTESIAN_POINT('',(-1.3E0,0.E0,3.2E0));
#3181=CARTESIAN_POINT('',(-1.3E0,4.7E-1,3.2E0));
#3182=VERTEX_POINT('',#3180);
#3183=VERTEX_POINT('',#3181);
#3184=CARTESIAN_POINT('',(1.3E0,4.7E-1,3.2E0));
#3185=VERTEX_POINT('',#3184);
#3186=CARTESIAN_POINT('',(-1.3E0,0.E0,2.85E0));
#3187=VERTEX_POINT('',#3186);
#3188=CARTESIAN_POINT('',(1.3E0,0.E0,2.85E0));
#3189=VERTEX_POINT('',#3188);
#3190=CARTESIAN_POINT('',(-1.3E0,4.7E-1,2.85E0));
#3191=VERTEX_POINT('',#3190);
#3192=CARTESIAN_POINT('',(1.3E0,4.7E-1,2.85E0));
#3193=VERTEX_POINT('',#3192);
#3194=CARTESIAN_POINT('',(-1.5E0,4.7E-1,3.5E-1));
#3195=CARTESIAN_POINT('',(-1.5E0,2.2E-1,3.5E-1));
#3196=VERTEX_POINT('',#3194);
#3197=VERTEX_POINT('',#3195);
#3198=CARTESIAN_POINT('',(-1.65E0,6.7E-1,0.E0));
#3199=CARTESIAN_POINT('',(-1.65E0,7.E-2,0.E0));
#3200=VERTEX_POINT('',#3198);
#3201=VERTEX_POINT('',#3199);
#3202=CARTESIAN_POINT('',(1.5E0,2.2E-1,3.5E-1));
#3203=CARTESIAN_POINT('',(1.5E0,4.7E-1,3.5E-1));
#3204=VERTEX_POINT('',#3202);
#3205=VERTEX_POINT('',#3203);
#3206=CARTESIAN_POINT('',(1.65E0,7.E-2,0.E0));
#3207=CARTESIAN_POINT('',(1.65E0,6.7E-1,0.E0));
#3208=VERTEX_POINT('',#3206);
#3209=VERTEX_POINT('',#3207);
#3210=CARTESIAN_POINT('',(1.9E0,6.7E-1,8.E-1));
#3211=CARTESIAN_POINT('',(1.9E0,6.7E-1,1.E0));
#3212=VERTEX_POINT('',#3210);
#3213=VERTEX_POINT('',#3211);
#3214=CARTESIAN_POINT('',(-1.9E0,6.7E-1,8.E-1));
#3215=CARTESIAN_POINT('',(-1.9E0,6.7E-1,1.E0));
#3216=VERTEX_POINT('',#3214);
#3217=VERTEX_POINT('',#3215);
#3218=CARTESIAN_POINT('',(1.5E0,5.2E-1,1.4E0));
#3219=CARTESIAN_POINT('',(1.5E0,4.7E-1,1.35E0));
#3220=VERTEX_POINT('',#3218);
#3221=VERTEX_POINT('',#3219);
#3222=CARTESIAN_POINT('',(1.5E0,4.7E-1,8.E-1));
#3223=VERTEX_POINT('',#3222);
#3224=CARTESIAN_POINT('',(-1.5E0,5.2E-1,1.4E0));
#3225=CARTESIAN_POINT('',(-1.5E0,4.7E-1,1.35E0));
#3226=VERTEX_POINT('',#3224);
#3227=VERTEX_POINT('',#3225);
#3228=CARTESIAN_POINT('',(-1.5E0,4.7E-1,8.E-1));
#3229=VERTEX_POINT('',#3228);
#3230=CARTESIAN_POINT('',(1.665E0,3.3E-1,2.65E0));
#3231=CARTESIAN_POINT('',(1.835E0,3.3E-1,2.65E0));
#3232=VERTEX_POINT('',#3230);
#3233=VERTEX_POINT('',#3231);
#3234=CARTESIAN_POINT('',(1.835E0,3.3E-1,1.65E0));
#3235=CARTESIAN_POINT('',(1.665E0,3.3E-1,1.65E0));
#3236=VERTEX_POINT('',#3234);
#3237=VERTEX_POINT('',#3235);
#3238=CARTESIAN_POINT('',(-1.835E0,3.3E-1,2.65E0));
#3239=CARTESIAN_POINT('',(-1.665E0,3.3E-1,2.65E0));
#3240=VERTEX_POINT('',#3238);
#3241=VERTEX_POINT('',#3239);
#3242=CARTESIAN_POINT('',(-1.665E0,3.3E-1,1.65E0));
#3243=CARTESIAN_POINT('',(-1.835E0,3.3E-1,1.65E0));
#3244=VERTEX_POINT('',#3242);
#3245=VERTEX_POINT('',#3243);
#3246=CARTESIAN_POINT('',(-1.415E0,1.5E-1,1.6E0));
#3247=CARTESIAN_POINT('',(-1.415E0,1.5E-1,2.7E0));
#3248=VERTEX_POINT('',#3246);
#3249=VERTEX_POINT('',#3247);
#3250=CARTESIAN_POINT('',(1.415E0,1.5E-1,2.7E0));
#3251=CARTESIAN_POINT('',(1.415E0,1.5E-1,1.6E0));
#3252=VERTEX_POINT('',#3250);
#3253=VERTEX_POINT('',#3251);
#3254=CARTESIAN_POINT('',(-2.E0,1.5E-1,1.6E0));
#3255=CARTESIAN_POINT('',(-2.E0,1.5E-1,1.85E0));
#3256=VERTEX_POINT('',#3254);
#3257=VERTEX_POINT('',#3255);
#3258=CARTESIAN_POINT('',(-2.E0,1.5E-1,2.45E0));
#3259=CARTESIAN_POINT('',(-2.E0,1.5E-1,2.7E0));
#3260=VERTEX_POINT('',#3258);
#3261=VERTEX_POINT('',#3259);
#3262=CARTESIAN_POINT('',(-2.E0,0.E0,1.6E0));
#3263=VERTEX_POINT('',#3262);
#3264=CARTESIAN_POINT('',(-2.E0,0.E0,2.7E0));
#3265=VERTEX_POINT('',#3264);
#3266=CARTESIAN_POINT('',(2.E0,1.5E-1,1.6E0));
#3267=CARTESIAN_POINT('',(2.E0,1.5E-1,1.85E0));
#3268=VERTEX_POINT('',#3266);
#3269=VERTEX_POINT('',#3267);
#3270=CARTESIAN_POINT('',(2.E0,1.5E-1,2.45E0));
#3271=CARTESIAN_POINT('',(2.E0,1.5E-1,2.7E0));
#3272=VERTEX_POINT('',#3270);
#3273=VERTEX_POINT('',#3271);
#3274=CARTESIAN_POINT('',(2.E0,0.E0,2.7E0));
#3275=VERTEX_POINT('',#3274);
#3276=CARTESIAN_POINT('',(2.E0,0.E0,1.6E0));
#3277=VERTEX_POINT('',#3276);
#3278=CARTESIAN_POINT('',(-1.415E0,0.E0,1.6E0));
#3279=VERTEX_POINT('',#3278);
#3280=CARTESIAN_POINT('',(-1.415E0,0.E0,2.7E0));
#3281=VERTEX_POINT('',#3280);
#3282=CARTESIAN_POINT('',(1.415E0,0.E0,2.7E0));
#3283=VERTEX_POINT('',#3282);
#3284=CARTESIAN_POINT('',(1.415E0,0.E0,1.6E0));
#3285=VERTEX_POINT('',#3284);
#3286=CARTESIAN_POINT('',(1.665E0,1.5E-1,1.85E0));
#3287=CARTESIAN_POINT('',(1.665E0,1.5E-1,2.45E0));
#3288=VERTEX_POINT('',#3286);
#3289=VERTEX_POINT('',#3287);
#3290=CARTESIAN_POINT('',(-1.665E0,1.5E-1,2.45E0));
#3291=CARTESIAN_POINT('',(-1.665E0,1.5E-1,1.85E0));
#3292=VERTEX_POINT('',#3290);
#3293=VERTEX_POINT('',#3291);
#3294=CARTESIAN_POINT('',(-1.835E0,2.8E-1,1.85E0));
#3295=CARTESIAN_POINT('',(-1.665E0,2.8E-1,1.85E0));
#3296=VERTEX_POINT('',#3294);
#3297=VERTEX_POINT('',#3295);
#3298=CARTESIAN_POINT('',(-1.835E0,3.3E-1,1.8E0));
#3299=CARTESIAN_POINT('',(-1.665E0,3.3E-1,1.8E0));
#3300=VERTEX_POINT('',#3298);
#3301=VERTEX_POINT('',#3299);
#3302=CARTESIAN_POINT('',(-1.665E0,2.8E-1,2.45E0));
#3303=CARTESIAN_POINT('',(-1.835E0,2.8E-1,2.45E0));
#3304=VERTEX_POINT('',#3302);
#3305=VERTEX_POINT('',#3303);
#3306=CARTESIAN_POINT('',(-1.665E0,3.3E-1,2.5E0));
#3307=CARTESIAN_POINT('',(-1.835E0,3.3E-1,2.5E0));
#3308=VERTEX_POINT('',#3306);
#3309=VERTEX_POINT('',#3307);
#3310=CARTESIAN_POINT('',(1.665E0,2.8E-1,1.85E0));
#3311=CARTESIAN_POINT('',(1.835E0,2.8E-1,1.85E0));
#3312=VERTEX_POINT('',#3310);
#3313=VERTEX_POINT('',#3311);
#3314=CARTESIAN_POINT('',(1.665E0,3.3E-1,1.8E0));
#3315=CARTESIAN_POINT('',(1.835E0,3.3E-1,1.8E0));
#3316=VERTEX_POINT('',#3314);
#3317=VERTEX_POINT('',#3315);
#3318=CARTESIAN_POINT('',(1.835E0,2.8E-1,2.45E0));
#3319=CARTESIAN_POINT('',(1.665E0,2.8E-1,2.45E0));
#3320=VERTEX_POINT('',#3318);
#3321=VERTEX_POINT('',#3319);
#3322=CARTESIAN_POINT('',(1.835E0,3.3E-1,2.5E0));
#3323=CARTESIAN_POINT('',(1.665E0,3.3E-1,2.5E0));
#3324=VERTEX_POINT('',#3322);
#3325=VERTEX_POINT('',#3323);
#3326=CARTESIAN_POINT('',(1.835E0,8.3E-1,1.85E0));
#3327=VERTEX_POINT('',#3326);
#3328=CARTESIAN_POINT('',(1.835E0,8.3E-1,2.45E0));
#3329=VERTEX_POINT('',#3328);
#3330=CARTESIAN_POINT('',(-1.835E0,8.3E-1,1.85E0));
#3331=VERTEX_POINT('',#3330);
#3332=CARTESIAN_POINT('',(-1.835E0,8.3E-1,2.45E0));
#3333=VERTEX_POINT('',#3332);
#3334=CARTESIAN_POINT('',(2.E0,8.3E-1,2.45E0));
#3335=CARTESIAN_POINT('',(2.E0,8.8E-1,2.5E0));
#3336=VERTEX_POINT('',#3334);
#3337=VERTEX_POINT('',#3335);
#3338=CARTESIAN_POINT('',(1.885E0,8.8E-1,2.5E0));
#3339=VERTEX_POINT('',#3338);
#3340=CARTESIAN_POINT('',(1.885E0,8.8E-1,2.7E0));
#3341=VERTEX_POINT('',#3340);
#3342=CARTESIAN_POINT('',(1.835E0,8.3E-1,2.65E0));
#3343=VERTEX_POINT('',#3342);
#3344=CARTESIAN_POINT('',(1.615E0,8.8E-1,2.7E0));
#3345=VERTEX_POINT('',#3344);
#3346=CARTESIAN_POINT('',(1.665E0,8.3E-1,2.65E0));
#3347=VERTEX_POINT('',#3346);
#3348=CARTESIAN_POINT('',(1.665E0,8.3E-1,1.65E0));
#3349=VERTEX_POINT('',#3348);
#3350=CARTESIAN_POINT('',(1.615E0,8.8E-1,1.6E0));
#3351=VERTEX_POINT('',#3350);
#3352=CARTESIAN_POINT('',(1.835E0,8.3E-1,1.65E0));
#3353=VERTEX_POINT('',#3352);
#3354=CARTESIAN_POINT('',(1.885E0,8.8E-1,1.6E0));
#3355=VERTEX_POINT('',#3354);
#3356=CARTESIAN_POINT('',(1.885E0,8.8E-1,1.8E0));
#3357=VERTEX_POINT('',#3356);
#3358=CARTESIAN_POINT('',(2.E0,8.8E-1,1.8E0));
#3359=CARTESIAN_POINT('',(2.E0,8.3E-1,1.85E0));
#3360=VERTEX_POINT('',#3358);
#3361=VERTEX_POINT('',#3359);
#3362=CARTESIAN_POINT('',(-2.E0,8.3E-1,1.85E0));
#3363=CARTESIAN_POINT('',(-2.E0,8.8E-1,1.8E0));
#3364=VERTEX_POINT('',#3362);
#3365=VERTEX_POINT('',#3363);
#3366=CARTESIAN_POINT('',(-1.885E0,8.8E-1,1.8E0));
#3367=VERTEX_POINT('',#3366);
#3368=CARTESIAN_POINT('',(-1.835E0,8.3E-1,1.65E0));
#3369=VERTEX_POINT('',#3368);
#3370=CARTESIAN_POINT('',(-1.885E0,8.8E-1,1.6E0));
#3371=VERTEX_POINT('',#3370);
#3372=CARTESIAN_POINT('',(-1.665E0,8.3E-1,1.65E0));
#3373=VERTEX_POINT('',#3372);
#3374=CARTESIAN_POINT('',(-1.615E0,8.8E-1,1.6E0));
#3375=VERTEX_POINT('',#3374);
#3376=CARTESIAN_POINT('',(-1.615E0,8.8E-1,2.7E0));
#3377=VERTEX_POINT('',#3376);
#3378=CARTESIAN_POINT('',(-1.665E0,8.3E-1,2.65E0));
#3379=VERTEX_POINT('',#3378);
#3380=CARTESIAN_POINT('',(-1.885E0,8.8E-1,2.7E0));
#3381=VERTEX_POINT('',#3380);
#3382=CARTESIAN_POINT('',(-1.835E0,8.3E-1,2.65E0));
#3383=VERTEX_POINT('',#3382);
#3384=CARTESIAN_POINT('',(-1.885E0,8.8E-1,2.5E0));
#3385=VERTEX_POINT('',#3384);
#3386=CARTESIAN_POINT('',(-2.E0,8.8E-1,2.5E0));
#3387=CARTESIAN_POINT('',(-2.E0,8.3E-1,2.45E0));
#3388=VERTEX_POINT('',#3386);
#3389=VERTEX_POINT('',#3387);
#3390=CARTESIAN_POINT('',(-1.55E0,8.8E-1,1.4E0));
#3391=CARTESIAN_POINT('',(-1.5E0,8.3E-1,1.4E0));
#3392=VERTEX_POINT('',#3390);
#3393=VERTEX_POINT('',#3391);
#3394=CARTESIAN_POINT('',(-1.5E0,8.3E-1,3.2E0));
#3395=VERTEX_POINT('',#3394);
#3396=CARTESIAN_POINT('',(-1.55E0,8.8E-1,3.2E0));
#3397=VERTEX_POINT('',#3396);
#3398=CARTESIAN_POINT('',(1.55E0,8.8E-1,3.2E0));
#3399=CARTESIAN_POINT('',(1.5E0,8.3E-1,3.2E0));
#3400=VERTEX_POINT('',#3398);
#3401=VERTEX_POINT('',#3399);
#3402=CARTESIAN_POINT('',(1.5E0,8.3E-1,1.4E0));
#3403=VERTEX_POINT('',#3402);
#3404=CARTESIAN_POINT('',(1.55E0,8.8E-1,1.4E0));
#3405=VERTEX_POINT('',#3404);
#3406=CARTESIAN_POINT('',(-1.95E0,8.8E-1,1.4E0));
#3407=CARTESIAN_POINT('',(-1.95E0,8.8E-1,9.5E-1));
#3408=VERTEX_POINT('',#3406);
#3409=VERTEX_POINT('',#3407);
#3410=CARTESIAN_POINT('',(-1.9E0,8.3E-1,1.4E0));
#3411=CARTESIAN_POINT('',(-1.9E0,8.3E-1,1.E0));
#3412=VERTEX_POINT('',#3410);
#3413=VERTEX_POINT('',#3411);
#3414=CARTESIAN_POINT('',(1.9E0,8.3E-1,1.E0));
#3415=CARTESIAN_POINT('',(1.9E0,8.3E-1,1.4E0));
#3416=VERTEX_POINT('',#3414);
#3417=VERTEX_POINT('',#3415);
#3418=CARTESIAN_POINT('',(1.95E0,8.8E-1,9.5E-1));
#3419=CARTESIAN_POINT('',(1.95E0,8.8E-1,1.4E0));
#3420=VERTEX_POINT('',#3418);
#3421=VERTEX_POINT('',#3419);
#3422=CARTESIAN_POINT('',(1.75E0,8.8E-1,9.5E-1));
#3423=CARTESIAN_POINT('',(1.75E0,8.8E-1,7.E-1));
#3424=VERTEX_POINT('',#3422);
#3425=VERTEX_POINT('',#3423);
#3426=CARTESIAN_POINT('',(-1.75E0,8.8E-1,9.5E-1));
#3427=CARTESIAN_POINT('',(-1.75E0,8.8E-1,7.E-1));
#3428=VERTEX_POINT('',#3426);
#3429=VERTEX_POINT('',#3427);
#3430=CARTESIAN_POINT('',(1.75E0,6.7E-1,8.E-1));
#3431=CARTESIAN_POINT('',(1.75E0,6.7E-1,1.E0));
#3432=VERTEX_POINT('',#3430);
#3433=VERTEX_POINT('',#3431);
#3434=CARTESIAN_POINT('',(-1.75E0,6.7E-1,8.E-1));
#3435=CARTESIAN_POINT('',(-1.75E0,6.7E-1,1.E0));
#3436=VERTEX_POINT('',#3434);
#3437=VERTEX_POINT('',#3435);
#3438=CARTESIAN_POINT('',(1.75E0,8.3E-1,1.E0));
#3439=VERTEX_POINT('',#3438);
#3440=CARTESIAN_POINT('',(-1.75E0,8.3E-1,1.E0));
#3441=VERTEX_POINT('',#3440);
#3442=CARTESIAN_POINT('',(-1.9E0,0.E0,1.4E0));
#3443=CARTESIAN_POINT('',(-1.9E0,0.E0,8.E-1));
#3444=VERTEX_POINT('',#3442);
#3445=VERTEX_POINT('',#3443);
#3446=CARTESIAN_POINT('',(-1.7E0,0.E0,8.E-1));
#3447=VERTEX_POINT('',#3446);
#3448=CARTESIAN_POINT('',(-1.7E0,0.E0,1.4E0));
#3449=VERTEX_POINT('',#3448);
#3450=CARTESIAN_POINT('',(1.9E0,0.E0,1.4E0));
#3451=CARTESIAN_POINT('',(1.7E0,0.E0,1.4E0));
#3452=VERTEX_POINT('',#3450);
#3453=VERTEX_POINT('',#3451);
#3454=CARTESIAN_POINT('',(1.7E0,0.E0,8.E-1));
#3455=VERTEX_POINT('',#3454);
#3456=CARTESIAN_POINT('',(1.9E0,0.E0,8.E-1));
#3457=VERTEX_POINT('',#3456);
#3458=CARTESIAN_POINT('',(-1.7E0,5.2E-1,1.4E0));
#3459=CARTESIAN_POINT('',(-1.7E0,4.7E-1,1.35E0));
#3460=VERTEX_POINT('',#3458);
#3461=VERTEX_POINT('',#3459);
#3462=CARTESIAN_POINT('',(1.7E0,5.2E-1,1.4E0));
#3463=CARTESIAN_POINT('',(1.7E0,4.7E-1,1.35E0));
#3464=VERTEX_POINT('',#3462);
#3465=VERTEX_POINT('',#3463);
#3466=CARTESIAN_POINT('',(-1.7E0,4.7E-1,8.E-1));
#3467=VERTEX_POINT('',#3466);
#3468=CARTESIAN_POINT('',(1.7E0,4.7E-1,8.E-1));
#3469=VERTEX_POINT('',#3468);
#3470=CARTESIAN_POINT('',(1.65E0,4.7E-1,2.8E0));
#3471=CARTESIAN_POINT('',(1.65E0,6.3E-1,2.8E0));
#3472=VERTEX_POINT('',#3470);
#3473=VERTEX_POINT('',#3471);
#3474=CARTESIAN_POINT('',(-1.65E0,6.3E-1,2.8E0));
#3475=CARTESIAN_POINT('',(-1.65E0,4.7E-1,2.8E0));
#3476=VERTEX_POINT('',#3474);
#3477=VERTEX_POINT('',#3475);
#3478=CARTESIAN_POINT('',(1.65E0,4.7E-1,3.2E0));
#3479=CARTESIAN_POINT('',(1.65E0,6.3E-1,3.2E0));
#3480=VERTEX_POINT('',#3478);
#3481=VERTEX_POINT('',#3479);
#3482=CARTESIAN_POINT('',(1.5E0,6.7E-1,3.2E0));
#3483=VERTEX_POINT('',#3482);
#3484=CARTESIAN_POINT('',(-1.5E0,6.7E-1,3.2E0));
#3485=CARTESIAN_POINT('',(-1.65E0,6.3E-1,3.2E0));
#3486=VERTEX_POINT('',#3484);
#3487=VERTEX_POINT('',#3485);
#3488=CARTESIAN_POINT('',(-1.65E0,4.7E-1,3.2E0));
#3489=VERTEX_POINT('',#3488);
#3490=CARTESIAN_POINT('',(1.5E0,4.7E-1,2.8E0));
#3491=CARTESIAN_POINT('',(1.5E0,6.7E-1,2.8E0));
#3492=VERTEX_POINT('',#3490);
#3493=VERTEX_POINT('',#3491);
#3494=CARTESIAN_POINT('',(-1.5E0,4.7E-1,2.8E0));
#3495=CARTESIAN_POINT('',(-1.5E0,6.7E-1,2.8E0));
#3496=VERTEX_POINT('',#3494);
#3497=VERTEX_POINT('',#3495);
#3498=CARTESIAN_POINT('',(-9.E-1,1.4E-1,1.05E0));
#3499=CARTESIAN_POINT('',(-9.E-1,1.9E-1,1.17E0));
#3500=VERTEX_POINT('',#3498);
#3501=VERTEX_POINT('',#3499);
#3502=CARTESIAN_POINT('',(-1.1E0,1.4E-1,1.05E0));
#3503=CARTESIAN_POINT('',(-1.1E0,1.9E-1,1.17E0));
#3504=VERTEX_POINT('',#3502);
#3505=VERTEX_POINT('',#3503);
#3506=CARTESIAN_POINT('',(-9.E-1,1.E-1,1.35E0));
#3507=CARTESIAN_POINT('',(-1.1E0,1.E-1,1.35E0));
#3508=VERTEX_POINT('',#3506);
#3509=VERTEX_POINT('',#3507);
#3510=CARTESIAN_POINT('',(-9.E-1,6.3E-1,5.5E-1));
#3511=CARTESIAN_POINT('',(-1.1E0,6.3E-1,5.5E-1));
#3512=VERTEX_POINT('',#3510);
#3513=VERTEX_POINT('',#3511);
#3514=CARTESIAN_POINT('',(-1.1E0,8.8E-1,5.5E-1));
#3515=CARTESIAN_POINT('',(-9.E-1,8.8E-1,5.5E-1));
#3516=VERTEX_POINT('',#3514);
#3517=VERTEX_POINT('',#3515);
#3518=CARTESIAN_POINT('',(-9.E-1,0.E0,1.05E0));
#3519=CARTESIAN_POINT('',(-9.E-1,0.E0,1.35E0));
#3520=VERTEX_POINT('',#3518);
#3521=VERTEX_POINT('',#3519);
#3522=CARTESIAN_POINT('',(-1.1E0,0.E0,1.05E0));
#3523=CARTESIAN_POINT('',(-1.1E0,0.E0,1.35E0));
#3524=VERTEX_POINT('',#3522);
#3525=VERTEX_POINT('',#3523);
#3526=CARTESIAN_POINT('',(-9.E-1,4.7E-1,2.35E0));
#3527=CARTESIAN_POINT('',(-9.E-1,3.1E-1,2.35E0));
#3528=VERTEX_POINT('',#3526);
#3529=VERTEX_POINT('',#3527);
#3530=CARTESIAN_POINT('',(-9.E-1,2.4E-1,2.35E0));
#3531=CARTESIAN_POINT('',(-9.E-1,2.2E-1,2.35E0));
#3532=VERTEX_POINT('',#3530);
#3533=VERTEX_POINT('',#3531);
#3534=CARTESIAN_POINT('',(-9.E-1,2.2E-1,1.17E0));
#3535=VERTEX_POINT('',#3534);
#3536=CARTESIAN_POINT('',(-1.1E0,4.7E-1,2.35E0));
#3537=CARTESIAN_POINT('',(-1.1E0,3.1E-1,2.35E0));
#3538=VERTEX_POINT('',#3536);
#3539=VERTEX_POINT('',#3537);
#3540=CARTESIAN_POINT('',(-1.1E0,2.4E-1,2.35E0));
#3541=CARTESIAN_POINT('',(-1.1E0,2.2E-1,2.35E0));
#3542=VERTEX_POINT('',#3540);
#3543=VERTEX_POINT('',#3541);
#3544=CARTESIAN_POINT('',(-1.1E0,2.2E-1,1.17E0));
#3545=VERTEX_POINT('',#3544);
#3546=CARTESIAN_POINT('',(-9.E-1,4.7E-1,2.82E0));
#3547=CARTESIAN_POINT('',(-8.7E-1,4.7E-1,2.85E0));
#3548=VERTEX_POINT('',#3546);
#3549=VERTEX_POINT('',#3547);
#3550=CARTESIAN_POINT('',(-8.7E-1,2.8E-1,2.85E0));
#3551=VERTEX_POINT('',#3550);
#3552=CARTESIAN_POINT('',(-9.E-1,3.1E-1,2.82E0));
#3553=VERTEX_POINT('',#3552);
#3554=CARTESIAN_POINT('',(-1.1E0,3.1E-1,2.82E0));
#3555=VERTEX_POINT('',#3554);
#3556=CARTESIAN_POINT('',(-1.13E0,2.8E-1,2.85E0));
#3557=VERTEX_POINT('',#3556);
#3558=CARTESIAN_POINT('',(-1.13E0,4.7E-1,2.85E0));
#3559=CARTESIAN_POINT('',(-1.1E0,4.7E-1,2.82E0));
#3560=VERTEX_POINT('',#3558);
#3561=VERTEX_POINT('',#3559);
#3562=CARTESIAN_POINT('',(-1.1E0,1.E-1,2.82E0));
#3563=CARTESIAN_POINT('',(-9.E-1,1.E-1,2.82E0));
#3564=VERTEX_POINT('',#3562);
#3565=VERTEX_POINT('',#3563);
#3566=CARTESIAN_POINT('',(-1.13E0,7.E-2,2.85E0));
#3567=CARTESIAN_POINT('',(-8.7E-1,7.E-2,2.85E0));
#3568=VERTEX_POINT('',#3566);
#3569=VERTEX_POINT('',#3567);
#3570=CARTESIAN_POINT('',(-8.7E-1,2.7E-1,2.85E0));
#3571=VERTEX_POINT('',#3570);
#3572=CARTESIAN_POINT('',(-9.E-1,2.4E-1,2.82E0));
#3573=VERTEX_POINT('',#3572);
#3574=CARTESIAN_POINT('',(-1.13E0,2.7E-1,2.85E0));
#3575=VERTEX_POINT('',#3574);
#3576=CARTESIAN_POINT('',(-1.1E0,2.4E-1,2.82E0));
#3577=VERTEX_POINT('',#3576);
#3578=CARTESIAN_POINT('',(-1.15E0,8.8E-1,7.E-1));
#3579=CARTESIAN_POINT('',(-1.1E0,8.8E-1,6.446204602399E-1));
#3580=VERTEX_POINT('',#3578);
#3581=VERTEX_POINT('',#3579);
#3582=CARTESIAN_POINT('',(-1.1E0,6.587029665039E-1,7.5E-1));
#3583=VERTEX_POINT('',#3582);
#3584=CARTESIAN_POINT('',(-1.15E0,6.7E-1,8.E-1));
#3585=VERTEX_POINT('',#3584);
#3586=CARTESIAN_POINT('',(-1.15E0,5.8E-1,8.E-1));
#3587=VERTEX_POINT('',#3586);
#3588=CARTESIAN_POINT('',(-1.1E0,6.3E-1,7.5E-1));
#3589=VERTEX_POINT('',#3588);
#3590=CARTESIAN_POINT('',(-9.E-1,6.3E-1,7.5E-1));
#3591=VERTEX_POINT('',#3590);
#3592=CARTESIAN_POINT('',(-8.5E-1,5.8E-1,8.E-1));
#3593=VERTEX_POINT('',#3592);
#3594=CARTESIAN_POINT('',(-8.5E-1,6.7E-1,8.E-1));
#3595=VERTEX_POINT('',#3594);
#3596=CARTESIAN_POINT('',(-9.E-1,6.587029665039E-1,7.5E-1));
#3597=VERTEX_POINT('',#3596);
#3598=CARTESIAN_POINT('',(-9.E-1,8.8E-1,6.446204602399E-1));
#3599=CARTESIAN_POINT('',(-8.5E-1,8.8E-1,7.E-1));
#3600=VERTEX_POINT('',#3598);
#3601=VERTEX_POINT('',#3599);
#3602=CARTESIAN_POINT('',(-2.E0,0.E0,0.E0));
#3603=DIRECTION('',(1.E0,0.E0,0.E0));
#3604=DIRECTION('',(0.E0,0.E0,-1.E0));
#3605=AXIS2_PLACEMENT_3D('',#3602,#3603,#3604);
#3606=PLANE('',#3605);
#3608=ORIENTED_EDGE('',*,*,#3607,.F.);
#3610=ORIENTED_EDGE('',*,*,#3609,.F.);
#3612=ORIENTED_EDGE('',*,*,#3611,.F.);
#3614=ORIENTED_EDGE('',*,*,#3613,.F.);
#3616=ORIENTED_EDGE('',*,*,#3615,.T.);
#3618=ORIENTED_EDGE('',*,*,#3617,.T.);
#3620=ORIENTED_EDGE('',*,*,#3619,.T.);
#3621=EDGE_LOOP('',(#3608,#3610,#3612,#3614,#3616,#3618,#3620));
#3622=FACE_OUTER_BOUND('',#3621,.F.);
#3623=ADVANCED_FACE('',(#3622),#3606,.F.);
#3624=CARTESIAN_POINT('',(-2.E0,0.E0,0.E0));
#3625=DIRECTION('',(1.E0,0.E0,0.E0));
#3626=DIRECTION('',(0.E0,0.E0,-1.E0));
#3627=AXIS2_PLACEMENT_3D('',#3624,#3625,#3626);
#3628=PLANE('',#3627);
#3630=ORIENTED_EDGE('',*,*,#3629,.F.);
#3632=ORIENTED_EDGE('',*,*,#3631,.T.);
#3634=ORIENTED_EDGE('',*,*,#3633,.T.);
#3636=ORIENTED_EDGE('',*,*,#3635,.T.);
#3638=ORIENTED_EDGE('',*,*,#3637,.T.);
#3640=ORIENTED_EDGE('',*,*,#3639,.F.);
#3642=ORIENTED_EDGE('',*,*,#3641,.T.);
#3643=EDGE_LOOP('',(#3630,#3632,#3634,#3636,#3638,#3640,#3642));
#3644=FACE_OUTER_BOUND('',#3643,.F.);
#3645=ADVANCED_FACE('',(#3644),#3628,.F.);
#3646=CARTESIAN_POINT('',(-1.9175E0,8.55E-1,1.825E0));
#3647=DIRECTION('',(0.E0,7.071067811865E-1,7.071067811865E-1));
#3648=DIRECTION('',(-1.E0,0.E0,0.E0));
#3649=AXIS2_PLACEMENT_3D('',#3646,#3647,#3648);
#3650=PLANE('',#3649);
#3651=ORIENTED_EDGE('',*,*,#3607,.T.);
#3653=ORIENTED_EDGE('',*,*,#3652,.T.);
#3655=ORIENTED_EDGE('',*,*,#3654,.F.);
#3657=ORIENTED_EDGE('',*,*,#3656,.F.);
#3658=EDGE_LOOP('',(#3651,#3653,#3655,#3657));
#3659=FACE_OUTER_BOUND('',#3658,.F.);
#3660=ADVANCED_FACE('',(#3659),#3650,.T.);
#3661=CARTESIAN_POINT('',(-2.E0,8.8E-1,0.E0));
#3662=DIRECTION('',(0.E0,1.E0,0.E0));
#3663=DIRECTION('',(0.E0,0.E0,1.E0));
#3664=AXIS2_PLACEMENT_3D('',#3661,#3662,#3663);
#3665=PLANE('',#3664);
#3667=ORIENTED_EDGE('',*,*,#3666,.T.);
#3669=ORIENTED_EDGE('',*,*,#3668,.F.);
#3671=ORIENTED_EDGE('',*,*,#3670,.F.);
#3673=ORIENTED_EDGE('',*,*,#3672,.F.);
#3675=ORIENTED_EDGE('',*,*,#3674,.F.);
#3677=ORIENTED_EDGE('',*,*,#3676,.T.);
#3679=ORIENTED_EDGE('',*,*,#3678,.F.);
#3681=ORIENTED_EDGE('',*,*,#3680,.F.);
#3683=ORIENTED_EDGE('',*,*,#3682,.F.);
#3685=ORIENTED_EDGE('',*,*,#3684,.F.);
#3687=ORIENTED_EDGE('',*,*,#3686,.F.);
#3689=ORIENTED_EDGE('',*,*,#3688,.T.);
#3691=ORIENTED_EDGE('',*,*,#3690,.F.);
#3693=ORIENTED_EDGE('',*,*,#3692,.F.);
#3695=ORIENTED_EDGE('',*,*,#3694,.F.);
#3697=ORIENTED_EDGE('',*,*,#3696,.F.);
#3699=ORIENTED_EDGE('',*,*,#3698,.F.);
#3701=ORIENTED_EDGE('',*,*,#3700,.T.);
#3703=ORIENTED_EDGE('',*,*,#3702,.F.);
#3705=ORIENTED_EDGE('',*,*,#3704,.F.);
#3707=ORIENTED_EDGE('',*,*,#3706,.F.);
#3709=ORIENTED_EDGE('',*,*,#3708,.F.);
#3711=ORIENTED_EDGE('',*,*,#3710,.F.);
#3713=ORIENTED_EDGE('',*,*,#3712,.T.);
#3715=ORIENTED_EDGE('',*,*,#3714,.F.);
#3717=ORIENTED_EDGE('',*,*,#3716,.F.);
#3719=ORIENTED_EDGE('',*,*,#3718,.F.);
#3721=ORIENTED_EDGE('',*,*,#3720,.F.);
#3723=ORIENTED_EDGE('',*,*,#3722,.F.);
#3725=ORIENTED_EDGE('',*,*,#3724,.T.);
#3727=ORIENTED_EDGE('',*,*,#3726,.F.);
#3729=ORIENTED_EDGE('',*,*,#3728,.F.);
#3731=ORIENTED_EDGE('',*,*,#3730,.F.);
#3733=ORIENTED_EDGE('',*,*,#3732,.F.);
#3735=ORIENTED_EDGE('',*,*,#3734,.F.);
#3737=ORIENTED_EDGE('',*,*,#3736,.F.);
#3739=ORIENTED_EDGE('',*,*,#3738,.F.);
#3741=ORIENTED_EDGE('',*,*,#3740,.F.);
#3742=ORIENTED_EDGE('',*,*,#3631,.F.);
#3744=ORIENTED_EDGE('',*,*,#3743,.F.);
#3746=ORIENTED_EDGE('',*,*,#3745,.F.);
#3748=ORIENTED_EDGE('',*,*,#3747,.F.);
#3750=ORIENTED_EDGE('',*,*,#3749,.F.);
#3752=ORIENTED_EDGE('',*,*,#3751,.F.);
#3754=ORIENTED_EDGE('',*,*,#3753,.F.);
#3755=ORIENTED_EDGE('',*,*,#3652,.F.);
#3756=ORIENTED_EDGE('',*,*,#3619,.F.);
#3758=ORIENTED_EDGE('',*,*,#3757,.T.);
#3760=ORIENTED_EDGE('',*,*,#3759,.T.);
#3762=ORIENTED_EDGE('',*,*,#3761,.F.);
#3764=ORIENTED_EDGE('',*,*,#3763,.F.);
#3766=ORIENTED_EDGE('',*,*,#3765,.F.);
#3768=ORIENTED_EDGE('',*,*,#3767,.F.);
#3770=ORIENTED_EDGE('',*,*,#3769,.F.);
#3772=ORIENTED_EDGE('',*,*,#3771,.F.);
#3774=ORIENTED_EDGE('',*,*,#3773,.F.);
#3776=ORIENTED_EDGE('',*,*,#3775,.T.);
#3778=ORIENTED_EDGE('',*,*,#3777,.F.);
#3780=ORIENTED_EDGE('',*,*,#3779,.F.);
#3782=ORIENTED_EDGE('',*,*,#3781,.F.);
#3784=ORIENTED_EDGE('',*,*,#3783,.F.);
#3786=ORIENTED_EDGE('',*,*,#3785,.F.);
#3787=EDGE_LOOP('',(#3667,#3669,#3671,#3673,#3675,#3677,#3679,#3681,#3683,#3685,
#3687,#3689,#3691,#3693,#3695,#3697,#3699,#3701,#3703,#3705,#3707,#3709,#3711,
#3713,#3715,#3717,#3719,#3721,#3723,#3725,#3727,#3729,#3731,#3733,#3735,#3737,
#3739,#3741,#3742,#3744,#3746,#3748,#3750,#3752,#3754,#3755,#3756,#3758,#3760,
#3762,#3764,#3766,#3768,#3770,#3772,#3774,#3776,#3778,#3780,#3782,#3784,#3786));
#3788=FACE_OUTER_BOUND('',#3787,.F.);
#3789=ADVANCED_FACE('',(#3788),#3665,.T.);
#3790=CARTESIAN_POINT('',(1.75E0,0.E0,0.E0));
#3791=DIRECTION('',(1.E0,0.E0,0.E0));
#3792=DIRECTION('',(0.E0,0.E0,-1.E0));
#3793=AXIS2_PLACEMENT_3D('',#3790,#3791,#3792);
#3794=PLANE('',#3793);
#3795=ORIENTED_EDGE('',*,*,#3666,.F.);
#3797=ORIENTED_EDGE('',*,*,#3796,.T.);
#3799=ORIENTED_EDGE('',*,*,#3798,.F.);
#3801=ORIENTED_EDGE('',*,*,#3800,.F.);
#3803=ORIENTED_EDGE('',*,*,#3802,.T.);
#3804=EDGE_LOOP('',(#3795,#3797,#3799,#3801,#3803));
#3805=FACE_OUTER_BOUND('',#3804,.F.);
#3806=ADVANCED_FACE('',(#3805),#3794,.F.);
#3807=CARTESIAN_POINT('',(1.7E0,8.55E-1,9.75E-1));
#3808=DIRECTION('',(0.E0,7.071067811865E-1,7.071067811865E-1));
#3809=DIRECTION('',(-1.E0,0.E0,0.E0));
#3810=AXIS2_PLACEMENT_3D('',#3807,#3808,#3809);
#3811=PLANE('',#3810);
#3812=ORIENTED_EDGE('',*,*,#3796,.F.);
#3813=ORIENTED_EDGE('',*,*,#3785,.T.);
#3815=ORIENTED_EDGE('',*,*,#3814,.F.);
#3817=ORIENTED_EDGE('',*,*,#3816,.F.);
#3818=EDGE_LOOP('',(#3812,#3813,#3815,#3817));
#3819=FACE_OUTER_BOUND('',#3818,.F.);
#3820=ADVANCED_FACE('',(#3819),#3811,.T.);
#3821=CARTESIAN_POINT('',(1.925E0,8.55E-1,1.2E0));
#3822=DIRECTION('',(-7.071067811865E-1,7.071067811865E-1,0.E0));
#3823=DIRECTION('',(0.E0,0.E0,-1.E0));
#3824=AXIS2_PLACEMENT_3D('',#3821,#3822,#3823);
#3825=PLANE('',#3824);
#3827=ORIENTED_EDGE('',*,*,#3826,.F.);
#3828=ORIENTED_EDGE('',*,*,#3814,.T.);
#3829=ORIENTED_EDGE('',*,*,#3783,.T.);
#3831=ORIENTED_EDGE('',*,*,#3830,.T.);
#3832=EDGE_LOOP('',(#3827,#3828,#3829,#3831));
#3833=FACE_OUTER_BOUND('',#3832,.F.);
#3834=ADVANCED_FACE('',(#3833),#3825,.T.);
#3835=CARTESIAN_POINT('',(1.9E0,0.E0,0.E0));
#3836=DIRECTION('',(1.E0,0.E0,0.E0));
#3837=DIRECTION('',(0.E0,0.E0,-1.E0));
#3838=AXIS2_PLACEMENT_3D('',#3835,#3836,#3837);
#3839=PLANE('',#3838);
#3841=ORIENTED_EDGE('',*,*,#3840,.T.);
#3843=ORIENTED_EDGE('',*,*,#3842,.F.);
#3845=ORIENTED_EDGE('',*,*,#3844,.T.);
#3847=ORIENTED_EDGE('',*,*,#3846,.T.);
#3849=ORIENTED_EDGE('',*,*,#3848,.T.);
#3850=ORIENTED_EDGE('',*,*,#3826,.T.);
#3851=EDGE_LOOP('',(#3841,#3843,#3845,#3847,#3849,#3850));
#3852=FACE_OUTER_BOUND('',#3851,.F.);
#3853=ADVANCED_FACE('',(#3852),#3839,.F.);
#3854=CARTESIAN_POINT('',(1.9E0,8.8E-1,1.4E0));
#3855=DIRECTION('',(0.E0,0.E0,1.E0));
#3856=DIRECTION('',(0.E0,-1.E0,0.E0));
#3857=AXIS2_PLACEMENT_3D('',#3854,#3855,#3856);
#3858=PLANE('',#3857);
#3860=ORIENTED_EDGE('',*,*,#3859,.T.);
#3862=ORIENTED_EDGE('',*,*,#3861,.F.);
#3864=ORIENTED_EDGE('',*,*,#3863,.T.);
#3866=ORIENTED_EDGE('',*,*,#3865,.F.);
#3868=ORIENTED_EDGE('',*,*,#3867,.F.);
#3870=ORIENTED_EDGE('',*,*,#3869,.F.);
#3871=ORIENTED_EDGE('',*,*,#3736,.T.);
#3873=ORIENTED_EDGE('',*,*,#3872,.F.);
#3874=EDGE_LOOP('',(#3860,#3862,#3864,#3866,#3868,#3870,#3871,#3873));
#3875=FACE_OUTER_BOUND('',#3874,.F.);
#3876=ADVANCED_FACE('',(#3875),#3858,.F.);
#3877=CARTESIAN_POINT('',(1.9E0,8.8E-1,1.4E0));
#3878=DIRECTION('',(0.E0,0.E0,1.E0));
#3879=DIRECTION('',(0.E0,-1.E0,0.E0));
#3880=AXIS2_PLACEMENT_3D('',#3877,#3878,#3879);
#3881=PLANE('',#3880);
#3883=ORIENTED_EDGE('',*,*,#3882,.F.);
#3885=ORIENTED_EDGE('',*,*,#3884,.F.);
#3887=ORIENTED_EDGE('',*,*,#3886,.F.);
#3888=ORIENTED_EDGE('',*,*,#3840,.F.);
#3889=ORIENTED_EDGE('',*,*,#3830,.F.);
#3890=ORIENTED_EDGE('',*,*,#3781,.T.);
#3892=ORIENTED_EDGE('',*,*,#3891,.F.);
#3894=ORIENTED_EDGE('',*,*,#3893,.T.);
#3895=EDGE_LOOP('',(#3883,#3885,#3887,#3888,#3889,#3890,#3892,#3894));
#3896=FACE_OUTER_BOUND('',#3895,.F.);
#3897=ADVANCED_FACE('',(#3896),#3881,.F.);
#3898=CARTESIAN_POINT('',(-1.9E0,0.E0,0.E0));
#3899=DIRECTION('',(1.E0,0.E0,0.E0));
#3900=DIRECTION('',(0.E0,0.E0,-1.E0));
#3901=AXIS2_PLACEMENT_3D('',#3898,#3899,#3900);
#3902=PLANE('',#3901);
#3904=ORIENTED_EDGE('',*,*,#3903,.F.);
#3906=ORIENTED_EDGE('',*,*,#3905,.F.);
#3907=ORIENTED_EDGE('',*,*,#3859,.F.);
#3909=ORIENTED_EDGE('',*,*,#3908,.T.);
#3911=ORIENTED_EDGE('',*,*,#3910,.F.);
#3913=ORIENTED_EDGE('',*,*,#3912,.F.);
#3914=EDGE_LOOP('',(#3904,#3906,#3907,#3909,#3911,#3913));
#3915=FACE_OUTER_BOUND('',#3914,.F.);
#3916=ADVANCED_FACE('',(#3915),#3902,.T.);
#3917=CARTESIAN_POINT('',(1.1E0,4.7E-1,8.E-1));
#3918=DIRECTION('',(0.E0,0.E0,-1.E0));
#3919=DIRECTION('',(0.E0,1.E0,0.E0));
#3920=AXIS2_PLACEMENT_3D('',#3917,#3918,#3919);
#3921=PLANE('',#3920);
#3922=ORIENTED_EDGE('',*,*,#3844,.F.);
#3924=ORIENTED_EDGE('',*,*,#3923,.F.);
#3926=ORIENTED_EDGE('',*,*,#3925,.T.);
#3928=ORIENTED_EDGE('',*,*,#3927,.T.);
#3930=ORIENTED_EDGE('',*,*,#3929,.T.);
#3932=ORIENTED_EDGE('',*,*,#3931,.T.);
#3934=ORIENTED_EDGE('',*,*,#3933,.F.);
#3936=ORIENTED_EDGE('',*,*,#3935,.F.);
#3937=ORIENTED_EDGE('',*,*,#3903,.T.);
#3939=ORIENTED_EDGE('',*,*,#3938,.F.);
#3941=ORIENTED_EDGE('',*,*,#3940,.F.);
#3943=ORIENTED_EDGE('',*,*,#3942,.T.);
#3945=ORIENTED_EDGE('',*,*,#3944,.T.);
#3947=ORIENTED_EDGE('',*,*,#3946,.T.);
#3949=ORIENTED_EDGE('',*,*,#3948,.F.);
#3951=ORIENTED_EDGE('',*,*,#3950,.T.);
#3953=ORIENTED_EDGE('',*,*,#3952,.T.);
#3955=ORIENTED_EDGE('',*,*,#3954,.T.);
#3957=ORIENTED_EDGE('',*,*,#3956,.F.);
#3959=ORIENTED_EDGE('',*,*,#3958,.T.);
#3961=ORIENTED_EDGE('',*,*,#3960,.T.);
#3963=ORIENTED_EDGE('',*,*,#3962,.T.);
#3965=ORIENTED_EDGE('',*,*,#3964,.F.);
#3967=ORIENTED_EDGE('',*,*,#3966,.T.);
#3969=ORIENTED_EDGE('',*,*,#3968,.T.);
#3971=ORIENTED_EDGE('',*,*,#3970,.T.);
#3973=ORIENTED_EDGE('',*,*,#3972,.F.);
#3975=ORIENTED_EDGE('',*,*,#3974,.T.);
#3977=ORIENTED_EDGE('',*,*,#3976,.T.);
#3979=ORIENTED_EDGE('',*,*,#3978,.T.);
#3981=ORIENTED_EDGE('',*,*,#3980,.F.);
#3983=ORIENTED_EDGE('',*,*,#3982,.F.);
#3984=EDGE_LOOP('',(#3922,#3924,#3926,#3928,#3930,#3932,#3934,#3936,#3937,#3939,
#3941,#3943,#3945,#3947,#3949,#3951,#3953,#3955,#3957,#3959,#3961,#3963,#3965,
#3967,#3969,#3971,#3973,#3975,#3977,#3979,#3981,#3983));
#3985=FACE_OUTER_BOUND('',#3984,.F.);
#3986=ADVANCED_FACE('',(#3985),#3921,.F.);
#3987=CARTESIAN_POINT('',(-2.E0,0.E0,3.2E0));
#3988=DIRECTION('',(0.E0,-1.E0,0.E0));
#3989=DIRECTION('',(0.E0,0.E0,-1.E0));
#3990=AXIS2_PLACEMENT_3D('',#3987,#3988,#3989);
#3991=PLANE('',#3990);
#3993=ORIENTED_EDGE('',*,*,#3992,.T.);
#3995=ORIENTED_EDGE('',*,*,#3994,.T.);
#3997=ORIENTED_EDGE('',*,*,#3996,.F.);
#3998=ORIENTED_EDGE('',*,*,#3635,.F.);
#4000=ORIENTED_EDGE('',*,*,#3999,.T.);
#4002=ORIENTED_EDGE('',*,*,#4001,.T.);
#4004=ORIENTED_EDGE('',*,*,#4003,.F.);
#4006=ORIENTED_EDGE('',*,*,#4005,.F.);
#4008=ORIENTED_EDGE('',*,*,#4007,.T.);
#4010=ORIENTED_EDGE('',*,*,#4009,.T.);
#4012=ORIENTED_EDGE('',*,*,#4011,.T.);
#4014=ORIENTED_EDGE('',*,*,#4013,.T.);
#4016=ORIENTED_EDGE('',*,*,#4015,.F.);
#4018=ORIENTED_EDGE('',*,*,#4017,.T.);
#4020=ORIENTED_EDGE('',*,*,#4019,.F.);
#4021=ORIENTED_EDGE('',*,*,#3615,.F.);
#4022=EDGE_LOOP('',(#3993,#3995,#3997,#3998,#4000,#4002,#4004,#4006,#4008,#4010,
#4012,#4014,#4016,#4018,#4020,#4021));
#4023=FACE_OUTER_BOUND('',#4022,.F.);
#4025=ORIENTED_EDGE('',*,*,#4024,.T.);
#4027=ORIENTED_EDGE('',*,*,#4026,.F.);
#4029=ORIENTED_EDGE('',*,*,#4028,.F.);
#4031=ORIENTED_EDGE('',*,*,#4030,.T.);
#4032=EDGE_LOOP('',(#4025,#4027,#4029,#4031));
#4033=FACE_BOUND('',#4032,.F.);
#4035=ORIENTED_EDGE('',*,*,#4034,.T.);
#4037=ORIENTED_EDGE('',*,*,#4036,.F.);
#4039=ORIENTED_EDGE('',*,*,#4038,.F.);
#4041=ORIENTED_EDGE('',*,*,#4040,.T.);
#4042=EDGE_LOOP('',(#4035,#4037,#4039,#4041));
#4043=FACE_BOUND('',#4042,.F.);
#4045=ORIENTED_EDGE('',*,*,#4044,.T.);
#4047=ORIENTED_EDGE('',*,*,#4046,.F.);
#4049=ORIENTED_EDGE('',*,*,#4048,.F.);
#4051=ORIENTED_EDGE('',*,*,#4050,.T.);
#4052=EDGE_LOOP('',(#4045,#4047,#4049,#4051));
#4053=FACE_BOUND('',#4052,.F.);
#4055=ORIENTED_EDGE('',*,*,#4054,.T.);
#4057=ORIENTED_EDGE('',*,*,#4056,.F.);
#4059=ORIENTED_EDGE('',*,*,#4058,.F.);
#4061=ORIENTED_EDGE('',*,*,#4060,.T.);
#4062=EDGE_LOOP('',(#4055,#4057,#4059,#4061));
#4063=FACE_BOUND('',#4062,.F.);
#4065=ORIENTED_EDGE('',*,*,#4064,.T.);
#4067=ORIENTED_EDGE('',*,*,#4066,.F.);
#4069=ORIENTED_EDGE('',*,*,#4068,.F.);
#4071=ORIENTED_EDGE('',*,*,#4070,.T.);
#4072=EDGE_LOOP('',(#4065,#4067,#4069,#4071));
#4073=FACE_BOUND('',#4072,.F.);
#4074=ORIENTED_EDGE('',*,*,#3905,.T.);
#4075=ORIENTED_EDGE('',*,*,#3935,.T.);
#4077=ORIENTED_EDGE('',*,*,#4076,.T.);
#4078=ORIENTED_EDGE('',*,*,#3861,.T.);
#4079=EDGE_LOOP('',(#4074,#4075,#4077,#4078));
#4080=FACE_BOUND('',#4079,.F.);
#4081=ORIENTED_EDGE('',*,*,#3886,.T.);
#4083=ORIENTED_EDGE('',*,*,#4082,.T.);
#4084=ORIENTED_EDGE('',*,*,#3923,.T.);
#4085=ORIENTED_EDGE('',*,*,#3842,.T.);
#4086=EDGE_LOOP('',(#4081,#4083,#4084,#4085));
#4087=FACE_BOUND('',#4086,.F.);
#4088=ADVANCED_FACE('',(#4023,#4033,#4043,#4053,#4063,#4073,#4080,#4087),#3991,
.T.);
#4089=CARTESIAN_POINT('',(1.1E0,0.E0,0.E0));
#4090=DIRECTION('',(1.E0,0.E0,0.E0));
#4091=DIRECTION('',(0.E0,0.E0,-1.E0));
#4092=AXIS2_PLACEMENT_3D('',#4089,#4090,#4091);
#4093=PLANE('',#4092);
#4095=ORIENTED_EDGE('',*,*,#4094,.F.);
#4097=ORIENTED_EDGE('',*,*,#4096,.T.);
#4099=ORIENTED_EDGE('',*,*,#4098,.F.);
#4101=ORIENTED_EDGE('',*,*,#4100,.F.);
#4102=EDGE_LOOP('',(#4095,#4097,#4099,#4101));
#4103=FACE_OUTER_BOUND('',#4102,.F.);
#4104=ADVANCED_FACE('',(#4103),#4093,.F.);
#4105=CARTESIAN_POINT('',(1.1E0,0.E0,0.E0));
#4106=DIRECTION('',(1.E0,0.E0,0.E0));
#4107=DIRECTION('',(0.E0,0.E0,-1.E0));
#4108=AXIS2_PLACEMENT_3D('',#4105,#4106,#4107);
#4109=PLANE('',#4108);
#4111=ORIENTED_EDGE('',*,*,#4110,.F.);
#4113=ORIENTED_EDGE('',*,*,#4112,.T.);
#4115=ORIENTED_EDGE('',*,*,#4114,.T.);
#4116=ORIENTED_EDGE('',*,*,#4024,.F.);
#4118=ORIENTED_EDGE('',*,*,#4117,.T.);
#4120=ORIENTED_EDGE('',*,*,#4119,.T.);
#4122=ORIENTED_EDGE('',*,*,#4121,.T.);
#4124=ORIENTED_EDGE('',*,*,#4123,.F.);
#4126=ORIENTED_EDGE('',*,*,#4125,.F.);
#4128=ORIENTED_EDGE('',*,*,#4127,.T.);
#4129=EDGE_LOOP('',(#4111,#4113,#4115,#4116,#4118,#4120,#4122,#4124,#4126,
#4128));
#4130=FACE_OUTER_BOUND('',#4129,.F.);
#4131=ADVANCED_FACE('',(#4130),#4109,.F.);
#4132=CARTESIAN_POINT('',(1.1E0,0.E0,0.E0));
#4133=DIRECTION('',(1.E0,0.E0,0.E0));
#4134=DIRECTION('',(0.E0,0.E0,-1.E0));
#4135=AXIS2_PLACEMENT_3D('',#4132,#4133,#4134);
#4136=PLANE('',#4135);
#4138=ORIENTED_EDGE('',*,*,#4137,.F.);
#4140=ORIENTED_EDGE('',*,*,#4139,.T.);
#4142=ORIENTED_EDGE('',*,*,#4141,.T.);
#4143=ORIENTED_EDGE('',*,*,#3672,.T.);
#4145=ORIENTED_EDGE('',*,*,#4144,.F.);
#4146=EDGE_LOOP('',(#4138,#4140,#4142,#4143,#4145));
#4147=FACE_OUTER_BOUND('',#4146,.F.);
#4148=ADVANCED_FACE('',(#4147),#4136,.F.);
#4149=CARTESIAN_POINT('',(1.115E0,3.9E-1,2.835E0));
#4150=DIRECTION('',(-7.071067811865E-1,0.E0,7.071067811866E-1));
#4151=DIRECTION('',(0.E0,-1.E0,0.E0));
#4152=AXIS2_PLACEMENT_3D('',#4149,#4150,#4151);
#4153=PLANE('',#4152);
#4155=ORIENTED_EDGE('',*,*,#4154,.T.);
#4157=ORIENTED_EDGE('',*,*,#4156,.F.);
#4159=ORIENTED_EDGE('',*,*,#4158,.T.);
#4160=ORIENTED_EDGE('',*,*,#4094,.T.);
#4161=EDGE_LOOP('',(#4155,#4157,#4159,#4160));
#4162=FACE_OUTER_BOUND('',#4161,.F.);
#4163=ADVANCED_FACE('',(#4162),#4153,.T.);
#4164=CARTESIAN_POINT('',(1.25E0,4.7E-1,2.85E0));
#4165=DIRECTION('',(0.E0,-1.E0,0.E0));
#4166=DIRECTION('',(0.E0,0.E0,-1.E0));
#4167=AXIS2_PLACEMENT_3D('',#4164,#4165,#4166);
#4168=PLANE('',#4167);
#4170=ORIENTED_EDGE('',*,*,#4169,.F.);
#4172=ORIENTED_EDGE('',*,*,#4171,.T.);
#4174=ORIENTED_EDGE('',*,*,#4173,.F.);
#4176=ORIENTED_EDGE('',*,*,#4175,.F.);
#4178=ORIENTED_EDGE('',*,*,#4177,.F.);
#4180=ORIENTED_EDGE('',*,*,#4179,.F.);
#4181=EDGE_LOOP('',(#4170,#4172,#4174,#4176,#4178,#4180));
#4182=FACE_OUTER_BOUND('',#4181,.F.);
#4183=ADVANCED_FACE('',(#4182),#4168,.F.);
#4184=CARTESIAN_POINT('',(1.25E0,4.7E-1,2.85E0));
#4185=DIRECTION('',(0.E0,-1.E0,0.E0));
#4186=DIRECTION('',(0.E0,0.E0,-1.E0));
#4187=AXIS2_PLACEMENT_3D('',#4184,#4185,#4186);
#4188=PLANE('',#4187);
#4190=ORIENTED_EDGE('',*,*,#4189,.F.);
#4192=ORIENTED_EDGE('',*,*,#4191,.T.);
#4194=ORIENTED_EDGE('',*,*,#4193,.F.);
#4196=ORIENTED_EDGE('',*,*,#4195,.F.);
#4198=ORIENTED_EDGE('',*,*,#4197,.F.);
#4200=ORIENTED_EDGE('',*,*,#4199,.F.);
#4201=EDGE_LOOP('',(#4190,#4192,#4194,#4196,#4198,#4200));
#4202=FACE_OUTER_BOUND('',#4201,.F.);
#4203=ADVANCED_FACE('',(#4202),#4188,.F.);
#4204=CARTESIAN_POINT('',(1.25E0,4.7E-1,2.85E0));
#4205=DIRECTION('',(0.E0,-1.E0,0.E0));
#4206=DIRECTION('',(0.E0,0.E0,-1.E0));
#4207=AXIS2_PLACEMENT_3D('',#4204,#4205,#4206);
#4208=PLANE('',#4207);
#4210=ORIENTED_EDGE('',*,*,#4209,.F.);
#4212=ORIENTED_EDGE('',*,*,#4211,.T.);
#4214=ORIENTED_EDGE('',*,*,#4213,.F.);
#4216=ORIENTED_EDGE('',*,*,#4215,.F.);
#4218=ORIENTED_EDGE('',*,*,#4217,.F.);
#4220=ORIENTED_EDGE('',*,*,#4219,.F.);
#4221=EDGE_LOOP('',(#4210,#4212,#4214,#4216,#4218,#4220));
#4222=FACE_OUTER_BOUND('',#4221,.F.);
#4223=ADVANCED_FACE('',(#4222),#4208,.F.);
#4224=CARTESIAN_POINT('',(1.25E0,4.7E-1,2.85E0));
#4225=DIRECTION('',(0.E0,-1.E0,0.E0));
#4226=DIRECTION('',(0.E0,0.E0,-1.E0));
#4227=AXIS2_PLACEMENT_3D('',#4224,#4225,#4226);
#4228=PLANE('',#4227);
#4230=ORIENTED_EDGE('',*,*,#4229,.F.);
#4232=ORIENTED_EDGE('',*,*,#4231,.T.);
#4234=ORIENTED_EDGE('',*,*,#4233,.F.);
#4236=ORIENTED_EDGE('',*,*,#4235,.F.);
#4238=ORIENTED_EDGE('',*,*,#4237,.F.);
#4240=ORIENTED_EDGE('',*,*,#4239,.F.);
#4241=EDGE_LOOP('',(#4230,#4232,#4234,#4236,#4238,#4240));
#4242=FACE_OUTER_BOUND('',#4241,.F.);
#4243=ADVANCED_FACE('',(#4242),#4228,.F.);
#4244=CARTESIAN_POINT('',(1.25E0,4.7E-1,2.85E0));
#4245=DIRECTION('',(0.E0,-1.E0,0.E0));
#4246=DIRECTION('',(0.E0,0.E0,-1.E0));
#4247=AXIS2_PLACEMENT_3D('',#4244,#4245,#4246);
#4248=PLANE('',#4247);
#4250=ORIENTED_EDGE('',*,*,#4249,.F.);
#4252=ORIENTED_EDGE('',*,*,#4251,.T.);
#4254=ORIENTED_EDGE('',*,*,#4253,.F.);
#4256=ORIENTED_EDGE('',*,*,#4255,.T.);
#4258=ORIENTED_EDGE('',*,*,#4257,.T.);
#4260=ORIENTED_EDGE('',*,*,#4259,.F.);
#4261=ORIENTED_EDGE('',*,*,#4154,.F.);
#4262=ORIENTED_EDGE('',*,*,#4100,.T.);
#4264=ORIENTED_EDGE('',*,*,#4263,.F.);
#4265=EDGE_LOOP('',(#4250,#4252,#4254,#4256,#4258,#4260,#4261,#4262,#4264));
#4266=FACE_OUTER_BOUND('',#4265,.F.);
#4267=ADVANCED_FACE('',(#4266),#4248,.F.);
#4268=CARTESIAN_POINT('',(1.25E0,4.7E-1,2.85E0));
#4269=DIRECTION('',(0.E0,-1.E0,0.E0));
#4270=DIRECTION('',(0.E0,0.E0,-1.E0));
#4271=AXIS2_PLACEMENT_3D('',#4268,#4269,#4270);
#4272=PLANE('',#4271);
#4274=ORIENTED_EDGE('',*,*,#4273,.T.);
#4276=ORIENTED_EDGE('',*,*,#4275,.T.);
#4278=ORIENTED_EDGE('',*,*,#4277,.T.);
#4280=ORIENTED_EDGE('',*,*,#4279,.T.);
#4282=ORIENTED_EDGE('',*,*,#4281,.F.);
#4284=ORIENTED_EDGE('',*,*,#4283,.F.);
#4286=ORIENTED_EDGE('',*,*,#4285,.F.);
#4288=ORIENTED_EDGE('',*,*,#4287,.F.);
#4290=ORIENTED_EDGE('',*,*,#4289,.F.);
#4291=EDGE_LOOP('',(#4274,#4276,#4278,#4280,#4282,#4284,#4286,#4288,#4290));
#4292=FACE_OUTER_BOUND('',#4291,.F.);
#4293=ADVANCED_FACE('',(#4292),#4272,.F.);
#4294=CARTESIAN_POINT('',(6.15E-1,3.9E-1,2.835E0));
#4295=DIRECTION('',(-7.071067811865E-1,0.E0,7.071067811866E-1));
#4296=DIRECTION('',(0.E0,-1.E0,0.E0));
#4297=AXIS2_PLACEMENT_3D('',#4294,#4295,#4296);
#4298=PLANE('',#4297);
#4299=ORIENTED_EDGE('',*,*,#4169,.T.);
#4301=ORIENTED_EDGE('',*,*,#4300,.F.);
#4303=ORIENTED_EDGE('',*,*,#4302,.F.);
#4305=ORIENTED_EDGE('',*,*,#4304,.T.);
#4306=EDGE_LOOP('',(#4299,#4301,#4303,#4305));
#4307=FACE_OUTER_BOUND('',#4306,.F.);
#4308=ADVANCED_FACE('',(#4307),#4298,.T.);
#4309=CARTESIAN_POINT('',(1.25E0,0.E0,2.85E0));
#4310=DIRECTION('',(0.E0,0.E0,-1.E0));
#4311=DIRECTION('',(0.E0,1.E0,0.E0));
#4312=AXIS2_PLACEMENT_3D('',#4309,#4310,#4311);
#4313=PLANE('',#4312);
#4314=ORIENTED_EDGE('',*,*,#4259,.T.);
#4316=ORIENTED_EDGE('',*,*,#4315,.F.);
#4317=ORIENTED_EDGE('',*,*,#4003,.T.);
#4319=ORIENTED_EDGE('',*,*,#4318,.T.);
#4320=ORIENTED_EDGE('',*,*,#4287,.T.);
#4322=ORIENTED_EDGE('',*,*,#4321,.T.);
#4324=ORIENTED_EDGE('',*,*,#4323,.T.);
#4326=ORIENTED_EDGE('',*,*,#4325,.T.);
#4327=ORIENTED_EDGE('',*,*,#4239,.T.);
#4329=ORIENTED_EDGE('',*,*,#4328,.T.);
#4331=ORIENTED_EDGE('',*,*,#4330,.T.);
#4333=ORIENTED_EDGE('',*,*,#4332,.T.);
#4334=ORIENTED_EDGE('',*,*,#4219,.T.);
#4336=ORIENTED_EDGE('',*,*,#4335,.T.);
#4338=ORIENTED_EDGE('',*,*,#4337,.T.);
#4340=ORIENTED_EDGE('',*,*,#4339,.T.);
#4341=ORIENTED_EDGE('',*,*,#4199,.T.);
#4343=ORIENTED_EDGE('',*,*,#4342,.T.);
#4345=ORIENTED_EDGE('',*,*,#4344,.T.);
#4346=ORIENTED_EDGE('',*,*,#4300,.T.);
#4347=ORIENTED_EDGE('',*,*,#4179,.T.);
#4349=ORIENTED_EDGE('',*,*,#4348,.T.);
#4351=ORIENTED_EDGE('',*,*,#4350,.T.);
#4352=ORIENTED_EDGE('',*,*,#4156,.T.);
#4353=EDGE_LOOP('',(#4314,#4316,#4317,#4319,#4320,#4322,#4324,#4326,#4327,#4329,
#4331,#4333,#4334,#4336,#4338,#4340,#4341,#4343,#4345,#4346,#4347,#4349,#4351,
#4352));
#4354=FACE_OUTER_BOUND('',#4353,.F.);
#4356=ORIENTED_EDGE('',*,*,#4355,.T.);
#4358=ORIENTED_EDGE('',*,*,#4357,.T.);
#4360=ORIENTED_EDGE('',*,*,#4359,.T.);
#4362=ORIENTED_EDGE('',*,*,#4361,.T.);
#4363=EDGE_LOOP('',(#4356,#4358,#4360,#4362));
#4364=FACE_BOUND('',#4363,.F.);
#4366=ORIENTED_EDGE('',*,*,#4365,.T.);
#4368=ORIENTED_EDGE('',*,*,#4367,.T.);
#4370=ORIENTED_EDGE('',*,*,#4369,.T.);
#4372=ORIENTED_EDGE('',*,*,#4371,.T.);
#4373=EDGE_LOOP('',(#4366,#4368,#4370,#4372));
#4374=FACE_BOUND('',#4373,.F.);
#4376=ORIENTED_EDGE('',*,*,#4375,.T.);
#4378=ORIENTED_EDGE('',*,*,#4377,.T.);
#4380=ORIENTED_EDGE('',*,*,#4379,.T.);
#4382=ORIENTED_EDGE('',*,*,#4381,.T.);
#4383=EDGE_LOOP('',(#4376,#4378,#4380,#4382));
#4384=FACE_BOUND('',#4383,.F.);
#4386=ORIENTED_EDGE('',*,*,#4385,.T.);
#4388=ORIENTED_EDGE('',*,*,#4387,.T.);
#4390=ORIENTED_EDGE('',*,*,#4389,.T.);
#4392=ORIENTED_EDGE('',*,*,#4391,.T.);
#4393=EDGE_LOOP('',(#4386,#4388,#4390,#4392));
#4394=FACE_BOUND('',#4393,.F.);
#4396=ORIENTED_EDGE('',*,*,#4395,.T.);
#4398=ORIENTED_EDGE('',*,*,#4397,.T.);
#4400=ORIENTED_EDGE('',*,*,#4399,.T.);
#4402=ORIENTED_EDGE('',*,*,#4401,.T.);
#4403=EDGE_LOOP('',(#4396,#4398,#4400,#4402));
#4404=FACE_BOUND('',#4403,.F.);
#4405=ADVANCED_FACE('',(#4354,#4364,#4374,#4384,#4394,#4404),#4313,.F.);
#4406=CARTESIAN_POINT('',(1.E0,8.5E-2,2.835E0));
#4407=DIRECTION('',(0.E0,7.071067811865E-1,7.071067811865E-1));
#4408=DIRECTION('',(-1.E0,0.E0,0.E0));
#4409=AXIS2_PLACEMENT_3D('',#4406,#4407,#4408);
#4410=PLANE('',#4409);
#4412=ORIENTED_EDGE('',*,*,#4411,.T.);
#4414=ORIENTED_EDGE('',*,*,#4413,.F.);
#4415=ORIENTED_EDGE('',*,*,#4355,.F.);
#4417=ORIENTED_EDGE('',*,*,#4416,.T.);
#4418=EDGE_LOOP('',(#4412,#4414,#4415,#4417));
#4419=FACE_OUTER_BOUND('',#4418,.F.);
#4420=ADVANCED_FACE('',(#4419),#4410,.T.);
#4421=CARTESIAN_POINT('',(1.1E0,1.E-1,2.85E0));
#4422=DIRECTION('',(0.E0,-1.E0,0.E0));
#4423=DIRECTION('',(0.E0,0.E0,-1.E0));
#4424=AXIS2_PLACEMENT_3D('',#4421,#4422,#4423);
#4425=PLANE('',#4424);
#4426=ORIENTED_EDGE('',*,*,#4411,.F.);
#4428=ORIENTED_EDGE('',*,*,#4427,.T.);
#4430=ORIENTED_EDGE('',*,*,#4429,.F.);
#4431=ORIENTED_EDGE('',*,*,#4112,.F.);
#4432=EDGE_LOOP('',(#4426,#4428,#4430,#4431));
#4433=FACE_OUTER_BOUND('',#4432,.F.);
#4434=ADVANCED_FACE('',(#4433),#4425,.F.);
#4435=CARTESIAN_POINT('',(9.E-1,0.E0,0.E0));
#4436=DIRECTION('',(1.E0,0.E0,0.E0));
#4437=DIRECTION('',(0.E0,0.E0,-1.E0));
#4438=AXIS2_PLACEMENT_3D('',#4435,#4436,#4437);
#4439=PLANE('',#4438);
#4441=ORIENTED_EDGE('',*,*,#4440,.F.);
#4442=ORIENTED_EDGE('',*,*,#4175,.T.);
#4444=ORIENTED_EDGE('',*,*,#4443,.T.);
#4446=ORIENTED_EDGE('',*,*,#4445,.F.);
#4447=EDGE_LOOP('',(#4441,#4442,#4444,#4446));
#4448=FACE_OUTER_BOUND('',#4447,.F.);
#4449=ADVANCED_FACE('',(#4448),#4439,.T.);
#4450=CARTESIAN_POINT('',(9.E-1,0.E0,0.E0));
#4451=DIRECTION('',(1.E0,0.E0,0.E0));
#4452=DIRECTION('',(0.E0,0.E0,-1.E0));
#4453=AXIS2_PLACEMENT_3D('',#4450,#4451,#4452);
#4454=PLANE('',#4453);
#4456=ORIENTED_EDGE('',*,*,#4455,.F.);
#4458=ORIENTED_EDGE('',*,*,#4457,.F.);
#4460=ORIENTED_EDGE('',*,*,#4459,.T.);
#4462=ORIENTED_EDGE('',*,*,#4461,.T.);
#4464=ORIENTED_EDGE('',*,*,#4463,.F.);
#4466=ORIENTED_EDGE('',*,*,#4465,.F.);
#4468=ORIENTED_EDGE('',*,*,#4467,.F.);
#4469=ORIENTED_EDGE('',*,*,#4028,.T.);
#4471=ORIENTED_EDGE('',*,*,#4470,.F.);
#4472=ORIENTED_EDGE('',*,*,#4427,.F.);
#4473=EDGE_LOOP('',(#4456,#4458,#4460,#4462,#4464,#4466,#4468,#4469,#4471,
#4472));
#4474=FACE_OUTER_BOUND('',#4473,.F.);
#4475=ADVANCED_FACE('',(#4474),#4454,.T.);
#4476=CARTESIAN_POINT('',(9.E-1,0.E0,0.E0));
#4477=DIRECTION('',(1.E0,0.E0,0.E0));
#4478=DIRECTION('',(0.E0,0.E0,-1.E0));
#4479=AXIS2_PLACEMENT_3D('',#4476,#4477,#4478);
#4480=PLANE('',#4479);
#4482=ORIENTED_EDGE('',*,*,#4481,.F.);
#4483=ORIENTED_EDGE('',*,*,#3676,.F.);
#4485=ORIENTED_EDGE('',*,*,#4484,.F.);
#4487=ORIENTED_EDGE('',*,*,#4486,.F.);
#4489=ORIENTED_EDGE('',*,*,#4488,.F.);
#4490=EDGE_LOOP('',(#4482,#4483,#4485,#4487,#4489));
#4491=FACE_OUTER_BOUND('',#4490,.F.);
#4492=ADVANCED_FACE('',(#4491),#4480,.T.);
#4493=CARTESIAN_POINT('',(8.85E-1,3.9E-1,2.835E0));
#4494=DIRECTION('',(7.071067811865E-1,0.E0,7.071067811866E-1));
#4495=DIRECTION('',(0.E0,-1.E0,0.E0));
#4496=AXIS2_PLACEMENT_3D('',#4493,#4494,#4495);
#4497=PLANE('',#4496);
#4498=ORIENTED_EDGE('',*,*,#4177,.T.);
#4499=ORIENTED_EDGE('',*,*,#4440,.T.);
#4501=ORIENTED_EDGE('',*,*,#4500,.F.);
#4502=ORIENTED_EDGE('',*,*,#4348,.F.);
#4503=EDGE_LOOP('',(#4498,#4499,#4501,#4502));
#4504=FACE_OUTER_BOUND('',#4503,.F.);
#4505=ADVANCED_FACE('',(#4504),#4497,.T.);
#4506=CARTESIAN_POINT('',(1.E0,2.95E-1,2.835E0));
#4507=DIRECTION('',(0.E0,7.071067811865E-1,7.071067811865E-1));
#4508=DIRECTION('',(-1.E0,0.E0,0.E0));
#4509=AXIS2_PLACEMENT_3D('',#4506,#4507,#4508);
#4510=PLANE('',#4509);
#4512=ORIENTED_EDGE('',*,*,#4511,.T.);
#4513=ORIENTED_EDGE('',*,*,#4158,.F.);
#4514=ORIENTED_EDGE('',*,*,#4350,.F.);
#4515=ORIENTED_EDGE('',*,*,#4500,.T.);
#4516=EDGE_LOOP('',(#4512,#4513,#4514,#4515));
#4517=FACE_OUTER_BOUND('',#4516,.F.);
#4518=ADVANCED_FACE('',(#4517),#4510,.T.);
#4519=CARTESIAN_POINT('',(1.1E0,3.1E-1,2.85E0));
#4520=DIRECTION('',(0.E0,-1.E0,0.E0));
#4521=DIRECTION('',(0.E0,0.E0,-1.E0));
#4522=AXIS2_PLACEMENT_3D('',#4519,#4520,#4521);
#4523=PLANE('',#4522);
#4524=ORIENTED_EDGE('',*,*,#4511,.F.);
#4525=ORIENTED_EDGE('',*,*,#4445,.T.);
#4527=ORIENTED_EDGE('',*,*,#4526,.F.);
#4528=ORIENTED_EDGE('',*,*,#4096,.F.);
#4529=EDGE_LOOP('',(#4524,#4525,#4527,#4528));
#4530=FACE_OUTER_BOUND('',#4529,.F.);
#4531=ADVANCED_FACE('',(#4530),#4523,.F.);
#4532=CARTESIAN_POINT('',(1.1E0,3.1E-1,2.35E0));
#4533=DIRECTION('',(0.E0,0.E0,1.E0));
#4534=DIRECTION('',(0.E0,-1.E0,0.E0));
#4535=AXIS2_PLACEMENT_3D('',#4532,#4533,#4534);
#4536=PLANE('',#4535);
#4537=ORIENTED_EDGE('',*,*,#4281,.T.);
#4539=ORIENTED_EDGE('',*,*,#4538,.T.);
#4541=ORIENTED_EDGE('',*,*,#4540,.F.);
#4543=ORIENTED_EDGE('',*,*,#4542,.F.);
#4545=ORIENTED_EDGE('',*,*,#4544,.F.);
#4547=ORIENTED_EDGE('',*,*,#4546,.T.);
#4549=ORIENTED_EDGE('',*,*,#4548,.F.);
#4551=ORIENTED_EDGE('',*,*,#4550,.F.);
#4553=ORIENTED_EDGE('',*,*,#4552,.F.);
#4555=ORIENTED_EDGE('',*,*,#4554,.T.);
#4557=ORIENTED_EDGE('',*,*,#4556,.F.);
#4559=ORIENTED_EDGE('',*,*,#4558,.F.);
#4561=ORIENTED_EDGE('',*,*,#4560,.F.);
#4563=ORIENTED_EDGE('',*,*,#4562,.T.);
#4565=ORIENTED_EDGE('',*,*,#4564,.F.);
#4567=ORIENTED_EDGE('',*,*,#4566,.F.);
#4569=ORIENTED_EDGE('',*,*,#4568,.F.);
#4571=ORIENTED_EDGE('',*,*,#4570,.T.);
#4573=ORIENTED_EDGE('',*,*,#4572,.F.);
#4574=ORIENTED_EDGE('',*,*,#4459,.F.);
#4576=ORIENTED_EDGE('',*,*,#4575,.F.);
#4577=ORIENTED_EDGE('',*,*,#4125,.T.);
#4579=ORIENTED_EDGE('',*,*,#4578,.F.);
#4581=ORIENTED_EDGE('',*,*,#4580,.F.);
#4582=ORIENTED_EDGE('',*,*,#4263,.T.);
#4583=ORIENTED_EDGE('',*,*,#4098,.T.);
#4584=ORIENTED_EDGE('',*,*,#4526,.T.);
#4585=ORIENTED_EDGE('',*,*,#4443,.F.);
#4586=ORIENTED_EDGE('',*,*,#4173,.T.);
#4588=ORIENTED_EDGE('',*,*,#4587,.T.);
#4590=ORIENTED_EDGE('',*,*,#4589,.T.);
#4592=ORIENTED_EDGE('',*,*,#4591,.F.);
#4593=ORIENTED_EDGE('',*,*,#4193,.T.);
#4595=ORIENTED_EDGE('',*,*,#4594,.T.);
#4597=ORIENTED_EDGE('',*,*,#4596,.T.);
#4599=ORIENTED_EDGE('',*,*,#4598,.F.);
#4600=ORIENTED_EDGE('',*,*,#4213,.T.);
#4602=ORIENTED_EDGE('',*,*,#4601,.T.);
#4604=ORIENTED_EDGE('',*,*,#4603,.T.);
#4606=ORIENTED_EDGE('',*,*,#4605,.F.);
#4607=ORIENTED_EDGE('',*,*,#4233,.T.);
#4609=ORIENTED_EDGE('',*,*,#4608,.T.);
#4611=ORIENTED_EDGE('',*,*,#4610,.T.);
#4613=ORIENTED_EDGE('',*,*,#4612,.F.);
#4614=EDGE_LOOP('',(#4537,#4539,#4541,#4543,#4545,#4547,#4549,#4551,#4553,#4555,
#4557,#4559,#4561,#4563,#4565,#4567,#4569,#4571,#4573,#4574,#4576,#4577,#4579,
#4581,#4582,#4583,#4584,#4585,#4586,#4588,#4590,#4592,#4593,#4595,#4597,#4599,
#4600,#4602,#4604,#4606,#4607,#4609,#4611,#4613));
#4615=FACE_OUTER_BOUND('',#4614,.F.);
#4616=ADVANCED_FACE('',(#4615),#4536,.F.);
#4617=CARTESIAN_POINT('',(-1.5E0,0.E0,0.E0));
#4618=DIRECTION('',(1.E0,0.E0,0.E0));
#4619=DIRECTION('',(0.E0,0.E0,-1.E0));
#4620=AXIS2_PLACEMENT_3D('',#4617,#4618,#4619);
#4621=PLANE('',#4620);
#4623=ORIENTED_EDGE('',*,*,#4622,.T.);
#4625=ORIENTED_EDGE('',*,*,#4624,.F.);
#4627=ORIENTED_EDGE('',*,*,#4626,.F.);
#4629=ORIENTED_EDGE('',*,*,#4628,.T.);
#4630=ORIENTED_EDGE('',*,*,#3867,.T.);
#4632=ORIENTED_EDGE('',*,*,#4631,.T.);
#4634=ORIENTED_EDGE('',*,*,#4633,.T.);
#4636=ORIENTED_EDGE('',*,*,#4635,.F.);
#4638=ORIENTED_EDGE('',*,*,#4637,.T.);
#4640=ORIENTED_EDGE('',*,*,#4639,.F.);
#4641=ORIENTED_EDGE('',*,*,#4538,.F.);
#4642=ORIENTED_EDGE('',*,*,#4279,.F.);
#4643=EDGE_LOOP('',(#4623,#4625,#4627,#4629,#4630,#4632,#4634,#4636,#4638,#4640,
#4641,#4642));
#4644=FACE_OUTER_BOUND('',#4643,.F.);
#4645=ADVANCED_FACE('',(#4644),#4621,.T.);
#4646=CARTESIAN_POINT('',(-2.E0,0.E0,2.8E0));
#4647=DIRECTION('',(0.E0,0.E0,1.E0));
#4648=DIRECTION('',(1.E0,0.E0,0.E0));
#4649=AXIS2_PLACEMENT_3D('',#4646,#4647,#4648);
#4650=PLANE('',#4649);
#4652=ORIENTED_EDGE('',*,*,#4651,.T.);
#4654=ORIENTED_EDGE('',*,*,#4653,.F.);
#4656=ORIENTED_EDGE('',*,*,#4655,.F.);
#4657=ORIENTED_EDGE('',*,*,#4251,.F.);
#4658=EDGE_LOOP('',(#4652,#4654,#4656,#4657));
#4659=FACE_OUTER_BOUND('',#4658,.F.);
#4660=ADVANCED_FACE('',(#4659),#4650,.T.);
#4661=CARTESIAN_POINT('',(-2.E0,0.E0,2.8E0));
#4662=DIRECTION('',(0.E0,0.E0,1.E0));
#4663=DIRECTION('',(1.E0,0.E0,0.E0));
#4664=AXIS2_PLACEMENT_3D('',#4661,#4662,#4663);
#4665=PLANE('',#4664);
#4666=ORIENTED_EDGE('',*,*,#4622,.F.);
#4667=ORIENTED_EDGE('',*,*,#4277,.F.);
#4669=ORIENTED_EDGE('',*,*,#4668,.F.);
#4671=ORIENTED_EDGE('',*,*,#4670,.F.);
#4672=EDGE_LOOP('',(#4666,#4667,#4669,#4671));
#4673=FACE_OUTER_BOUND('',#4672,.F.);
#4674=ADVANCED_FACE('',(#4673),#4665,.T.);
#4675=CARTESIAN_POINT('',(1.5E0,0.E0,0.E0));
#4676=DIRECTION('',(1.E0,0.E0,0.E0));
#4677=DIRECTION('',(0.E0,0.E0,-1.E0));
#4678=AXIS2_PLACEMENT_3D('',#4675,#4676,#4677);
#4679=PLANE('',#4678);
#4680=ORIENTED_EDGE('',*,*,#4651,.F.);
#4681=ORIENTED_EDGE('',*,*,#4249,.T.);
#4682=ORIENTED_EDGE('',*,*,#4580,.T.);
#4684=ORIENTED_EDGE('',*,*,#4683,.T.);
#4686=ORIENTED_EDGE('',*,*,#4685,.T.);
#4688=ORIENTED_EDGE('',*,*,#4687,.T.);
#4690=ORIENTED_EDGE('',*,*,#4689,.F.);
#4692=ORIENTED_EDGE('',*,*,#4691,.F.);
#4693=ORIENTED_EDGE('',*,*,#3893,.F.);
#4695=ORIENTED_EDGE('',*,*,#4694,.T.);
#4697=ORIENTED_EDGE('',*,*,#4696,.T.);
#4699=ORIENTED_EDGE('',*,*,#4698,.T.);
#4700=EDGE_LOOP('',(#4680,#4681,#4682,#4684,#4686,#4688,#4690,#4692,#4693,#4695,
#4697,#4699));
#4701=FACE_OUTER_BOUND('',#4700,.F.);
#4702=ADVANCED_FACE('',(#4701),#4679,.F.);
#4703=CARTESIAN_POINT('',(1.1E0,2.2E-1,1.17E0));
#4704=DIRECTION('',(0.E0,-1.E0,0.E0));
#4705=DIRECTION('',(0.E0,0.E0,-1.E0));
#4706=AXIS2_PLACEMENT_3D('',#4703,#4704,#4705);
#4707=PLANE('',#4706);
#4708=ORIENTED_EDGE('',*,*,#4683,.F.);
#4709=ORIENTED_EDGE('',*,*,#4578,.T.);
#4710=ORIENTED_EDGE('',*,*,#4123,.T.);
#4712=ORIENTED_EDGE('',*,*,#4711,.T.);
#4713=ORIENTED_EDGE('',*,*,#4461,.F.);
#4714=ORIENTED_EDGE('',*,*,#4572,.T.);
#4716=ORIENTED_EDGE('',*,*,#4715,.T.);
#4718=ORIENTED_EDGE('',*,*,#4717,.T.);
#4720=ORIENTED_EDGE('',*,*,#4719,.F.);
#4721=ORIENTED_EDGE('',*,*,#4564,.T.);
#4723=ORIENTED_EDGE('',*,*,#4722,.T.);
#4725=ORIENTED_EDGE('',*,*,#4724,.T.);
#4727=ORIENTED_EDGE('',*,*,#4726,.F.);
#4728=ORIENTED_EDGE('',*,*,#4556,.T.);
#4730=ORIENTED_EDGE('',*,*,#4729,.T.);
#4732=ORIENTED_EDGE('',*,*,#4731,.T.);
#4734=ORIENTED_EDGE('',*,*,#4733,.F.);
#4735=ORIENTED_EDGE('',*,*,#4548,.T.);
#4737=ORIENTED_EDGE('',*,*,#4736,.T.);
#4739=ORIENTED_EDGE('',*,*,#4738,.T.);
#4741=ORIENTED_EDGE('',*,*,#4740,.F.);
#4742=ORIENTED_EDGE('',*,*,#4540,.T.);
#4743=ORIENTED_EDGE('',*,*,#4639,.T.);
#4745=ORIENTED_EDGE('',*,*,#4744,.F.);
#4746=EDGE_LOOP('',(#4708,#4709,#4710,#4712,#4713,#4714,#4716,#4718,#4720,#4721,
#4723,#4725,#4727,#4728,#4730,#4732,#4734,#4735,#4737,#4739,#4741,#4742,#4743,
#4745));
#4747=FACE_OUTER_BOUND('',#4746,.F.);
#4748=ADVANCED_FACE('',(#4747),#4707,.F.);
#4749=CARTESIAN_POINT('',(1.1E0,1.9E-1,1.17E0));
#4750=DIRECTION('',(0.E0,0.E0,-1.E0));
#4751=DIRECTION('',(0.E0,1.E0,0.E0));
#4752=AXIS2_PLACEMENT_3D('',#4749,#4750,#4751);
#4753=PLANE('',#4752);
#4754=ORIENTED_EDGE('',*,*,#4121,.F.);
#4756=ORIENTED_EDGE('',*,*,#4755,.T.);
#4757=ORIENTED_EDGE('',*,*,#4463,.T.);
#4758=ORIENTED_EDGE('',*,*,#4711,.F.);
#4759=EDGE_LOOP('',(#4754,#4756,#4757,#4758));
#4760=FACE_OUTER_BOUND('',#4759,.F.);
#4761=ADVANCED_FACE('',(#4760),#4753,.F.);
#4762=CARTESIAN_POINT('',(1.1E0,1.4E-1,1.05E0));
#4763=DIRECTION('',(0.E0,9.230769230769E-1,-3.846153846154E-1));
#4764=DIRECTION('',(0.E0,3.846153846154E-1,9.230769230769E-1));
#4765=AXIS2_PLACEMENT_3D('',#4762,#4763,#4764);
#4766=PLANE('',#4765);
#4767=ORIENTED_EDGE('',*,*,#4119,.F.);
#4769=ORIENTED_EDGE('',*,*,#4768,.T.);
#4770=ORIENTED_EDGE('',*,*,#4465,.T.);
#4771=ORIENTED_EDGE('',*,*,#4755,.F.);
#4772=EDGE_LOOP('',(#4767,#4769,#4770,#4771));
#4773=FACE_OUTER_BOUND('',#4772,.F.);
#4774=ADVANCED_FACE('',(#4773),#4766,.F.);
#4775=CARTESIAN_POINT('',(1.1E0,0.E0,1.05E0));
#4776=DIRECTION('',(0.E0,0.E0,-1.E0));
#4777=DIRECTION('',(0.E0,1.E0,0.E0));
#4778=AXIS2_PLACEMENT_3D('',#4775,#4776,#4777);
#4779=PLANE('',#4778);
#4780=ORIENTED_EDGE('',*,*,#4030,.F.);
#4781=ORIENTED_EDGE('',*,*,#4467,.T.);
#4782=ORIENTED_EDGE('',*,*,#4768,.F.);
#4783=ORIENTED_EDGE('',*,*,#4117,.F.);
#4784=EDGE_LOOP('',(#4780,#4781,#4782,#4783));
#4785=FACE_OUTER_BOUND('',#4784,.F.);
#4786=ADVANCED_FACE('',(#4785),#4779,.F.);
#4787=CARTESIAN_POINT('',(6.E-1,0.E0,0.E0));
#4788=DIRECTION('',(1.E0,0.E0,0.E0));
#4789=DIRECTION('',(0.E0,0.E0,-1.E0));
#4790=AXIS2_PLACEMENT_3D('',#4787,#4788,#4789);
#4791=PLANE('',#4790);
#4792=ORIENTED_EDGE('',*,*,#4304,.F.);
#4794=ORIENTED_EDGE('',*,*,#4793,.T.);
#4795=ORIENTED_EDGE('',*,*,#4587,.F.);
#4796=ORIENTED_EDGE('',*,*,#4171,.F.);
#4797=EDGE_LOOP('',(#4792,#4794,#4795,#4796));
#4798=FACE_OUTER_BOUND('',#4797,.F.);
#4799=ADVANCED_FACE('',(#4798),#4791,.F.);
#4800=CARTESIAN_POINT('',(6.E-1,0.E0,0.E0));
#4801=DIRECTION('',(1.E0,0.E0,0.E0));
#4802=DIRECTION('',(0.E0,0.E0,-1.E0));
#4803=AXIS2_PLACEMENT_3D('',#4800,#4801,#4802);
#4804=PLANE('',#4803);
#4806=ORIENTED_EDGE('',*,*,#4805,.F.);
#4808=ORIENTED_EDGE('',*,*,#4807,.T.);
#4810=ORIENTED_EDGE('',*,*,#4809,.T.);
#4811=ORIENTED_EDGE('',*,*,#4034,.F.);
#4813=ORIENTED_EDGE('',*,*,#4812,.T.);
#4815=ORIENTED_EDGE('',*,*,#4814,.T.);
#4817=ORIENTED_EDGE('',*,*,#4816,.T.);
#4818=ORIENTED_EDGE('',*,*,#4715,.F.);
#4819=ORIENTED_EDGE('',*,*,#4570,.F.);
#4821=ORIENTED_EDGE('',*,*,#4820,.T.);
#4822=EDGE_LOOP('',(#4806,#4808,#4810,#4811,#4813,#4815,#4817,#4818,#4819,
#4821));
#4823=FACE_OUTER_BOUND('',#4822,.F.);
#4824=ADVANCED_FACE('',(#4823),#4804,.F.);
#4825=CARTESIAN_POINT('',(6.E-1,0.E0,0.E0));
#4826=DIRECTION('',(1.E0,0.E0,0.E0));
#4827=DIRECTION('',(0.E0,0.E0,-1.E0));
#4828=AXIS2_PLACEMENT_3D('',#4825,#4826,#4827);
#4829=PLANE('',#4828);
#4831=ORIENTED_EDGE('',*,*,#4830,.F.);
#4833=ORIENTED_EDGE('',*,*,#4832,.T.);
#4835=ORIENTED_EDGE('',*,*,#4834,.T.);
#4836=ORIENTED_EDGE('',*,*,#3684,.T.);
#4838=ORIENTED_EDGE('',*,*,#4837,.F.);
#4839=EDGE_LOOP('',(#4831,#4833,#4835,#4836,#4838));
#4840=FACE_OUTER_BOUND('',#4839,.F.);
#4841=ADVANCED_FACE('',(#4840),#4829,.F.);
#4842=CARTESIAN_POINT('',(6.E-1,3.1E-1,2.85E0));
#4843=DIRECTION('',(0.E0,-1.E0,0.E0));
#4844=DIRECTION('',(0.E0,0.E0,-1.E0));
#4845=AXIS2_PLACEMENT_3D('',#4842,#4843,#4844);
#4846=PLANE('',#4845);
#4848=ORIENTED_EDGE('',*,*,#4847,.F.);
#4850=ORIENTED_EDGE('',*,*,#4849,.T.);
#4851=ORIENTED_EDGE('',*,*,#4589,.F.);
#4852=ORIENTED_EDGE('',*,*,#4793,.F.);
#4853=EDGE_LOOP('',(#4848,#4850,#4851,#4852));
#4854=FACE_OUTER_BOUND('',#4853,.F.);
#4855=ADVANCED_FACE('',(#4854),#4846,.F.);
#4856=CARTESIAN_POINT('',(5.E-1,2.95E-1,2.835E0));
#4857=DIRECTION('',(0.E0,7.071067811865E-1,7.071067811865E-1));
#4858=DIRECTION('',(-1.E0,0.E0,0.E0));
#4859=AXIS2_PLACEMENT_3D('',#4856,#4857,#4858);
#4860=PLANE('',#4859);
#4861=ORIENTED_EDGE('',*,*,#4847,.T.);
#4862=ORIENTED_EDGE('',*,*,#4302,.T.);
#4863=ORIENTED_EDGE('',*,*,#4344,.F.);
#4865=ORIENTED_EDGE('',*,*,#4864,.F.);
#4866=EDGE_LOOP('',(#4861,#4862,#4863,#4865));
#4867=FACE_OUTER_BOUND('',#4866,.F.);
#4868=ADVANCED_FACE('',(#4867),#4860,.T.);
#4869=CARTESIAN_POINT('',(3.85E-1,3.9E-1,2.835E0));
#4870=DIRECTION('',(7.071067811865E-1,0.E0,7.071067811866E-1));
#4871=DIRECTION('',(0.E0,-1.E0,0.E0));
#4872=AXIS2_PLACEMENT_3D('',#4869,#4870,#4871);
#4873=PLANE('',#4872);
#4874=ORIENTED_EDGE('',*,*,#4197,.T.);
#4876=ORIENTED_EDGE('',*,*,#4875,.T.);
#4877=ORIENTED_EDGE('',*,*,#4864,.T.);
#4878=ORIENTED_EDGE('',*,*,#4342,.F.);
#4879=EDGE_LOOP('',(#4874,#4876,#4877,#4878));
#4880=FACE_OUTER_BOUND('',#4879,.F.);
#4881=ADVANCED_FACE('',(#4880),#4873,.T.);
#4882=CARTESIAN_POINT('',(4.E-1,0.E0,0.E0));
#4883=DIRECTION('',(1.E0,0.E0,0.E0));
#4884=DIRECTION('',(0.E0,0.E0,-1.E0));
#4885=AXIS2_PLACEMENT_3D('',#4882,#4883,#4884);
#4886=PLANE('',#4885);
#4887=ORIENTED_EDGE('',*,*,#4875,.F.);
#4888=ORIENTED_EDGE('',*,*,#4195,.T.);
#4889=ORIENTED_EDGE('',*,*,#4591,.T.);
#4890=ORIENTED_EDGE('',*,*,#4849,.F.);
#4891=EDGE_LOOP('',(#4887,#4888,#4889,#4890));
#4892=FACE_OUTER_BOUND('',#4891,.F.);
#4893=ADVANCED_FACE('',(#4892),#4886,.T.);
#4894=CARTESIAN_POINT('',(4.E-1,0.E0,0.E0));
#4895=DIRECTION('',(1.E0,0.E0,0.E0));
#4896=DIRECTION('',(0.E0,0.E0,-1.E0));
#4897=AXIS2_PLACEMENT_3D('',#4894,#4895,#4896);
#4898=PLANE('',#4897);
#4900=ORIENTED_EDGE('',*,*,#4899,.F.);
#4902=ORIENTED_EDGE('',*,*,#4901,.F.);
#4903=ORIENTED_EDGE('',*,*,#4566,.T.);
#4904=ORIENTED_EDGE('',*,*,#4719,.T.);
#4906=ORIENTED_EDGE('',*,*,#4905,.F.);
#4908=ORIENTED_EDGE('',*,*,#4907,.F.);
#4910=ORIENTED_EDGE('',*,*,#4909,.F.);
#4911=ORIENTED_EDGE('',*,*,#4038,.T.);
#4913=ORIENTED_EDGE('',*,*,#4912,.F.);
#4915=ORIENTED_EDGE('',*,*,#4914,.F.);
#4916=EDGE_LOOP('',(#4900,#4902,#4903,#4904,#4906,#4908,#4910,#4911,#4913,
#4915));
#4917=FACE_OUTER_BOUND('',#4916,.F.);
#4918=ADVANCED_FACE('',(#4917),#4898,.T.);
#4919=CARTESIAN_POINT('',(4.E-1,0.E0,0.E0));
#4920=DIRECTION('',(1.E0,0.E0,0.E0));
#4921=DIRECTION('',(0.E0,0.E0,-1.E0));
#4922=AXIS2_PLACEMENT_3D('',#4919,#4920,#4921);
#4923=PLANE('',#4922);
#4925=ORIENTED_EDGE('',*,*,#4924,.F.);
#4926=ORIENTED_EDGE('',*,*,#3688,.F.);
#4928=ORIENTED_EDGE('',*,*,#4927,.F.);
#4930=ORIENTED_EDGE('',*,*,#4929,.F.);
#4932=ORIENTED_EDGE('',*,*,#4931,.F.);
#4933=EDGE_LOOP('',(#4925,#4926,#4928,#4930,#4932));
#4934=FACE_OUTER_BOUND('',#4933,.F.);
#4935=ADVANCED_FACE('',(#4934),#4923,.T.);
#4936=CARTESIAN_POINT('',(3.85E-1,1.7E-1,2.835E0));
#4937=DIRECTION('',(7.071067811865E-1,0.E0,7.071067811866E-1));
#4938=DIRECTION('',(0.E0,-1.E0,0.E0));
#4939=AXIS2_PLACEMENT_3D('',#4936,#4937,#4938);
#4940=PLANE('',#4939);
#4941=ORIENTED_EDGE('',*,*,#4371,.F.);
#4943=ORIENTED_EDGE('',*,*,#4942,.F.);
#4944=ORIENTED_EDGE('',*,*,#4899,.T.);
#4946=ORIENTED_EDGE('',*,*,#4945,.T.);
#4947=EDGE_LOOP('',(#4941,#4943,#4944,#4946));
#4948=FACE_OUTER_BOUND('',#4947,.F.);
#4949=ADVANCED_FACE('',(#4948),#4940,.T.);
#4950=CARTESIAN_POINT('',(5.E-1,2.55E-1,2.835E0));
#4951=DIRECTION('',(0.E0,-7.071067811865E-1,7.071067811866E-1));
#4952=DIRECTION('',(-1.E0,0.E0,0.E0));
#4953=AXIS2_PLACEMENT_3D('',#4950,#4951,#4952);
#4954=PLANE('',#4953);
#4955=ORIENTED_EDGE('',*,*,#4369,.F.);
#4957=ORIENTED_EDGE('',*,*,#4956,.F.);
#4959=ORIENTED_EDGE('',*,*,#4958,.T.);
#4960=ORIENTED_EDGE('',*,*,#4942,.T.);
#4961=EDGE_LOOP('',(#4955,#4957,#4959,#4960));
#4962=FACE_OUTER_BOUND('',#4961,.F.);
#4963=ADVANCED_FACE('',(#4962),#4954,.T.);
#4964=CARTESIAN_POINT('',(6.15E-1,1.7E-1,2.835E0));
#4965=DIRECTION('',(-7.071067811865E-1,0.E0,7.071067811866E-1));
#4966=DIRECTION('',(0.E0,-1.E0,0.E0));
#4967=AXIS2_PLACEMENT_3D('',#4964,#4965,#4966);
#4968=PLANE('',#4967);
#4969=ORIENTED_EDGE('',*,*,#4367,.F.);
#4971=ORIENTED_EDGE('',*,*,#4970,.F.);
#4972=ORIENTED_EDGE('',*,*,#4805,.T.);
#4973=ORIENTED_EDGE('',*,*,#4956,.T.);
#4974=EDGE_LOOP('',(#4969,#4971,#4972,#4973));
#4975=FACE_OUTER_BOUND('',#4974,.F.);
#4976=ADVANCED_FACE('',(#4975),#4968,.T.);
#4977=CARTESIAN_POINT('',(5.E-1,8.5E-2,2.835E0));
#4978=DIRECTION('',(0.E0,7.071067811865E-1,7.071067811865E-1));
#4979=DIRECTION('',(-1.E0,0.E0,0.E0));
#4980=AXIS2_PLACEMENT_3D('',#4977,#4978,#4979);
#4981=PLANE('',#4980);
#4983=ORIENTED_EDGE('',*,*,#4982,.T.);
#4984=ORIENTED_EDGE('',*,*,#4970,.T.);
#4985=ORIENTED_EDGE('',*,*,#4365,.F.);
#4986=ORIENTED_EDGE('',*,*,#4945,.F.);
#4987=EDGE_LOOP('',(#4983,#4984,#4985,#4986));
#4988=FACE_OUTER_BOUND('',#4987,.F.);
#4989=ADVANCED_FACE('',(#4988),#4981,.T.);
#4990=CARTESIAN_POINT('',(6.E-1,1.E-1,2.85E0));
#4991=DIRECTION('',(0.E0,-1.E0,0.E0));
#4992=DIRECTION('',(0.E0,0.E0,-1.E0));
#4993=AXIS2_PLACEMENT_3D('',#4990,#4991,#4992);
#4994=PLANE('',#4993);
#4995=ORIENTED_EDGE('',*,*,#4982,.F.);
#4996=ORIENTED_EDGE('',*,*,#4914,.T.);
#4998=ORIENTED_EDGE('',*,*,#4997,.F.);
#4999=ORIENTED_EDGE('',*,*,#4807,.F.);
#5000=EDGE_LOOP('',(#4995,#4996,#4998,#4999));
#5001=FACE_OUTER_BOUND('',#5000,.F.);
#5002=ADVANCED_FACE('',(#5001),#4994,.F.);
#5003=CARTESIAN_POINT('',(6.E-1,1.E-1,1.35E0));
#5004=DIRECTION('',(0.E0,0.E0,1.E0));
#5005=DIRECTION('',(0.E0,-1.E0,0.E0));
#5006=AXIS2_PLACEMENT_3D('',#5003,#5004,#5005);
#5007=PLANE('',#5006);
#5008=ORIENTED_EDGE('',*,*,#4036,.T.);
#5009=ORIENTED_EDGE('',*,*,#4809,.F.);
#5010=ORIENTED_EDGE('',*,*,#4997,.T.);
#5011=ORIENTED_EDGE('',*,*,#4912,.T.);
#5012=EDGE_LOOP('',(#5008,#5009,#5010,#5011));
#5013=FACE_OUTER_BOUND('',#5012,.F.);
#5014=ADVANCED_FACE('',(#5013),#5007,.F.);
#5015=CARTESIAN_POINT('',(6.E-1,2.4E-1,2.35E0));
#5016=DIRECTION('',(0.E0,1.E0,0.E0));
#5017=DIRECTION('',(0.E0,0.E0,1.E0));
#5018=AXIS2_PLACEMENT_3D('',#5015,#5016,#5017);
#5019=PLANE('',#5018);
#5020=ORIENTED_EDGE('',*,*,#4958,.F.);
#5021=ORIENTED_EDGE('',*,*,#4820,.F.);
#5022=ORIENTED_EDGE('',*,*,#4568,.T.);
#5023=ORIENTED_EDGE('',*,*,#4901,.T.);
#5024=EDGE_LOOP('',(#5020,#5021,#5022,#5023));
#5025=FACE_OUTER_BOUND('',#5024,.F.);
#5026=ADVANCED_FACE('',(#5025),#5019,.F.);
#5027=CARTESIAN_POINT('',(6.E-1,1.9E-1,1.17E0));
#5028=DIRECTION('',(0.E0,0.E0,-1.E0));
#5029=DIRECTION('',(0.E0,1.E0,0.E0));
#5030=AXIS2_PLACEMENT_3D('',#5027,#5028,#5029);
#5031=PLANE('',#5030);
#5032=ORIENTED_EDGE('',*,*,#4816,.F.);
#5034=ORIENTED_EDGE('',*,*,#5033,.T.);
#5035=ORIENTED_EDGE('',*,*,#4905,.T.);
#5036=ORIENTED_EDGE('',*,*,#4717,.F.);
#5037=EDGE_LOOP('',(#5032,#5034,#5035,#5036));
#5038=FACE_OUTER_BOUND('',#5037,.F.);
#5039=ADVANCED_FACE('',(#5038),#5031,.F.);
#5040=CARTESIAN_POINT('',(6.E-1,1.4E-1,1.05E0));
#5041=DIRECTION('',(0.E0,9.230769230769E-1,-3.846153846154E-1));
#5042=DIRECTION('',(0.E0,3.846153846154E-1,9.230769230769E-1));
#5043=AXIS2_PLACEMENT_3D('',#5040,#5041,#5042);
#5044=PLANE('',#5043);
#5045=ORIENTED_EDGE('',*,*,#4814,.F.);
#5047=ORIENTED_EDGE('',*,*,#5046,.T.);
#5048=ORIENTED_EDGE('',*,*,#4907,.T.);
#5049=ORIENTED_EDGE('',*,*,#5033,.F.);
#5050=EDGE_LOOP('',(#5045,#5047,#5048,#5049));
#5051=FACE_OUTER_BOUND('',#5050,.F.);
#5052=ADVANCED_FACE('',(#5051),#5044,.F.);
#5053=CARTESIAN_POINT('',(6.E-1,0.E0,1.05E0));
#5054=DIRECTION('',(0.E0,0.E0,-1.E0));
#5055=DIRECTION('',(0.E0,1.E0,0.E0));
#5056=AXIS2_PLACEMENT_3D('',#5053,#5054,#5055);
#5057=PLANE('',#5056);
#5058=ORIENTED_EDGE('',*,*,#4040,.F.);
#5059=ORIENTED_EDGE('',*,*,#4909,.T.);
#5060=ORIENTED_EDGE('',*,*,#5046,.F.);
#5061=ORIENTED_EDGE('',*,*,#4812,.F.);
#5062=EDGE_LOOP('',(#5058,#5059,#5060,#5061));
#5063=FACE_OUTER_BOUND('',#5062,.F.);
#5064=ADVANCED_FACE('',(#5063),#5057,.F.);
#5065=CARTESIAN_POINT('',(3.75E-1,7.642516604902E-1,7.274284870294E-1));
#5066=DIRECTION('',(7.071067811865E-1,3.040089501552E-1,6.384187953260E-1));
#5067=DIRECTION('',(2.256468412033E-1,-9.526691756457E-1,2.037276241198E-1));
#5068=AXIS2_PLACEMENT_3D('',#5065,#5066,#5067);
#5069=PLANE('',#5068);
#5070=ORIENTED_EDGE('',*,*,#3690,.T.);
#5071=ORIENTED_EDGE('',*,*,#4924,.T.);
#5073=ORIENTED_EDGE('',*,*,#5072,.T.);
#5075=ORIENTED_EDGE('',*,*,#5074,.F.);
#5076=EDGE_LOOP('',(#5070,#5071,#5073,#5075));
#5077=FACE_OUTER_BOUND('',#5076,.F.);
#5078=ADVANCED_FACE('',(#5077),#5069,.T.);
#5079=CARTESIAN_POINT('',(3.75E-1,6.5E-1,7.75E-1));
#5080=DIRECTION('',(7.071067811865E-1,0.E0,7.071067811865E-1));
#5081=DIRECTION('',(0.E0,-1.E0,0.E0));
#5082=AXIS2_PLACEMENT_3D('',#5079,#5080,#5081);
#5083=PLANE('',#5082);
#5084=ORIENTED_EDGE('',*,*,#3966,.F.);
#5085=ORIENTED_EDGE('',*,*,#5072,.F.);
#5086=ORIENTED_EDGE('',*,*,#4931,.T.);
#5088=ORIENTED_EDGE('',*,*,#5087,.T.);
#5089=EDGE_LOOP('',(#5084,#5085,#5086,#5088));
#5090=FACE_OUTER_BOUND('',#5089,.F.);
#5091=ADVANCED_FACE('',(#5090),#5083,.T.);
#5092=CARTESIAN_POINT('',(5.E-1,6.05E-1,7.75E-1));
#5093=DIRECTION('',(0.E0,7.071067811865E-1,7.071067811865E-1));
#5094=DIRECTION('',(-1.E0,0.E0,0.E0));
#5095=AXIS2_PLACEMENT_3D('',#5092,#5093,#5094);
#5096=PLANE('',#5095);
#5098=ORIENTED_EDGE('',*,*,#5097,.T.);
#5100=ORIENTED_EDGE('',*,*,#5099,.T.);
#5101=ORIENTED_EDGE('',*,*,#3968,.F.);
#5102=ORIENTED_EDGE('',*,*,#5087,.F.);
#5103=EDGE_LOOP('',(#5098,#5100,#5101,#5102));
#5104=FACE_OUTER_BOUND('',#5103,.F.);
#5105=ADVANCED_FACE('',(#5104),#5096,.T.);
#5106=CARTESIAN_POINT('',(6.E-1,6.3E-1,8.E-1));
#5107=DIRECTION('',(0.E0,-1.E0,0.E0));
#5108=DIRECTION('',(0.E0,0.E0,-1.E0));
#5109=AXIS2_PLACEMENT_3D('',#5106,#5107,#5108);
#5110=PLANE('',#5109);
#5111=ORIENTED_EDGE('',*,*,#5097,.F.);
#5112=ORIENTED_EDGE('',*,*,#4929,.T.);
#5114=ORIENTED_EDGE('',*,*,#5113,.F.);
#5115=ORIENTED_EDGE('',*,*,#4832,.F.);
#5116=EDGE_LOOP('',(#5111,#5112,#5114,#5115));
#5117=FACE_OUTER_BOUND('',#5116,.F.);
#5118=ADVANCED_FACE('',(#5117),#5110,.F.);
#5119=CARTESIAN_POINT('',(6.E-1,6.3E-1,5.5E-1));
#5120=DIRECTION('',(0.E0,0.E0,-1.E0));
#5121=DIRECTION('',(0.E0,1.E0,0.E0));
#5122=AXIS2_PLACEMENT_3D('',#5119,#5120,#5121);
#5123=PLANE('',#5122);
#5124=ORIENTED_EDGE('',*,*,#3686,.T.);
#5125=ORIENTED_EDGE('',*,*,#4834,.F.);
#5126=ORIENTED_EDGE('',*,*,#5113,.T.);
#5127=ORIENTED_EDGE('',*,*,#4927,.T.);
#5128=EDGE_LOOP('',(#5124,#5125,#5126,#5127));
#5129=FACE_OUTER_BOUND('',#5128,.F.);
#5130=ADVANCED_FACE('',(#5129),#5123,.F.);
#5131=CARTESIAN_POINT('',(6.25E-1,6.5E-1,7.75E-1));
#5132=DIRECTION('',(-7.071067811865E-1,0.E0,7.071067811865E-1));
#5133=DIRECTION('',(0.E0,-1.E0,0.E0));
#5134=AXIS2_PLACEMENT_3D('',#5131,#5132,#5133);
#5135=PLANE('',#5134);
#5136=ORIENTED_EDGE('',*,*,#3970,.F.);
#5137=ORIENTED_EDGE('',*,*,#5099,.F.);
#5138=ORIENTED_EDGE('',*,*,#4830,.T.);
#5140=ORIENTED_EDGE('',*,*,#5139,.T.);
#5141=EDGE_LOOP('',(#5136,#5137,#5138,#5140));
#5142=FACE_OUTER_BOUND('',#5141,.F.);
#5143=ADVANCED_FACE('',(#5142),#5135,.T.);
#5144=CARTESIAN_POINT('',(6.25E-1,7.642516604902E-1,7.274284870294E-1));
#5145=DIRECTION('',(-7.071067811865E-1,3.040089501552E-1,6.384187953260E-1));
#5146=DIRECTION('',(-2.256468412033E-1,-9.526691756457E-1,2.037276241198E-1));
#5147=AXIS2_PLACEMENT_3D('',#5144,#5145,#5146);
#5148=PLANE('',#5147);
#5149=ORIENTED_EDGE('',*,*,#3682,.T.);
#5151=ORIENTED_EDGE('',*,*,#5150,.F.);
#5152=ORIENTED_EDGE('',*,*,#5139,.F.);
#5153=ORIENTED_EDGE('',*,*,#4837,.T.);
#5154=EDGE_LOOP('',(#5149,#5151,#5152,#5153));
#5155=FACE_OUTER_BOUND('',#5154,.F.);
#5156=ADVANCED_FACE('',(#5155),#5148,.T.);
#5157=CARTESIAN_POINT('',(1.25E0,6.7E-1,8.E-1));
#5158=DIRECTION('',(0.E0,-4.299335803923E-1,-9.028605188239E-1));
#5159=DIRECTION('',(0.E0,9.028605188239E-1,-4.299335803923E-1));
#5160=AXIS2_PLACEMENT_3D('',#5157,#5158,#5159);
#5161=PLANE('',#5160);
#5162=ORIENTED_EDGE('',*,*,#5150,.T.);
#5163=ORIENTED_EDGE('',*,*,#3680,.T.);
#5165=ORIENTED_EDGE('',*,*,#5164,.T.);
#5166=ORIENTED_EDGE('',*,*,#3972,.T.);
#5167=EDGE_LOOP('',(#5162,#5163,#5165,#5166));
#5168=FACE_OUTER_BOUND('',#5167,.F.);
#5169=ADVANCED_FACE('',(#5168),#5161,.F.);
#5170=CARTESIAN_POINT('',(1.25E0,6.7E-1,8.E-1));
#5171=DIRECTION('',(0.E0,-4.299335803923E-1,-9.028605188239E-1));
#5172=DIRECTION('',(0.E0,9.028605188239E-1,-4.299335803923E-1));
#5173=AXIS2_PLACEMENT_3D('',#5170,#5171,#5172);
#5174=PLANE('',#5173);
#5176=ORIENTED_EDGE('',*,*,#5175,.T.);
#5177=ORIENTED_EDGE('',*,*,#3692,.T.);
#5178=ORIENTED_EDGE('',*,*,#5074,.T.);
#5179=ORIENTED_EDGE('',*,*,#3964,.T.);
#5180=EDGE_LOOP('',(#5176,#5177,#5178,#5179));
#5181=FACE_OUTER_BOUND('',#5180,.F.);
#5182=ADVANCED_FACE('',(#5181),#5174,.F.);
#5183=CARTESIAN_POINT('',(1.25E0,6.7E-1,8.E-1));
#5184=DIRECTION('',(0.E0,-4.299335803923E-1,-9.028605188239E-1));
#5185=DIRECTION('',(0.E0,9.028605188239E-1,-4.299335803923E-1));
#5186=AXIS2_PLACEMENT_3D('',#5183,#5184,#5185);
#5187=PLANE('',#5186);
#5189=ORIENTED_EDGE('',*,*,#5188,.T.);
#5190=ORIENTED_EDGE('',*,*,#3704,.T.);
#5192=ORIENTED_EDGE('',*,*,#5191,.T.);
#5193=ORIENTED_EDGE('',*,*,#3956,.T.);
#5194=EDGE_LOOP('',(#5189,#5190,#5192,#5193));
#5195=FACE_OUTER_BOUND('',#5194,.F.);
#5196=ADVANCED_FACE('',(#5195),#5187,.F.);
#5197=CARTESIAN_POINT('',(1.25E0,6.7E-1,8.E-1));
#5198=DIRECTION('',(0.E0,-4.299335803923E-1,-9.028605188239E-1));
#5199=DIRECTION('',(0.E0,9.028605188239E-1,-4.299335803923E-1));
#5200=AXIS2_PLACEMENT_3D('',#5197,#5198,#5199);
#5201=PLANE('',#5200);
#5203=ORIENTED_EDGE('',*,*,#5202,.T.);
#5204=ORIENTED_EDGE('',*,*,#3716,.T.);
#5206=ORIENTED_EDGE('',*,*,#5205,.T.);
#5207=ORIENTED_EDGE('',*,*,#3948,.T.);
#5208=EDGE_LOOP('',(#5203,#5204,#5206,#5207));
#5209=FACE_OUTER_BOUND('',#5208,.F.);
#5210=ADVANCED_FACE('',(#5209),#5201,.F.);
#5211=CARTESIAN_POINT('',(1.25E0,6.7E-1,8.E-1));
#5212=DIRECTION('',(0.E0,-4.299335803923E-1,-9.028605188239E-1));
#5213=DIRECTION('',(0.E0,9.028605188239E-1,-4.299335803923E-1));
#5214=AXIS2_PLACEMENT_3D('',#5211,#5212,#5213);
#5215=PLANE('',#5214);
#5216=ORIENTED_EDGE('',*,*,#3668,.T.);
#5217=ORIENTED_EDGE('',*,*,#3802,.F.);
#5218=ORIENTED_EDGE('',*,*,#3980,.T.);
#5220=ORIENTED_EDGE('',*,*,#5219,.T.);
#5221=EDGE_LOOP('',(#5216,#5217,#5218,#5220));
#5222=FACE_OUTER_BOUND('',#5221,.F.);
#5223=ADVANCED_FACE('',(#5222),#5215,.F.);
#5224=CARTESIAN_POINT('',(1.25E0,6.7E-1,8.E-1));
#5225=DIRECTION('',(0.E0,-4.299335803923E-1,-9.028605188239E-1));
#5226=DIRECTION('',(0.E0,9.028605188239E-1,-4.299335803923E-1));
#5227=AXIS2_PLACEMENT_3D('',#5224,#5225,#5226);
#5228=PLANE('',#5227);
#5229=ORIENTED_EDGE('',*,*,#3940,.T.);
#5231=ORIENTED_EDGE('',*,*,#5230,.T.);
#5232=ORIENTED_EDGE('',*,*,#3728,.T.);
#5234=ORIENTED_EDGE('',*,*,#5233,.T.);
#5235=EDGE_LOOP('',(#5229,#5231,#5232,#5234));
#5236=FACE_OUTER_BOUND('',#5235,.F.);
#5237=ADVANCED_FACE('',(#5236),#5228,.F.);
#5238=CARTESIAN_POINT('',(8.75E-1,7.642516604902E-1,7.274284870294E-1));
#5239=DIRECTION('',(7.071067811865E-1,3.040089501552E-1,6.384187953260E-1));
#5240=DIRECTION('',(2.256468412033E-1,-9.526691756457E-1,2.037276241198E-1));
#5241=AXIS2_PLACEMENT_3D('',#5238,#5239,#5240);
#5242=PLANE('',#5241);
#5243=ORIENTED_EDGE('',*,*,#3678,.T.);
#5244=ORIENTED_EDGE('',*,*,#4481,.T.);
#5246=ORIENTED_EDGE('',*,*,#5245,.F.);
#5247=ORIENTED_EDGE('',*,*,#5164,.F.);
#5248=EDGE_LOOP('',(#5243,#5244,#5246,#5247));
#5249=FACE_OUTER_BOUND('',#5248,.F.);
#5250=ADVANCED_FACE('',(#5249),#5242,.T.);
#5251=CARTESIAN_POINT('',(8.75E-1,6.5E-1,7.75E-1));
#5252=DIRECTION('',(7.071067811865E-1,0.E0,7.071067811865E-1));
#5253=DIRECTION('',(0.E0,-1.E0,0.E0));
#5254=AXIS2_PLACEMENT_3D('',#5251,#5252,#5253);
#5255=PLANE('',#5254);
#5256=ORIENTED_EDGE('',*,*,#3974,.F.);
#5257=ORIENTED_EDGE('',*,*,#5245,.T.);
#5258=ORIENTED_EDGE('',*,*,#4488,.T.);
#5260=ORIENTED_EDGE('',*,*,#5259,.T.);
#5261=EDGE_LOOP('',(#5256,#5257,#5258,#5260));
#5262=FACE_OUTER_BOUND('',#5261,.F.);
#5263=ADVANCED_FACE('',(#5262),#5255,.T.);
#5264=CARTESIAN_POINT('',(1.E0,6.05E-1,7.75E-1));
#5265=DIRECTION('',(0.E0,7.071067811865E-1,7.071067811865E-1));
#5266=DIRECTION('',(-1.E0,0.E0,0.E0));
#5267=AXIS2_PLACEMENT_3D('',#5264,#5265,#5266);
#5268=PLANE('',#5267);
#5270=ORIENTED_EDGE('',*,*,#5269,.T.);
#5272=ORIENTED_EDGE('',*,*,#5271,.F.);
#5273=ORIENTED_EDGE('',*,*,#3976,.F.);
#5274=ORIENTED_EDGE('',*,*,#5259,.F.);
#5275=EDGE_LOOP('',(#5270,#5272,#5273,#5274));
#5276=FACE_OUTER_BOUND('',#5275,.F.);
#5277=ADVANCED_FACE('',(#5276),#5268,.T.);
#5278=CARTESIAN_POINT('',(1.1E0,6.3E-1,8.E-1));
#5279=DIRECTION('',(0.E0,-1.E0,0.E0));
#5280=DIRECTION('',(0.E0,0.E0,-1.E0));
#5281=AXIS2_PLACEMENT_3D('',#5278,#5279,#5280);
#5282=PLANE('',#5281);
#5283=ORIENTED_EDGE('',*,*,#5269,.F.);
#5284=ORIENTED_EDGE('',*,*,#4486,.T.);
#5286=ORIENTED_EDGE('',*,*,#5285,.F.);
#5287=ORIENTED_EDGE('',*,*,#4139,.F.);
#5288=EDGE_LOOP('',(#5283,#5284,#5286,#5287));
#5289=FACE_OUTER_BOUND('',#5288,.F.);
#5290=ADVANCED_FACE('',(#5289),#5282,.F.);
#5291=CARTESIAN_POINT('',(1.1E0,6.3E-1,5.5E-1));
#5292=DIRECTION('',(0.E0,0.E0,-1.E0));
#5293=DIRECTION('',(0.E0,1.E0,0.E0));
#5294=AXIS2_PLACEMENT_3D('',#5291,#5292,#5293);
#5295=PLANE('',#5294);
#5296=ORIENTED_EDGE('',*,*,#3674,.T.);
#5297=ORIENTED_EDGE('',*,*,#4141,.F.);
#5298=ORIENTED_EDGE('',*,*,#5285,.T.);
#5299=ORIENTED_EDGE('',*,*,#4484,.T.);
#5300=EDGE_LOOP('',(#5296,#5297,#5298,#5299));
#5301=FACE_OUTER_BOUND('',#5300,.F.);
#5302=ADVANCED_FACE('',(#5301),#5295,.F.);
#5303=CARTESIAN_POINT('',(1.125E0,6.5E-1,7.75E-1));
#5304=DIRECTION('',(-7.071067811865E-1,0.E0,7.071067811865E-1));
#5305=DIRECTION('',(0.E0,-1.E0,0.E0));
#5306=AXIS2_PLACEMENT_3D('',#5303,#5304,#5305);
#5307=PLANE('',#5306);
#5308=ORIENTED_EDGE('',*,*,#3978,.F.);
#5309=ORIENTED_EDGE('',*,*,#5271,.T.);
#5310=ORIENTED_EDGE('',*,*,#4137,.T.);
#5312=ORIENTED_EDGE('',*,*,#5311,.F.);
#5313=EDGE_LOOP('',(#5308,#5309,#5310,#5312));
#5314=FACE_OUTER_BOUND('',#5313,.F.);
#5315=ADVANCED_FACE('',(#5314),#5307,.T.);
#5316=CARTESIAN_POINT('',(1.125E0,7.642516604902E-1,7.274284870294E-1));
#5317=DIRECTION('',(-7.071067811865E-1,3.040089501552E-1,6.384187953260E-1));
#5318=DIRECTION('',(-2.256468412033E-1,-9.526691756457E-1,2.037276241198E-1));
#5319=AXIS2_PLACEMENT_3D('',#5316,#5317,#5318);
#5320=PLANE('',#5319);
#5321=ORIENTED_EDGE('',*,*,#3670,.T.);
#5322=ORIENTED_EDGE('',*,*,#5219,.F.);
#5323=ORIENTED_EDGE('',*,*,#5311,.T.);
#5324=ORIENTED_EDGE('',*,*,#4144,.T.);
#5325=EDGE_LOOP('',(#5321,#5322,#5323,#5324));
#5326=FACE_OUTER_BOUND('',#5325,.F.);
#5327=ADVANCED_FACE('',(#5326),#5320,.T.);
#5328=CARTESIAN_POINT('',(1.25E-1,7.642516604902E-1,7.274284870294E-1));
#5329=DIRECTION('',(-7.071067811865E-1,3.040089501552E-1,6.384187953260E-1));
#5330=DIRECTION('',(-2.256468412033E-1,-9.526691756457E-1,2.037276241198E-1));
#5331=AXIS2_PLACEMENT_3D('',#5328,#5329,#5330);
#5332=PLANE('',#5331);
#5333=ORIENTED_EDGE('',*,*,#3694,.T.);
#5334=ORIENTED_EDGE('',*,*,#5175,.F.);
#5336=ORIENTED_EDGE('',*,*,#5335,.F.);
#5338=ORIENTED_EDGE('',*,*,#5337,.T.);
#5339=EDGE_LOOP('',(#5333,#5334,#5336,#5338));
#5340=FACE_OUTER_BOUND('',#5339,.F.);
#5341=ADVANCED_FACE('',(#5340),#5332,.T.);
#5342=CARTESIAN_POINT('',(1.25E-1,6.5E-1,7.75E-1));
#5343=DIRECTION('',(-7.071067811865E-1,0.E0,7.071067811865E-1));
#5344=DIRECTION('',(0.E0,-1.E0,0.E0));
#5345=AXIS2_PLACEMENT_3D('',#5342,#5343,#5344);
#5346=PLANE('',#5345);
#5347=ORIENTED_EDGE('',*,*,#3962,.F.);
#5349=ORIENTED_EDGE('',*,*,#5348,.F.);
#5351=ORIENTED_EDGE('',*,*,#5350,.T.);
#5352=ORIENTED_EDGE('',*,*,#5335,.T.);
#5353=EDGE_LOOP('',(#5347,#5349,#5351,#5352));
#5354=FACE_OUTER_BOUND('',#5353,.F.);
#5355=ADVANCED_FACE('',(#5354),#5346,.T.);
#5356=CARTESIAN_POINT('',(0.E0,6.05E-1,7.75E-1));
#5357=DIRECTION('',(0.E0,7.071067811865E-1,7.071067811865E-1));
#5358=DIRECTION('',(-1.E0,0.E0,0.E0));
#5359=AXIS2_PLACEMENT_3D('',#5356,#5357,#5358);
#5360=PLANE('',#5359);
#5362=ORIENTED_EDGE('',*,*,#5361,.T.);
#5363=ORIENTED_EDGE('',*,*,#5348,.T.);
#5364=ORIENTED_EDGE('',*,*,#3960,.F.);
#5366=ORIENTED_EDGE('',*,*,#5365,.F.);
#5367=EDGE_LOOP('',(#5362,#5363,#5364,#5366));
#5368=FACE_OUTER_BOUND('',#5367,.F.);
#5369=ADVANCED_FACE('',(#5368),#5360,.T.);
#5370=CARTESIAN_POINT('',(1.E-1,6.3E-1,8.E-1));
#5371=DIRECTION('',(0.E0,-1.E0,0.E0));
#5372=DIRECTION('',(0.E0,0.E0,-1.E0));
#5373=AXIS2_PLACEMENT_3D('',#5370,#5371,#5372);
#5374=PLANE('',#5373);
#5375=ORIENTED_EDGE('',*,*,#5361,.F.);
#5377=ORIENTED_EDGE('',*,*,#5376,.T.);
#5379=ORIENTED_EDGE('',*,*,#5378,.F.);
#5381=ORIENTED_EDGE('',*,*,#5380,.F.);
#5382=EDGE_LOOP('',(#5375,#5377,#5379,#5381));
#5383=FACE_OUTER_BOUND('',#5382,.F.);
#5384=ADVANCED_FACE('',(#5383),#5374,.F.);
#5385=CARTESIAN_POINT('',(-1.E-1,0.E0,0.E0));
#5386=DIRECTION('',(1.E0,0.E0,0.E0));
#5387=DIRECTION('',(0.E0,0.E0,-1.E0));
#5388=AXIS2_PLACEMENT_3D('',#5385,#5386,#5387);
#5389=PLANE('',#5388);
#5391=ORIENTED_EDGE('',*,*,#5390,.F.);
#5392=ORIENTED_EDGE('',*,*,#4215,.T.);
#5393=ORIENTED_EDGE('',*,*,#4598,.T.);
#5395=ORIENTED_EDGE('',*,*,#5394,.F.);
#5396=EDGE_LOOP('',(#5391,#5392,#5393,#5395));
#5397=FACE_OUTER_BOUND('',#5396,.F.);
#5398=ADVANCED_FACE('',(#5397),#5389,.T.);
#5399=CARTESIAN_POINT('',(-1.E-1,0.E0,0.E0));
#5400=DIRECTION('',(1.E0,0.E0,0.E0));
#5401=DIRECTION('',(0.E0,0.E0,-1.E0));
#5402=AXIS2_PLACEMENT_3D('',#5399,#5400,#5401);
#5403=PLANE('',#5402);
#5405=ORIENTED_EDGE('',*,*,#5404,.F.);
#5407=ORIENTED_EDGE('',*,*,#5406,.F.);
#5408=ORIENTED_EDGE('',*,*,#4558,.T.);
#5409=ORIENTED_EDGE('',*,*,#4726,.T.);
#5411=ORIENTED_EDGE('',*,*,#5410,.F.);
#5413=ORIENTED_EDGE('',*,*,#5412,.F.);
#5415=ORIENTED_EDGE('',*,*,#5414,.F.);
#5416=ORIENTED_EDGE('',*,*,#4048,.T.);
#5418=ORIENTED_EDGE('',*,*,#5417,.F.);
#5420=ORIENTED_EDGE('',*,*,#5419,.F.);
#5421=EDGE_LOOP('',(#5405,#5407,#5408,#5409,#5411,#5413,#5415,#5416,#5418,
#5420));
#5422=FACE_OUTER_BOUND('',#5421,.F.);
#5423=ADVANCED_FACE('',(#5422),#5403,.T.);
#5424=CARTESIAN_POINT('',(-1.E-1,0.E0,0.E0));
#5425=DIRECTION('',(1.E0,0.E0,0.E0));
#5426=DIRECTION('',(0.E0,0.E0,-1.E0));
#5427=AXIS2_PLACEMENT_3D('',#5424,#5425,#5426);
#5428=PLANE('',#5427);
#5430=ORIENTED_EDGE('',*,*,#5429,.F.);
#5431=ORIENTED_EDGE('',*,*,#3700,.F.);
#5433=ORIENTED_EDGE('',*,*,#5432,.F.);
#5434=ORIENTED_EDGE('',*,*,#5376,.F.);
#5436=ORIENTED_EDGE('',*,*,#5435,.F.);
#5437=EDGE_LOOP('',(#5430,#5431,#5433,#5434,#5436));
#5438=FACE_OUTER_BOUND('',#5437,.F.);
#5439=ADVANCED_FACE('',(#5438),#5428,.T.);
#5440=CARTESIAN_POINT('',(-1.15E-1,3.9E-1,2.835E0));
#5441=DIRECTION('',(7.071067811865E-1,0.E0,7.071067811866E-1));
#5442=DIRECTION('',(0.E0,-1.E0,0.E0));
#5443=AXIS2_PLACEMENT_3D('',#5440,#5441,#5442);
#5444=PLANE('',#5443);
#5445=ORIENTED_EDGE('',*,*,#4217,.T.);
#5446=ORIENTED_EDGE('',*,*,#5390,.T.);
#5448=ORIENTED_EDGE('',*,*,#5447,.T.);
#5449=ORIENTED_EDGE('',*,*,#4335,.F.);
#5450=EDGE_LOOP('',(#5445,#5446,#5448,#5449));
#5451=FACE_OUTER_BOUND('',#5450,.F.);
#5452=ADVANCED_FACE('',(#5451),#5444,.T.);
#5453=CARTESIAN_POINT('',(0.E0,2.95E-1,2.835E0));
#5454=DIRECTION('',(0.E0,7.071067811865E-1,7.071067811865E-1));
#5455=DIRECTION('',(-1.E0,0.E0,0.E0));
#5456=AXIS2_PLACEMENT_3D('',#5453,#5454,#5455);
#5457=PLANE('',#5456);
#5459=ORIENTED_EDGE('',*,*,#5458,.T.);
#5461=ORIENTED_EDGE('',*,*,#5460,.T.);
#5462=ORIENTED_EDGE('',*,*,#4337,.F.);
#5463=ORIENTED_EDGE('',*,*,#5447,.F.);
#5464=EDGE_LOOP('',(#5459,#5461,#5462,#5463));
#5465=FACE_OUTER_BOUND('',#5464,.F.);
#5466=ADVANCED_FACE('',(#5465),#5457,.T.);
#5467=CARTESIAN_POINT('',(1.E-1,3.1E-1,2.85E0));
#5468=DIRECTION('',(0.E0,-1.E0,0.E0));
#5469=DIRECTION('',(0.E0,0.E0,-1.E0));
#5470=AXIS2_PLACEMENT_3D('',#5467,#5468,#5469);
#5471=PLANE('',#5470);
#5472=ORIENTED_EDGE('',*,*,#5458,.F.);
#5473=ORIENTED_EDGE('',*,*,#5394,.T.);
#5474=ORIENTED_EDGE('',*,*,#4596,.F.);
#5476=ORIENTED_EDGE('',*,*,#5475,.F.);
#5477=EDGE_LOOP('',(#5472,#5473,#5474,#5476));
#5478=FACE_OUTER_BOUND('',#5477,.F.);
#5479=ADVANCED_FACE('',(#5478),#5471,.F.);
#5480=CARTESIAN_POINT('',(1.E-1,0.E0,0.E0));
#5481=DIRECTION('',(1.E0,0.E0,0.E0));
#5482=DIRECTION('',(0.E0,0.E0,-1.E0));
#5483=AXIS2_PLACEMENT_3D('',#5480,#5481,#5482);
#5484=PLANE('',#5483);
#5486=ORIENTED_EDGE('',*,*,#5485,.F.);
#5487=ORIENTED_EDGE('',*,*,#5475,.T.);
#5488=ORIENTED_EDGE('',*,*,#4594,.F.);
#5489=ORIENTED_EDGE('',*,*,#4191,.F.);
#5490=EDGE_LOOP('',(#5486,#5487,#5488,#5489));
#5491=FACE_OUTER_BOUND('',#5490,.F.);
#5492=ADVANCED_FACE('',(#5491),#5484,.F.);
#5493=CARTESIAN_POINT('',(1.E-1,0.E0,0.E0));
#5494=DIRECTION('',(1.E0,0.E0,0.E0));
#5495=DIRECTION('',(0.E0,0.E0,-1.E0));
#5496=AXIS2_PLACEMENT_3D('',#5493,#5494,#5495);
#5497=PLANE('',#5496);
#5499=ORIENTED_EDGE('',*,*,#5498,.F.);
#5501=ORIENTED_EDGE('',*,*,#5500,.T.);
#5503=ORIENTED_EDGE('',*,*,#5502,.T.);
#5504=ORIENTED_EDGE('',*,*,#4044,.F.);
#5506=ORIENTED_EDGE('',*,*,#5505,.T.);
#5508=ORIENTED_EDGE('',*,*,#5507,.T.);
#5510=ORIENTED_EDGE('',*,*,#5509,.T.);
#5511=ORIENTED_EDGE('',*,*,#4722,.F.);
#5512=ORIENTED_EDGE('',*,*,#4562,.F.);
#5514=ORIENTED_EDGE('',*,*,#5513,.T.);
#5515=EDGE_LOOP('',(#5499,#5501,#5503,#5504,#5506,#5508,#5510,#5511,#5512,
#5514));
#5516=FACE_OUTER_BOUND('',#5515,.F.);
#5517=ADVANCED_FACE('',(#5516),#5497,.F.);
#5518=CARTESIAN_POINT('',(1.E-1,0.E0,0.E0));
#5519=DIRECTION('',(1.E0,0.E0,0.E0));
#5520=DIRECTION('',(0.E0,0.E0,-1.E0));
#5521=AXIS2_PLACEMENT_3D('',#5518,#5519,#5520);
#5522=PLANE('',#5521);
#5523=ORIENTED_EDGE('',*,*,#5350,.F.);
#5524=ORIENTED_EDGE('',*,*,#5380,.T.);
#5526=ORIENTED_EDGE('',*,*,#5525,.T.);
#5527=ORIENTED_EDGE('',*,*,#3696,.T.);
#5528=ORIENTED_EDGE('',*,*,#5337,.F.);
#5529=EDGE_LOOP('',(#5523,#5524,#5526,#5527,#5528));
#5530=FACE_OUTER_BOUND('',#5529,.F.);
#5531=ADVANCED_FACE('',(#5530),#5522,.F.);
#5532=CARTESIAN_POINT('',(1.15E-1,3.9E-1,2.835E0));
#5533=DIRECTION('',(-7.071067811866E-1,0.E0,7.071067811865E-1));
#5534=DIRECTION('',(0.E0,-1.E0,0.E0));
#5535=AXIS2_PLACEMENT_3D('',#5532,#5533,#5534);
#5536=PLANE('',#5535);
#5537=ORIENTED_EDGE('',*,*,#4189,.T.);
#5538=ORIENTED_EDGE('',*,*,#4339,.F.);
#5539=ORIENTED_EDGE('',*,*,#5460,.F.);
#5540=ORIENTED_EDGE('',*,*,#5485,.T.);
#5541=EDGE_LOOP('',(#5537,#5538,#5539,#5540));
#5542=FACE_OUTER_BOUND('',#5541,.F.);
#5543=ADVANCED_FACE('',(#5542),#5536,.T.);
#5544=CARTESIAN_POINT('',(1.15E-1,1.7E-1,2.835E0));
#5545=DIRECTION('',(-7.071067811865E-1,0.E0,7.071067811866E-1));
#5546=DIRECTION('',(0.E0,-1.E0,0.E0));
#5547=AXIS2_PLACEMENT_3D('',#5544,#5545,#5546);
#5548=PLANE('',#5547);
#5549=ORIENTED_EDGE('',*,*,#4377,.F.);
#5551=ORIENTED_EDGE('',*,*,#5550,.F.);
#5552=ORIENTED_EDGE('',*,*,#5498,.T.);
#5554=ORIENTED_EDGE('',*,*,#5553,.T.);
#5555=EDGE_LOOP('',(#5549,#5551,#5552,#5554));
#5556=FACE_OUTER_BOUND('',#5555,.F.);
#5557=ADVANCED_FACE('',(#5556),#5548,.T.);
#5558=CARTESIAN_POINT('',(0.E0,8.5E-2,2.835E0));
#5559=DIRECTION('',(0.E0,7.071067811865E-1,7.071067811865E-1));
#5560=DIRECTION('',(-1.E0,0.E0,0.E0));
#5561=AXIS2_PLACEMENT_3D('',#5558,#5559,#5560);
#5562=PLANE('',#5561);
#5564=ORIENTED_EDGE('',*,*,#5563,.T.);
#5565=ORIENTED_EDGE('',*,*,#5550,.T.);
#5566=ORIENTED_EDGE('',*,*,#4375,.F.);
#5568=ORIENTED_EDGE('',*,*,#5567,.F.);
#5569=EDGE_LOOP('',(#5564,#5565,#5566,#5568));
#5570=FACE_OUTER_BOUND('',#5569,.F.);
#5571=ADVANCED_FACE('',(#5570),#5562,.T.);
#5572=CARTESIAN_POINT('',(1.E-1,1.E-1,2.85E0));
#5573=DIRECTION('',(0.E0,-1.E0,0.E0));
#5574=DIRECTION('',(0.E0,0.E0,-1.E0));
#5575=AXIS2_PLACEMENT_3D('',#5572,#5573,#5574);
#5576=PLANE('',#5575);
#5577=ORIENTED_EDGE('',*,*,#5563,.F.);
#5578=ORIENTED_EDGE('',*,*,#5419,.T.);
#5580=ORIENTED_EDGE('',*,*,#5579,.F.);
#5581=ORIENTED_EDGE('',*,*,#5500,.F.);
#5582=EDGE_LOOP('',(#5577,#5578,#5580,#5581));
#5583=FACE_OUTER_BOUND('',#5582,.F.);
#5584=ADVANCED_FACE('',(#5583),#5576,.F.);
#5585=CARTESIAN_POINT('',(1.E-1,1.E-1,1.35E0));
#5586=DIRECTION('',(0.E0,0.E0,1.E0));
#5587=DIRECTION('',(0.E0,-1.E0,0.E0));
#5588=AXIS2_PLACEMENT_3D('',#5585,#5586,#5587);
#5589=PLANE('',#5588);
#5590=ORIENTED_EDGE('',*,*,#4046,.T.);
#5591=ORIENTED_EDGE('',*,*,#5502,.F.);
#5592=ORIENTED_EDGE('',*,*,#5579,.T.);
#5593=ORIENTED_EDGE('',*,*,#5417,.T.);
#5594=EDGE_LOOP('',(#5590,#5591,#5592,#5593));
#5595=FACE_OUTER_BOUND('',#5594,.F.);
#5596=ADVANCED_FACE('',(#5595),#5589,.F.);
#5597=CARTESIAN_POINT('',(-1.15E-1,1.7E-1,2.835E0));
#5598=DIRECTION('',(7.071067811865E-1,0.E0,7.071067811866E-1));
#5599=DIRECTION('',(0.E0,-1.E0,0.E0));
#5600=AXIS2_PLACEMENT_3D('',#5597,#5598,#5599);
#5601=PLANE('',#5600);
#5602=ORIENTED_EDGE('',*,*,#4381,.F.);
#5604=ORIENTED_EDGE('',*,*,#5603,.F.);
#5605=ORIENTED_EDGE('',*,*,#5404,.T.);
#5606=ORIENTED_EDGE('',*,*,#5567,.T.);
#5607=EDGE_LOOP('',(#5602,#5604,#5605,#5606));
#5608=FACE_OUTER_BOUND('',#5607,.F.);
#5609=ADVANCED_FACE('',(#5608),#5601,.T.);
#5610=CARTESIAN_POINT('',(0.E0,2.55E-1,2.835E0));
#5611=DIRECTION('',(0.E0,-7.071067811865E-1,7.071067811865E-1));
#5612=DIRECTION('',(-1.E0,0.E0,0.E0));
#5613=AXIS2_PLACEMENT_3D('',#5610,#5611,#5612);
#5614=PLANE('',#5613);
#5615=ORIENTED_EDGE('',*,*,#4379,.F.);
#5616=ORIENTED_EDGE('',*,*,#5553,.F.);
#5618=ORIENTED_EDGE('',*,*,#5617,.T.);
#5619=ORIENTED_EDGE('',*,*,#5603,.T.);
#5620=EDGE_LOOP('',(#5615,#5616,#5618,#5619));
#5621=FACE_OUTER_BOUND('',#5620,.F.);
#5622=ADVANCED_FACE('',(#5621),#5614,.T.);
#5623=CARTESIAN_POINT('',(1.E-1,2.4E-1,2.35E0));
#5624=DIRECTION('',(0.E0,1.E0,0.E0));
#5625=DIRECTION('',(0.E0,0.E0,1.E0));
#5626=AXIS2_PLACEMENT_3D('',#5623,#5624,#5625);
#5627=PLANE('',#5626);
#5628=ORIENTED_EDGE('',*,*,#5617,.F.);
#5629=ORIENTED_EDGE('',*,*,#5513,.F.);
#5630=ORIENTED_EDGE('',*,*,#4560,.T.);
#5631=ORIENTED_EDGE('',*,*,#5406,.T.);
#5632=EDGE_LOOP('',(#5628,#5629,#5630,#5631));
#5633=FACE_OUTER_BOUND('',#5632,.F.);
#5634=ADVANCED_FACE('',(#5633),#5627,.F.);
#5635=CARTESIAN_POINT('',(1.E-1,0.E0,1.05E0));
#5636=DIRECTION('',(0.E0,0.E0,-1.E0));
#5637=DIRECTION('',(0.E0,1.E0,0.E0));
#5638=AXIS2_PLACEMENT_3D('',#5635,#5636,#5637);
#5639=PLANE('',#5638);
#5640=ORIENTED_EDGE('',*,*,#4050,.F.);
#5641=ORIENTED_EDGE('',*,*,#5414,.T.);
#5643=ORIENTED_EDGE('',*,*,#5642,.F.);
#5644=ORIENTED_EDGE('',*,*,#5505,.F.);
#5645=EDGE_LOOP('',(#5640,#5641,#5643,#5644));
#5646=FACE_OUTER_BOUND('',#5645,.F.);
#5647=ADVANCED_FACE('',(#5646),#5639,.F.);
#5648=CARTESIAN_POINT('',(1.E-1,1.4E-1,1.05E0));
#5649=DIRECTION('',(0.E0,9.230769230769E-1,-3.846153846154E-1));
#5650=DIRECTION('',(0.E0,3.846153846154E-1,9.230769230769E-1));
#5651=AXIS2_PLACEMENT_3D('',#5648,#5649,#5650);
#5652=PLANE('',#5651);
#5653=ORIENTED_EDGE('',*,*,#5507,.F.);
#5654=ORIENTED_EDGE('',*,*,#5642,.T.);
#5655=ORIENTED_EDGE('',*,*,#5412,.T.);
#5657=ORIENTED_EDGE('',*,*,#5656,.F.);
#5658=EDGE_LOOP('',(#5653,#5654,#5655,#5657));
#5659=FACE_OUTER_BOUND('',#5658,.F.);
#5660=ADVANCED_FACE('',(#5659),#5652,.F.);
#5661=CARTESIAN_POINT('',(1.E-1,1.9E-1,1.17E0));
#5662=DIRECTION('',(0.E0,0.E0,-1.E0));
#5663=DIRECTION('',(0.E0,1.E0,0.E0));
#5664=AXIS2_PLACEMENT_3D('',#5661,#5662,#5663);
#5665=PLANE('',#5664);
#5666=ORIENTED_EDGE('',*,*,#5509,.F.);
#5667=ORIENTED_EDGE('',*,*,#5656,.T.);
#5668=ORIENTED_EDGE('',*,*,#5410,.T.);
#5669=ORIENTED_EDGE('',*,*,#4724,.F.);
#5670=EDGE_LOOP('',(#5666,#5667,#5668,#5669));
#5671=FACE_OUTER_BOUND('',#5670,.F.);
#5672=ADVANCED_FACE('',(#5671),#5665,.F.);
#5673=CARTESIAN_POINT('',(1.E-1,6.3E-1,5.5E-1));
#5674=DIRECTION('',(0.E0,0.E0,-1.E0));
#5675=DIRECTION('',(0.E0,1.E0,0.E0));
#5676=AXIS2_PLACEMENT_3D('',#5673,#5674,#5675);
#5677=PLANE('',#5676);
#5678=ORIENTED_EDGE('',*,*,#3698,.T.);
#5679=ORIENTED_EDGE('',*,*,#5525,.F.);
#5680=ORIENTED_EDGE('',*,*,#5378,.T.);
#5681=ORIENTED_EDGE('',*,*,#5432,.T.);
#5682=EDGE_LOOP('',(#5678,#5679,#5680,#5681));
#5683=FACE_OUTER_BOUND('',#5682,.F.);
#5684=ADVANCED_FACE('',(#5683),#5677,.F.);
#5685=CARTESIAN_POINT('',(-1.25E-1,7.642516604902E-1,7.274284870294E-1));
#5686=DIRECTION('',(7.071067811865E-1,3.040089501552E-1,6.384187953260E-1));
#5687=DIRECTION('',(2.256468412033E-1,-9.526691756457E-1,2.037276241198E-1));
#5688=AXIS2_PLACEMENT_3D('',#5685,#5686,#5687);
#5689=PLANE('',#5688);
#5690=ORIENTED_EDGE('',*,*,#3702,.T.);
#5691=ORIENTED_EDGE('',*,*,#5429,.T.);
#5693=ORIENTED_EDGE('',*,*,#5692,.T.);
#5694=ORIENTED_EDGE('',*,*,#5191,.F.);
#5695=EDGE_LOOP('',(#5690,#5691,#5693,#5694));
#5696=FACE_OUTER_BOUND('',#5695,.F.);
#5697=ADVANCED_FACE('',(#5696),#5689,.T.);
#5698=CARTESIAN_POINT('',(-1.25E-1,6.5E-1,7.75E-1));
#5699=DIRECTION('',(7.071067811865E-1,0.E0,7.071067811865E-1));
#5700=DIRECTION('',(0.E0,-1.E0,0.E0));
#5701=AXIS2_PLACEMENT_3D('',#5698,#5699,#5700);
#5702=PLANE('',#5701);
#5703=ORIENTED_EDGE('',*,*,#3958,.F.);
#5704=ORIENTED_EDGE('',*,*,#5692,.F.);
#5705=ORIENTED_EDGE('',*,*,#5435,.T.);
#5706=ORIENTED_EDGE('',*,*,#5365,.T.);
#5707=EDGE_LOOP('',(#5703,#5704,#5705,#5706));
#5708=FACE_OUTER_BOUND('',#5707,.F.);
#5709=ADVANCED_FACE('',(#5708),#5702,.T.);
#5710=CARTESIAN_POINT('',(-3.75E-1,7.642516604902E-1,7.274284870294E-1));
#5711=DIRECTION('',(-7.071067811865E-1,3.040089501552E-1,6.384187953260E-1));
#5712=DIRECTION('',(-2.256468412033E-1,-9.526691756457E-1,2.037276241198E-1));
#5713=AXIS2_PLACEMENT_3D('',#5710,#5711,#5712);
#5714=PLANE('',#5713);
#5715=ORIENTED_EDGE('',*,*,#3706,.T.);
#5716=ORIENTED_EDGE('',*,*,#5188,.F.);
#5718=ORIENTED_EDGE('',*,*,#5717,.F.);
#5720=ORIENTED_EDGE('',*,*,#5719,.T.);
#5721=EDGE_LOOP('',(#5715,#5716,#5718,#5720));
#5722=FACE_OUTER_BOUND('',#5721,.F.);
#5723=ADVANCED_FACE('',(#5722),#5714,.T.);
#5724=CARTESIAN_POINT('',(-3.75E-1,6.5E-1,7.75E-1));
#5725=DIRECTION('',(-7.071067811865E-1,0.E0,7.071067811865E-1));
#5726=DIRECTION('',(0.E0,-1.E0,0.E0));
#5727=AXIS2_PLACEMENT_3D('',#5724,#5725,#5726);
#5728=PLANE('',#5727);
#5729=ORIENTED_EDGE('',*,*,#3954,.F.);
#5731=ORIENTED_EDGE('',*,*,#5730,.F.);
#5733=ORIENTED_EDGE('',*,*,#5732,.T.);
#5734=ORIENTED_EDGE('',*,*,#5717,.T.);
#5735=EDGE_LOOP('',(#5729,#5731,#5733,#5734));
#5736=FACE_OUTER_BOUND('',#5735,.F.);
#5737=ADVANCED_FACE('',(#5736),#5728,.T.);
#5738=CARTESIAN_POINT('',(-5.E-1,6.05E-1,7.75E-1));
#5739=DIRECTION('',(0.E0,7.071067811865E-1,7.071067811865E-1));
#5740=DIRECTION('',(-1.E0,0.E0,0.E0));
#5741=AXIS2_PLACEMENT_3D('',#5738,#5739,#5740);
#5742=PLANE('',#5741);
#5744=ORIENTED_EDGE('',*,*,#5743,.T.);
#5745=ORIENTED_EDGE('',*,*,#5730,.T.);
#5746=ORIENTED_EDGE('',*,*,#3952,.F.);
#5748=ORIENTED_EDGE('',*,*,#5747,.F.);
#5749=EDGE_LOOP('',(#5744,#5745,#5746,#5748));
#5750=FACE_OUTER_BOUND('',#5749,.F.);
#5751=ADVANCED_FACE('',(#5750),#5742,.T.);
#5752=CARTESIAN_POINT('',(-4.E-1,6.3E-1,8.E-1));
#5753=DIRECTION('',(0.E0,-1.E0,0.E0));
#5754=DIRECTION('',(0.E0,0.E0,-1.E0));
#5755=AXIS2_PLACEMENT_3D('',#5752,#5753,#5754);
#5756=PLANE('',#5755);
#5757=ORIENTED_EDGE('',*,*,#5743,.F.);
#5759=ORIENTED_EDGE('',*,*,#5758,.T.);
#5761=ORIENTED_EDGE('',*,*,#5760,.F.);
#5763=ORIENTED_EDGE('',*,*,#5762,.F.);
#5764=EDGE_LOOP('',(#5757,#5759,#5761,#5763));
#5765=FACE_OUTER_BOUND('',#5764,.F.);
#5766=ADVANCED_FACE('',(#5765),#5756,.F.);
#5767=CARTESIAN_POINT('',(-6.E-1,0.E0,0.E0));
#5768=DIRECTION('',(1.E0,0.E0,0.E0));
#5769=DIRECTION('',(0.E0,0.E0,-1.E0));
#5770=AXIS2_PLACEMENT_3D('',#5767,#5768,#5769);
#5771=PLANE('',#5770);
#5773=ORIENTED_EDGE('',*,*,#5772,.F.);
#5774=ORIENTED_EDGE('',*,*,#4235,.T.);
#5775=ORIENTED_EDGE('',*,*,#4605,.T.);
#5777=ORIENTED_EDGE('',*,*,#5776,.F.);
#5778=EDGE_LOOP('',(#5773,#5774,#5775,#5777));
#5779=FACE_OUTER_BOUND('',#5778,.F.);
#5780=ADVANCED_FACE('',(#5779),#5771,.T.);
#5781=CARTESIAN_POINT('',(-6.E-1,0.E0,0.E0));
#5782=DIRECTION('',(1.E0,0.E0,0.E0));
#5783=DIRECTION('',(0.E0,0.E0,-1.E0));
#5784=AXIS2_PLACEMENT_3D('',#5781,#5782,#5783);
#5785=PLANE('',#5784);
#5787=ORIENTED_EDGE('',*,*,#5786,.F.);
#5789=ORIENTED_EDGE('',*,*,#5788,.F.);
#5790=ORIENTED_EDGE('',*,*,#4550,.T.);
#5791=ORIENTED_EDGE('',*,*,#4733,.T.);
#5793=ORIENTED_EDGE('',*,*,#5792,.F.);
#5795=ORIENTED_EDGE('',*,*,#5794,.F.);
#5797=ORIENTED_EDGE('',*,*,#5796,.F.);
#5798=ORIENTED_EDGE('',*,*,#4058,.T.);
#5800=ORIENTED_EDGE('',*,*,#5799,.F.);
#5802=ORIENTED_EDGE('',*,*,#5801,.F.);
#5803=EDGE_LOOP('',(#5787,#5789,#5790,#5791,#5793,#5795,#5797,#5798,#5800,
#5802));
#5804=FACE_OUTER_BOUND('',#5803,.F.);
#5805=ADVANCED_FACE('',(#5804),#5785,.T.);
#5806=CARTESIAN_POINT('',(-6.E-1,0.E0,0.E0));
#5807=DIRECTION('',(1.E0,0.E0,0.E0));
#5808=DIRECTION('',(0.E0,0.E0,-1.E0));
#5809=AXIS2_PLACEMENT_3D('',#5806,#5807,#5808);
#5810=PLANE('',#5809);
#5812=ORIENTED_EDGE('',*,*,#5811,.F.);
#5813=ORIENTED_EDGE('',*,*,#3712,.F.);
#5815=ORIENTED_EDGE('',*,*,#5814,.F.);
#5816=ORIENTED_EDGE('',*,*,#5758,.F.);
#5818=ORIENTED_EDGE('',*,*,#5817,.F.);
#5819=EDGE_LOOP('',(#5812,#5813,#5815,#5816,#5818));
#5820=FACE_OUTER_BOUND('',#5819,.F.);
#5821=ADVANCED_FACE('',(#5820),#5810,.T.);
#5822=CARTESIAN_POINT('',(-6.15E-1,3.9E-1,2.835E0));
#5823=DIRECTION('',(7.071067811865E-1,0.E0,7.071067811866E-1));
#5824=DIRECTION('',(0.E0,-1.E0,0.E0));
#5825=AXIS2_PLACEMENT_3D('',#5822,#5823,#5824);
#5826=PLANE('',#5825);
#5827=ORIENTED_EDGE('',*,*,#4237,.T.);
#5828=ORIENTED_EDGE('',*,*,#5772,.T.);
#5830=ORIENTED_EDGE('',*,*,#5829,.T.);
#5831=ORIENTED_EDGE('',*,*,#4328,.F.);
#5832=EDGE_LOOP('',(#5827,#5828,#5830,#5831));
#5833=FACE_OUTER_BOUND('',#5832,.F.);
#5834=ADVANCED_FACE('',(#5833),#5826,.T.);
#5835=CARTESIAN_POINT('',(-5.E-1,2.95E-1,2.835E0));
#5836=DIRECTION('',(0.E0,7.071067811865E-1,7.071067811865E-1));
#5837=DIRECTION('',(-1.E0,0.E0,0.E0));
#5838=AXIS2_PLACEMENT_3D('',#5835,#5836,#5837);
#5839=PLANE('',#5838);
#5841=ORIENTED_EDGE('',*,*,#5840,.T.);
#5843=ORIENTED_EDGE('',*,*,#5842,.T.);
#5844=ORIENTED_EDGE('',*,*,#4330,.F.);
#5845=ORIENTED_EDGE('',*,*,#5829,.F.);
#5846=EDGE_LOOP('',(#5841,#5843,#5844,#5845));
#5847=FACE_OUTER_BOUND('',#5846,.F.);
#5848=ADVANCED_FACE('',(#5847),#5839,.T.);
#5849=CARTESIAN_POINT('',(-4.E-1,3.1E-1,2.85E0));
#5850=DIRECTION('',(0.E0,-1.E0,0.E0));
#5851=DIRECTION('',(0.E0,0.E0,-1.E0));
#5852=AXIS2_PLACEMENT_3D('',#5849,#5850,#5851);
#5853=PLANE('',#5852);
#5854=ORIENTED_EDGE('',*,*,#5840,.F.);
#5855=ORIENTED_EDGE('',*,*,#5776,.T.);
#5856=ORIENTED_EDGE('',*,*,#4603,.F.);
#5858=ORIENTED_EDGE('',*,*,#5857,.F.);
#5859=EDGE_LOOP('',(#5854,#5855,#5856,#5858));
#5860=FACE_OUTER_BOUND('',#5859,.F.);
#5861=ADVANCED_FACE('',(#5860),#5853,.F.);
#5862=CARTESIAN_POINT('',(-4.E-1,0.E0,0.E0));
#5863=DIRECTION('',(1.E0,0.E0,0.E0));
#5864=DIRECTION('',(0.E0,0.E0,-1.E0));
#5865=AXIS2_PLACEMENT_3D('',#5862,#5863,#5864);
#5866=PLANE('',#5865);
#5868=ORIENTED_EDGE('',*,*,#5867,.F.);
#5869=ORIENTED_EDGE('',*,*,#5857,.T.);
#5870=ORIENTED_EDGE('',*,*,#4601,.F.);
#5871=ORIENTED_EDGE('',*,*,#4211,.F.);
#5872=EDGE_LOOP('',(#5868,#5869,#5870,#5871));
#5873=FACE_OUTER_BOUND('',#5872,.F.);
#5874=ADVANCED_FACE('',(#5873),#5866,.F.);
#5875=CARTESIAN_POINT('',(-4.E-1,0.E0,0.E0));
#5876=DIRECTION('',(1.E0,0.E0,0.E0));
#5877=DIRECTION('',(0.E0,0.E0,-1.E0));
#5878=AXIS2_PLACEMENT_3D('',#5875,#5876,#5877);
#5879=PLANE('',#5878);
#5881=ORIENTED_EDGE('',*,*,#5880,.F.);
#5883=ORIENTED_EDGE('',*,*,#5882,.T.);
#5885=ORIENTED_EDGE('',*,*,#5884,.T.);
#5886=ORIENTED_EDGE('',*,*,#4054,.F.);
#5888=ORIENTED_EDGE('',*,*,#5887,.T.);
#5890=ORIENTED_EDGE('',*,*,#5889,.T.);
#5892=ORIENTED_EDGE('',*,*,#5891,.T.);
#5893=ORIENTED_EDGE('',*,*,#4729,.F.);
#5894=ORIENTED_EDGE('',*,*,#4554,.F.);
#5896=ORIENTED_EDGE('',*,*,#5895,.T.);
#5897=EDGE_LOOP('',(#5881,#5883,#5885,#5886,#5888,#5890,#5892,#5893,#5894,
#5896));
#5898=FACE_OUTER_BOUND('',#5897,.F.);
#5899=ADVANCED_FACE('',(#5898),#5879,.F.);
#5900=CARTESIAN_POINT('',(-4.E-1,0.E0,0.E0));
#5901=DIRECTION('',(1.E0,0.E0,0.E0));
#5902=DIRECTION('',(0.E0,0.E0,-1.E0));
#5903=AXIS2_PLACEMENT_3D('',#5900,#5901,#5902);
#5904=PLANE('',#5903);
#5905=ORIENTED_EDGE('',*,*,#5732,.F.);
#5906=ORIENTED_EDGE('',*,*,#5762,.T.);
#5908=ORIENTED_EDGE('',*,*,#5907,.T.);
#5909=ORIENTED_EDGE('',*,*,#3708,.T.);
#5910=ORIENTED_EDGE('',*,*,#5719,.F.);
#5911=EDGE_LOOP('',(#5905,#5906,#5908,#5909,#5910));
#5912=FACE_OUTER_BOUND('',#5911,.F.);
#5913=ADVANCED_FACE('',(#5912),#5904,.F.);
#5914=CARTESIAN_POINT('',(-3.85E-1,3.9E-1,2.835E0));
#5915=DIRECTION('',(-7.071067811865E-1,0.E0,7.071067811866E-1));
#5916=DIRECTION('',(0.E0,-1.E0,0.E0));
#5917=AXIS2_PLACEMENT_3D('',#5914,#5915,#5916);
#5918=PLANE('',#5917);
#5919=ORIENTED_EDGE('',*,*,#4209,.T.);
#5920=ORIENTED_EDGE('',*,*,#4332,.F.);
#5921=ORIENTED_EDGE('',*,*,#5842,.F.);
#5922=ORIENTED_EDGE('',*,*,#5867,.T.);
#5923=EDGE_LOOP('',(#5919,#5920,#5921,#5922));
#5924=FACE_OUTER_BOUND('',#5923,.F.);
#5925=ADVANCED_FACE('',(#5924),#5918,.T.);
#5926=CARTESIAN_POINT('',(-3.85E-1,1.7E-1,2.835E0));
#5927=DIRECTION('',(-7.071067811865E-1,0.E0,7.071067811866E-1));
#5928=DIRECTION('',(0.E0,-1.E0,0.E0));
#5929=AXIS2_PLACEMENT_3D('',#5926,#5927,#5928);
#5930=PLANE('',#5929);
#5931=ORIENTED_EDGE('',*,*,#4387,.F.);
#5933=ORIENTED_EDGE('',*,*,#5932,.F.);
#5934=ORIENTED_EDGE('',*,*,#5880,.T.);
#5936=ORIENTED_EDGE('',*,*,#5935,.T.);
#5937=EDGE_LOOP('',(#5931,#5933,#5934,#5936));
#5938=FACE_OUTER_BOUND('',#5937,.F.);
#5939=ADVANCED_FACE('',(#5938),#5930,.T.);
#5940=CARTESIAN_POINT('',(-5.E-1,8.5E-2,2.835E0));
#5941=DIRECTION('',(0.E0,7.071067811865E-1,7.071067811865E-1));
#5942=DIRECTION('',(-1.E0,0.E0,0.E0));
#5943=AXIS2_PLACEMENT_3D('',#5940,#5941,#5942);
#5944=PLANE('',#5943);
#5946=ORIENTED_EDGE('',*,*,#5945,.T.);
#5947=ORIENTED_EDGE('',*,*,#5932,.T.);
#5948=ORIENTED_EDGE('',*,*,#4385,.F.);
#5950=ORIENTED_EDGE('',*,*,#5949,.F.);
#5951=EDGE_LOOP('',(#5946,#5947,#5948,#5950));
#5952=FACE_OUTER_BOUND('',#5951,.F.);
#5953=ADVANCED_FACE('',(#5952),#5944,.T.);
#5954=CARTESIAN_POINT('',(-4.E-1,1.E-1,2.85E0));
#5955=DIRECTION('',(0.E0,-1.E0,0.E0));
#5956=DIRECTION('',(0.E0,0.E0,-1.E0));
#5957=AXIS2_PLACEMENT_3D('',#5954,#5955,#5956);
#5958=PLANE('',#5957);
#5959=ORIENTED_EDGE('',*,*,#5945,.F.);
#5960=ORIENTED_EDGE('',*,*,#5801,.T.);
#5962=ORIENTED_EDGE('',*,*,#5961,.F.);
#5963=ORIENTED_EDGE('',*,*,#5882,.F.);
#5964=EDGE_LOOP('',(#5959,#5960,#5962,#5963));
#5965=FACE_OUTER_BOUND('',#5964,.F.);
#5966=ADVANCED_FACE('',(#5965),#5958,.F.);
#5967=CARTESIAN_POINT('',(-4.E-1,1.E-1,1.35E0));
#5968=DIRECTION('',(0.E0,0.E0,1.E0));
#5969=DIRECTION('',(0.E0,-1.E0,0.E0));
#5970=AXIS2_PLACEMENT_3D('',#5967,#5968,#5969);
#5971=PLANE('',#5970);
#5972=ORIENTED_EDGE('',*,*,#4056,.T.);
#5973=ORIENTED_EDGE('',*,*,#5884,.F.);
#5974=ORIENTED_EDGE('',*,*,#5961,.T.);
#5975=ORIENTED_EDGE('',*,*,#5799,.T.);
#5976=EDGE_LOOP('',(#5972,#5973,#5974,#5975));
#5977=FACE_OUTER_BOUND('',#5976,.F.);
#5978=ADVANCED_FACE('',(#5977),#5971,.F.);
#5979=CARTESIAN_POINT('',(-6.15E-1,1.7E-1,2.835E0));
#5980=DIRECTION('',(7.071067811865E-1,0.E0,7.071067811866E-1));
#5981=DIRECTION('',(0.E0,-1.E0,0.E0));
#5982=AXIS2_PLACEMENT_3D('',#5979,#5980,#5981);
#5983=PLANE('',#5982);
#5984=ORIENTED_EDGE('',*,*,#4391,.F.);
#5986=ORIENTED_EDGE('',*,*,#5985,.F.);
#5987=ORIENTED_EDGE('',*,*,#5786,.T.);
#5988=ORIENTED_EDGE('',*,*,#5949,.T.);
#5989=EDGE_LOOP('',(#5984,#5986,#5987,#5988));
#5990=FACE_OUTER_BOUND('',#5989,.F.);
#5991=ADVANCED_FACE('',(#5990),#5983,.T.);
#5992=CARTESIAN_POINT('',(-5.E-1,2.55E-1,2.835E0));
#5993=DIRECTION('',(0.E0,-7.071067811865E-1,7.071067811865E-1));
#5994=DIRECTION('',(-1.E0,0.E0,0.E0));
#5995=AXIS2_PLACEMENT_3D('',#5992,#5993,#5994);
#5996=PLANE('',#5995);
#5997=ORIENTED_EDGE('',*,*,#4389,.F.);
#5998=ORIENTED_EDGE('',*,*,#5935,.F.);
#6000=ORIENTED_EDGE('',*,*,#5999,.T.);
#6001=ORIENTED_EDGE('',*,*,#5985,.T.);
#6002=EDGE_LOOP('',(#5997,#5998,#6000,#6001));
#6003=FACE_OUTER_BOUND('',#6002,.F.);
#6004=ADVANCED_FACE('',(#6003),#5996,.T.);
#6005=CARTESIAN_POINT('',(-4.E-1,2.4E-1,2.35E0));
#6006=DIRECTION('',(0.E0,1.E0,0.E0));
#6007=DIRECTION('',(0.E0,0.E0,1.E0));
#6008=AXIS2_PLACEMENT_3D('',#6005,#6006,#6007);
#6009=PLANE('',#6008);
#6010=ORIENTED_EDGE('',*,*,#5999,.F.);
#6011=ORIENTED_EDGE('',*,*,#5895,.F.);
#6012=ORIENTED_EDGE('',*,*,#4552,.T.);
#6013=ORIENTED_EDGE('',*,*,#5788,.T.);
#6014=EDGE_LOOP('',(#6010,#6011,#6012,#6013));
#6015=FACE_OUTER_BOUND('',#6014,.F.);
#6016=ADVANCED_FACE('',(#6015),#6009,.F.);
#6017=CARTESIAN_POINT('',(-4.E-1,0.E0,1.05E0));
#6018=DIRECTION('',(0.E0,0.E0,-1.E0));
#6019=DIRECTION('',(0.E0,1.E0,0.E0));
#6020=AXIS2_PLACEMENT_3D('',#6017,#6018,#6019);
#6021=PLANE('',#6020);
#6022=ORIENTED_EDGE('',*,*,#4060,.F.);
#6023=ORIENTED_EDGE('',*,*,#5796,.T.);
#6025=ORIENTED_EDGE('',*,*,#6024,.F.);
#6026=ORIENTED_EDGE('',*,*,#5887,.F.);
#6027=EDGE_LOOP('',(#6022,#6023,#6025,#6026));
#6028=FACE_OUTER_BOUND('',#6027,.F.);
#6029=ADVANCED_FACE('',(#6028),#6021,.F.);
#6030=CARTESIAN_POINT('',(-4.E-1,1.4E-1,1.05E0));
#6031=DIRECTION('',(0.E0,9.230769230769E-1,-3.846153846154E-1));
#6032=DIRECTION('',(0.E0,3.846153846154E-1,9.230769230769E-1));
#6033=AXIS2_PLACEMENT_3D('',#6030,#6031,#6032);
#6034=PLANE('',#6033);
#6035=ORIENTED_EDGE('',*,*,#5889,.F.);
#6036=ORIENTED_EDGE('',*,*,#6024,.T.);
#6037=ORIENTED_EDGE('',*,*,#5794,.T.);
#6039=ORIENTED_EDGE('',*,*,#6038,.F.);
#6040=EDGE_LOOP('',(#6035,#6036,#6037,#6039));
#6041=FACE_OUTER_BOUND('',#6040,.F.);
#6042=ADVANCED_FACE('',(#6041),#6034,.F.);
#6043=CARTESIAN_POINT('',(-4.E-1,1.9E-1,1.17E0));
#6044=DIRECTION('',(0.E0,0.E0,-1.E0));
#6045=DIRECTION('',(0.E0,1.E0,0.E0));
#6046=AXIS2_PLACEMENT_3D('',#6043,#6044,#6045);
#6047=PLANE('',#6046);
#6048=ORIENTED_EDGE('',*,*,#5891,.F.);
#6049=ORIENTED_EDGE('',*,*,#6038,.T.);
#6050=ORIENTED_EDGE('',*,*,#5792,.T.);
#6051=ORIENTED_EDGE('',*,*,#4731,.F.);
#6052=EDGE_LOOP('',(#6048,#6049,#6050,#6051));
#6053=FACE_OUTER_BOUND('',#6052,.F.);
#6054=ADVANCED_FACE('',(#6053),#6047,.F.);
#6055=CARTESIAN_POINT('',(-4.E-1,6.3E-1,5.5E-1));
#6056=DIRECTION('',(0.E0,0.E0,-1.E0));
#6057=DIRECTION('',(0.E0,1.E0,0.E0));
#6058=AXIS2_PLACEMENT_3D('',#6055,#6056,#6057);
#6059=PLANE('',#6058);
#6060=ORIENTED_EDGE('',*,*,#3710,.T.);
#6061=ORIENTED_EDGE('',*,*,#5907,.F.);
#6062=ORIENTED_EDGE('',*,*,#5760,.T.);
#6063=ORIENTED_EDGE('',*,*,#5814,.T.);
#6064=EDGE_LOOP('',(#6060,#6061,#6062,#6063));
#6065=FACE_OUTER_BOUND('',#6064,.F.);
#6066=ADVANCED_FACE('',(#6065),#6059,.F.);
#6067=CARTESIAN_POINT('',(-6.25E-1,7.642516604902E-1,7.274284870294E-1));
#6068=DIRECTION('',(7.071067811865E-1,3.040089501552E-1,6.384187953260E-1));
#6069=DIRECTION('',(2.256468412033E-1,-9.526691756457E-1,2.037276241198E-1));
#6070=AXIS2_PLACEMENT_3D('',#6067,#6068,#6069);
#6071=PLANE('',#6070);
#6072=ORIENTED_EDGE('',*,*,#3714,.T.);
#6073=ORIENTED_EDGE('',*,*,#5811,.T.);
#6075=ORIENTED_EDGE('',*,*,#6074,.T.);
#6076=ORIENTED_EDGE('',*,*,#5205,.F.);
#6077=EDGE_LOOP('',(#6072,#6073,#6075,#6076));
#6078=FACE_OUTER_BOUND('',#6077,.F.);
#6079=ADVANCED_FACE('',(#6078),#6071,.T.);
#6080=CARTESIAN_POINT('',(-6.25E-1,6.5E-1,7.75E-1));
#6081=DIRECTION('',(7.071067811865E-1,0.E0,7.071067811865E-1));
#6082=DIRECTION('',(0.E0,-1.E0,0.E0));
#6083=AXIS2_PLACEMENT_3D('',#6080,#6081,#6082);
#6084=PLANE('',#6083);
#6085=ORIENTED_EDGE('',*,*,#3950,.F.);
#6086=ORIENTED_EDGE('',*,*,#6074,.F.);
#6087=ORIENTED_EDGE('',*,*,#5817,.T.);
#6088=ORIENTED_EDGE('',*,*,#5747,.T.);
#6089=EDGE_LOOP('',(#6085,#6086,#6087,#6088));
#6090=FACE_OUTER_BOUND('',#6089,.F.);
#6091=ADVANCED_FACE('',(#6090),#6084,.T.);
#6092=CARTESIAN_POINT('',(-8.75E-1,7.642516604902E-1,7.274284870294E-1));
#6093=DIRECTION('',(-7.071067811865E-1,3.040089501552E-1,6.384187953260E-1));
#6094=DIRECTION('',(-2.256468412033E-1,-9.526691756457E-1,2.037276241198E-1));
#6095=AXIS2_PLACEMENT_3D('',#6092,#6093,#6094);
#6096=PLANE('',#6095);
#6097=ORIENTED_EDGE('',*,*,#3718,.T.);
#6098=ORIENTED_EDGE('',*,*,#5202,.F.);
#6100=ORIENTED_EDGE('',*,*,#6099,.F.);
#6102=ORIENTED_EDGE('',*,*,#6101,.T.);
#6103=EDGE_LOOP('',(#6097,#6098,#6100,#6102));
#6104=FACE_OUTER_BOUND('',#6103,.F.);
#6105=ADVANCED_FACE('',(#6104),#6096,.T.);
#6106=CARTESIAN_POINT('',(-8.75E-1,6.5E-1,7.75E-1));
#6107=DIRECTION('',(-7.071067811865E-1,0.E0,7.071067811865E-1));
#6108=DIRECTION('',(0.E0,-1.E0,0.E0));
#6109=AXIS2_PLACEMENT_3D('',#6106,#6107,#6108);
#6110=PLANE('',#6109);
#6111=ORIENTED_EDGE('',*,*,#3946,.F.);
#6113=ORIENTED_EDGE('',*,*,#6112,.F.);
#6115=ORIENTED_EDGE('',*,*,#6114,.T.);
#6116=ORIENTED_EDGE('',*,*,#6099,.T.);
#6117=EDGE_LOOP('',(#6111,#6113,#6115,#6116));
#6118=FACE_OUTER_BOUND('',#6117,.F.);
#6119=ADVANCED_FACE('',(#6118),#6110,.T.);
#6120=CARTESIAN_POINT('',(-1.E0,6.05E-1,7.75E-1));
#6121=DIRECTION('',(0.E0,7.071067811865E-1,7.071067811865E-1));
#6122=DIRECTION('',(-1.E0,0.E0,0.E0));
#6123=AXIS2_PLACEMENT_3D('',#6120,#6121,#6122);
#6124=PLANE('',#6123);
#6126=ORIENTED_EDGE('',*,*,#6125,.T.);
#6127=ORIENTED_EDGE('',*,*,#6112,.T.);
#6128=ORIENTED_EDGE('',*,*,#3944,.F.);
#6130=ORIENTED_EDGE('',*,*,#6129,.F.);
#6131=EDGE_LOOP('',(#6126,#6127,#6128,#6130));
#6132=FACE_OUTER_BOUND('',#6131,.F.);
#6133=ADVANCED_FACE('',(#6132),#6124,.T.);
#6134=CARTESIAN_POINT('',(-9.E-1,6.3E-1,8.E-1));
#6135=DIRECTION('',(0.E0,-1.E0,0.E0));
#6136=DIRECTION('',(0.E0,0.E0,-1.E0));
#6137=AXIS2_PLACEMENT_3D('',#6134,#6135,#6136);
#6138=PLANE('',#6137);
#6139=ORIENTED_EDGE('',*,*,#6125,.F.);
#6141=ORIENTED_EDGE('',*,*,#6140,.T.);
#6143=ORIENTED_EDGE('',*,*,#6142,.F.);
#6145=ORIENTED_EDGE('',*,*,#6144,.F.);
#6146=EDGE_LOOP('',(#6139,#6141,#6143,#6145));
#6147=FACE_OUTER_BOUND('',#6146,.F.);
#6148=ADVANCED_FACE('',(#6147),#6138,.F.);
#6149=CARTESIAN_POINT('',(-1.1E0,0.E0,0.E0));
#6150=DIRECTION('',(1.E0,0.E0,0.E0));
#6151=DIRECTION('',(0.E0,0.E0,-1.E0));
#6152=AXIS2_PLACEMENT_3D('',#6149,#6150,#6151);
#6153=PLANE('',#6152);
#6155=ORIENTED_EDGE('',*,*,#6154,.F.);
#6156=ORIENTED_EDGE('',*,*,#4283,.T.);
#6157=ORIENTED_EDGE('',*,*,#4612,.T.);
#6159=ORIENTED_EDGE('',*,*,#6158,.F.);
#6160=EDGE_LOOP('',(#6155,#6156,#6157,#6159));
#6161=FACE_OUTER_BOUND('',#6160,.F.);
#6162=ADVANCED_FACE('',(#6161),#6153,.T.);
#6163=CARTESIAN_POINT('',(-1.1E0,0.E0,0.E0));
#6164=DIRECTION('',(1.E0,0.E0,0.E0));
#6165=DIRECTION('',(0.E0,0.E0,-1.E0));
#6166=AXIS2_PLACEMENT_3D('',#6163,#6164,#6165);
#6167=PLANE('',#6166);
#6169=ORIENTED_EDGE('',*,*,#6168,.F.);
#6171=ORIENTED_EDGE('',*,*,#6170,.F.);
#6172=ORIENTED_EDGE('',*,*,#4542,.T.);
#6173=ORIENTED_EDGE('',*,*,#4740,.T.);
#6175=ORIENTED_EDGE('',*,*,#6174,.F.);
#6177=ORIENTED_EDGE('',*,*,#6176,.F.);
#6179=ORIENTED_EDGE('',*,*,#6178,.F.);
#6180=ORIENTED_EDGE('',*,*,#4068,.T.);
#6182=ORIENTED_EDGE('',*,*,#6181,.F.);
#6184=ORIENTED_EDGE('',*,*,#6183,.F.);
#6185=EDGE_LOOP('',(#6169,#6171,#6172,#6173,#6175,#6177,#6179,#6180,#6182,
#6184));
#6186=FACE_OUTER_BOUND('',#6185,.F.);
#6187=ADVANCED_FACE('',(#6186),#6167,.T.);
#6188=CARTESIAN_POINT('',(-1.1E0,0.E0,0.E0));
#6189=DIRECTION('',(1.E0,0.E0,0.E0));
#6190=DIRECTION('',(0.E0,0.E0,-1.E0));
#6191=AXIS2_PLACEMENT_3D('',#6188,#6189,#6190);
#6192=PLANE('',#6191);
#6194=ORIENTED_EDGE('',*,*,#6193,.F.);
#6195=ORIENTED_EDGE('',*,*,#3724,.F.);
#6197=ORIENTED_EDGE('',*,*,#6196,.F.);
#6198=ORIENTED_EDGE('',*,*,#6140,.F.);
#6200=ORIENTED_EDGE('',*,*,#6199,.F.);
#6201=EDGE_LOOP('',(#6194,#6195,#6197,#6198,#6200));
#6202=FACE_OUTER_BOUND('',#6201,.F.);
#6203=ADVANCED_FACE('',(#6202),#6192,.T.);
#6204=CARTESIAN_POINT('',(-1.115E0,3.9E-1,2.835E0));
#6205=DIRECTION('',(7.071067811865E-1,0.E0,7.071067811866E-1));
#6206=DIRECTION('',(0.E0,-1.E0,0.E0));
#6207=AXIS2_PLACEMENT_3D('',#6204,#6205,#6206);
#6208=PLANE('',#6207);
#6209=ORIENTED_EDGE('',*,*,#4285,.T.);
#6210=ORIENTED_EDGE('',*,*,#6154,.T.);
#6212=ORIENTED_EDGE('',*,*,#6211,.T.);
#6213=ORIENTED_EDGE('',*,*,#4321,.F.);
#6214=EDGE_LOOP('',(#6209,#6210,#6212,#6213));
#6215=FACE_OUTER_BOUND('',#6214,.F.);
#6216=ADVANCED_FACE('',(#6215),#6208,.T.);
#6217=CARTESIAN_POINT('',(-1.E0,2.95E-1,2.835E0));
#6218=DIRECTION('',(0.E0,7.071067811865E-1,7.071067811866E-1));
#6219=DIRECTION('',(-1.E0,0.E0,0.E0));
#6220=AXIS2_PLACEMENT_3D('',#6217,#6218,#6219);
#6221=PLANE('',#6220);
#6223=ORIENTED_EDGE('',*,*,#6222,.T.);
#6225=ORIENTED_EDGE('',*,*,#6224,.T.);
#6226=ORIENTED_EDGE('',*,*,#4323,.F.);
#6227=ORIENTED_EDGE('',*,*,#6211,.F.);
#6228=EDGE_LOOP('',(#6223,#6225,#6226,#6227));
#6229=FACE_OUTER_BOUND('',#6228,.F.);
#6230=ADVANCED_FACE('',(#6229),#6221,.T.);
#6231=CARTESIAN_POINT('',(-9.E-1,3.1E-1,2.85E0));
#6232=DIRECTION('',(0.E0,-1.E0,0.E0));
#6233=DIRECTION('',(0.E0,0.E0,-1.E0));
#6234=AXIS2_PLACEMENT_3D('',#6231,#6232,#6233);
#6235=PLANE('',#6234);
#6236=ORIENTED_EDGE('',*,*,#6222,.F.);
#6237=ORIENTED_EDGE('',*,*,#6158,.T.);
#6238=ORIENTED_EDGE('',*,*,#4610,.F.);
#6240=ORIENTED_EDGE('',*,*,#6239,.F.);
#6241=EDGE_LOOP('',(#6236,#6237,#6238,#6240));
#6242=FACE_OUTER_BOUND('',#6241,.F.);
#6243=ADVANCED_FACE('',(#6242),#6235,.F.);
#6244=CARTESIAN_POINT('',(-9.E-1,0.E0,0.E0));
#6245=DIRECTION('',(1.E0,0.E0,0.E0));
#6246=DIRECTION('',(0.E0,0.E0,-1.E0));
#6247=AXIS2_PLACEMENT_3D('',#6244,#6245,#6246);
#6248=PLANE('',#6247);
#6250=ORIENTED_EDGE('',*,*,#6249,.F.);
#6251=ORIENTED_EDGE('',*,*,#6239,.T.);
#6252=ORIENTED_EDGE('',*,*,#4608,.F.);
#6253=ORIENTED_EDGE('',*,*,#4231,.F.);
#6254=EDGE_LOOP('',(#6250,#6251,#6252,#6253));
#6255=FACE_OUTER_BOUND('',#6254,.F.);
#6256=ADVANCED_FACE('',(#6255),#6248,.F.);
#6257=CARTESIAN_POINT('',(-9.E-1,0.E0,0.E0));
#6258=DIRECTION('',(1.E0,0.E0,0.E0));
#6259=DIRECTION('',(0.E0,0.E0,-1.E0));
#6260=AXIS2_PLACEMENT_3D('',#6257,#6258,#6259);
#6261=PLANE('',#6260);
#6263=ORIENTED_EDGE('',*,*,#6262,.F.);
#6265=ORIENTED_EDGE('',*,*,#6264,.T.);
#6267=ORIENTED_EDGE('',*,*,#6266,.T.);
#6268=ORIENTED_EDGE('',*,*,#4064,.F.);
#6270=ORIENTED_EDGE('',*,*,#6269,.T.);
#6272=ORIENTED_EDGE('',*,*,#6271,.T.);
#6274=ORIENTED_EDGE('',*,*,#6273,.T.);
#6275=ORIENTED_EDGE('',*,*,#4736,.F.);
#6276=ORIENTED_EDGE('',*,*,#4546,.F.);
#6278=ORIENTED_EDGE('',*,*,#6277,.T.);
#6279=EDGE_LOOP('',(#6263,#6265,#6267,#6268,#6270,#6272,#6274,#6275,#6276,
#6278));
#6280=FACE_OUTER_BOUND('',#6279,.F.);
#6281=ADVANCED_FACE('',(#6280),#6261,.F.);
#6282=CARTESIAN_POINT('',(-9.E-1,0.E0,0.E0));
#6283=DIRECTION('',(1.E0,0.E0,0.E0));
#6284=DIRECTION('',(0.E0,0.E0,-1.E0));
#6285=AXIS2_PLACEMENT_3D('',#6282,#6283,#6284);
#6286=PLANE('',#6285);
#6287=ORIENTED_EDGE('',*,*,#6114,.F.);
#6288=ORIENTED_EDGE('',*,*,#6144,.T.);
#6290=ORIENTED_EDGE('',*,*,#6289,.T.);
#6291=ORIENTED_EDGE('',*,*,#3720,.T.);
#6292=ORIENTED_EDGE('',*,*,#6101,.F.);
#6293=EDGE_LOOP('',(#6287,#6288,#6290,#6291,#6292));
#6294=FACE_OUTER_BOUND('',#6293,.F.);
#6295=ADVANCED_FACE('',(#6294),#6286,.F.);
#6296=CARTESIAN_POINT('',(-8.85E-1,3.9E-1,2.835E0));
#6297=DIRECTION('',(-7.071067811865E-1,0.E0,7.071067811865E-1));
#6298=DIRECTION('',(0.E0,-1.E0,0.E0));
#6299=AXIS2_PLACEMENT_3D('',#6296,#6297,#6298);
#6300=PLANE('',#6299);
#6301=ORIENTED_EDGE('',*,*,#4229,.T.);
#6302=ORIENTED_EDGE('',*,*,#4325,.F.);
#6303=ORIENTED_EDGE('',*,*,#6224,.F.);
#6304=ORIENTED_EDGE('',*,*,#6249,.T.);
#6305=EDGE_LOOP('',(#6301,#6302,#6303,#6304));
#6306=FACE_OUTER_BOUND('',#6305,.F.);
#6307=ADVANCED_FACE('',(#6306),#6300,.T.);
#6308=CARTESIAN_POINT('',(-8.85E-1,1.7E-1,2.835E0));
#6309=DIRECTION('',(-7.071067811865E-1,0.E0,7.071067811865E-1));
#6310=DIRECTION('',(0.E0,-1.E0,0.E0));
#6311=AXIS2_PLACEMENT_3D('',#6308,#6309,#6310);
#6312=PLANE('',#6311);
#6313=ORIENTED_EDGE('',*,*,#4397,.F.);
#6315=ORIENTED_EDGE('',*,*,#6314,.F.);
#6316=ORIENTED_EDGE('',*,*,#6262,.T.);
#6318=ORIENTED_EDGE('',*,*,#6317,.T.);
#6319=EDGE_LOOP('',(#6313,#6315,#6316,#6318));
#6320=FACE_OUTER_BOUND('',#6319,.F.);
#6321=ADVANCED_FACE('',(#6320),#6312,.T.);
#6322=CARTESIAN_POINT('',(-1.E0,8.5E-2,2.835E0));
#6323=DIRECTION('',(0.E0,7.071067811865E-1,7.071067811866E-1));
#6324=DIRECTION('',(-1.E0,0.E0,0.E0));
#6325=AXIS2_PLACEMENT_3D('',#6322,#6323,#6324);
#6326=PLANE('',#6325);
#6328=ORIENTED_EDGE('',*,*,#6327,.T.);
#6329=ORIENTED_EDGE('',*,*,#6314,.T.);
#6330=ORIENTED_EDGE('',*,*,#4395,.F.);
#6332=ORIENTED_EDGE('',*,*,#6331,.F.);
#6333=EDGE_LOOP('',(#6328,#6329,#6330,#6332));
#6334=FACE_OUTER_BOUND('',#6333,.F.);
#6335=ADVANCED_FACE('',(#6334),#6326,.T.);
#6336=CARTESIAN_POINT('',(-9.E-1,1.E-1,2.85E0));
#6337=DIRECTION('',(0.E0,-1.E0,0.E0));
#6338=DIRECTION('',(0.E0,0.E0,-1.E0));
#6339=AXIS2_PLACEMENT_3D('',#6336,#6337,#6338);
#6340=PLANE('',#6339);
#6341=ORIENTED_EDGE('',*,*,#6327,.F.);
#6342=ORIENTED_EDGE('',*,*,#6183,.T.);
#6344=ORIENTED_EDGE('',*,*,#6343,.F.);
#6345=ORIENTED_EDGE('',*,*,#6264,.F.);
#6346=EDGE_LOOP('',(#6341,#6342,#6344,#6345));
#6347=FACE_OUTER_BOUND('',#6346,.F.);
#6348=ADVANCED_FACE('',(#6347),#6340,.F.);
#6349=CARTESIAN_POINT('',(-9.E-1,1.E-1,1.35E0));
#6350=DIRECTION('',(0.E0,0.E0,1.E0));
#6351=DIRECTION('',(0.E0,-1.E0,0.E0));
#6352=AXIS2_PLACEMENT_3D('',#6349,#6350,#6351);
#6353=PLANE('',#6352);
#6354=ORIENTED_EDGE('',*,*,#4066,.T.);
#6355=ORIENTED_EDGE('',*,*,#6266,.F.);
#6356=ORIENTED_EDGE('',*,*,#6343,.T.);
#6357=ORIENTED_EDGE('',*,*,#6181,.T.);
#6358=EDGE_LOOP('',(#6354,#6355,#6356,#6357));
#6359=FACE_OUTER_BOUND('',#6358,.F.);
#6360=ADVANCED_FACE('',(#6359),#6353,.F.);
#6361=CARTESIAN_POINT('',(-1.115E0,1.7E-1,2.835E0));
#6362=DIRECTION('',(7.071067811865E-1,0.E0,7.071067811866E-1));
#6363=DIRECTION('',(0.E0,-1.E0,0.E0));
#6364=AXIS2_PLACEMENT_3D('',#6361,#6362,#6363);
#6365=PLANE('',#6364);
#6366=ORIENTED_EDGE('',*,*,#4401,.F.);
#6368=ORIENTED_EDGE('',*,*,#6367,.F.);
#6369=ORIENTED_EDGE('',*,*,#6168,.T.);
#6370=ORIENTED_EDGE('',*,*,#6331,.T.);
#6371=EDGE_LOOP('',(#6366,#6368,#6369,#6370));
#6372=FACE_OUTER_BOUND('',#6371,.F.);
#6373=ADVANCED_FACE('',(#6372),#6365,.T.);
#6374=CARTESIAN_POINT('',(-1.E0,2.55E-1,2.835E0));
#6375=DIRECTION('',(0.E0,-7.071067811865E-1,7.071067811866E-1));
#6376=DIRECTION('',(-1.E0,0.E0,0.E0));
#6377=AXIS2_PLACEMENT_3D('',#6374,#6375,#6376);
#6378=PLANE('',#6377);
#6379=ORIENTED_EDGE('',*,*,#4399,.F.);
#6380=ORIENTED_EDGE('',*,*,#6317,.F.);
#6382=ORIENTED_EDGE('',*,*,#6381,.T.);
#6383=ORIENTED_EDGE('',*,*,#6367,.T.);
#6384=EDGE_LOOP('',(#6379,#6380,#6382,#6383));
#6385=FACE_OUTER_BOUND('',#6384,.F.);
#6386=ADVANCED_FACE('',(#6385),#6378,.T.);
#6387=CARTESIAN_POINT('',(-9.E-1,2.4E-1,2.35E0));
#6388=DIRECTION('',(0.E0,1.E0,0.E0));
#6389=DIRECTION('',(0.E0,0.E0,1.E0));
#6390=AXIS2_PLACEMENT_3D('',#6387,#6388,#6389);
#6391=PLANE('',#6390);
#6392=ORIENTED_EDGE('',*,*,#6381,.F.);
#6393=ORIENTED_EDGE('',*,*,#6277,.F.);
#6394=ORIENTED_EDGE('',*,*,#4544,.T.);
#6395=ORIENTED_EDGE('',*,*,#6170,.T.);
#6396=EDGE_LOOP('',(#6392,#6393,#6394,#6395));
#6397=FACE_OUTER_BOUND('',#6396,.F.);
#6398=ADVANCED_FACE('',(#6397),#6391,.F.);
#6399=CARTESIAN_POINT('',(-9.E-1,0.E0,1.05E0));
#6400=DIRECTION('',(0.E0,0.E0,-1.E0));
#6401=DIRECTION('',(0.E0,1.E0,0.E0));
#6402=AXIS2_PLACEMENT_3D('',#6399,#6400,#6401);
#6403=PLANE('',#6402);
#6404=ORIENTED_EDGE('',*,*,#4070,.F.);
#6405=ORIENTED_EDGE('',*,*,#6178,.T.);
#6407=ORIENTED_EDGE('',*,*,#6406,.F.);
#6408=ORIENTED_EDGE('',*,*,#6269,.F.);
#6409=EDGE_LOOP('',(#6404,#6405,#6407,#6408));
#6410=FACE_OUTER_BOUND('',#6409,.F.);
#6411=ADVANCED_FACE('',(#6410),#6403,.F.);
#6412=CARTESIAN_POINT('',(-9.E-1,1.4E-1,1.05E0));
#6413=DIRECTION('',(0.E0,9.230769230769E-1,-3.846153846154E-1));
#6414=DIRECTION('',(0.E0,3.846153846154E-1,9.230769230769E-1));
#6415=AXIS2_PLACEMENT_3D('',#6412,#6413,#6414);
#6416=PLANE('',#6415);
#6417=ORIENTED_EDGE('',*,*,#6271,.F.);
#6418=ORIENTED_EDGE('',*,*,#6406,.T.);
#6419=ORIENTED_EDGE('',*,*,#6176,.T.);
#6421=ORIENTED_EDGE('',*,*,#6420,.F.);
#6422=EDGE_LOOP('',(#6417,#6418,#6419,#6421));
#6423=FACE_OUTER_BOUND('',#6422,.F.);
#6424=ADVANCED_FACE('',(#6423),#6416,.F.);
#6425=CARTESIAN_POINT('',(-9.E-1,1.9E-1,1.17E0));
#6426=DIRECTION('',(0.E0,0.E0,-1.E0));
#6427=DIRECTION('',(0.E0,1.E0,0.E0));
#6428=AXIS2_PLACEMENT_3D('',#6425,#6426,#6427);
#6429=PLANE('',#6428);
#6430=ORIENTED_EDGE('',*,*,#6273,.F.);
#6431=ORIENTED_EDGE('',*,*,#6420,.T.);
#6432=ORIENTED_EDGE('',*,*,#6174,.T.);
#6433=ORIENTED_EDGE('',*,*,#4738,.F.);
#6434=EDGE_LOOP('',(#6430,#6431,#6432,#6433));
#6435=FACE_OUTER_BOUND('',#6434,.F.);
#6436=ADVANCED_FACE('',(#6435),#6429,.F.);
#6437=CARTESIAN_POINT('',(-9.E-1,6.3E-1,5.5E-1));
#6438=DIRECTION('',(0.E0,0.E0,-1.E0));
#6439=DIRECTION('',(0.E0,1.E0,0.E0));
#6440=AXIS2_PLACEMENT_3D('',#6437,#6438,#6439);
#6441=PLANE('',#6440);
#6442=ORIENTED_EDGE('',*,*,#3722,.T.);
#6443=ORIENTED_EDGE('',*,*,#6289,.F.);
#6444=ORIENTED_EDGE('',*,*,#6142,.T.);
#6445=ORIENTED_EDGE('',*,*,#6196,.T.);
#6446=EDGE_LOOP('',(#6442,#6443,#6444,#6445));
#6447=FACE_OUTER_BOUND('',#6446,.F.);
#6448=ADVANCED_FACE('',(#6447),#6441,.F.);
#6449=CARTESIAN_POINT('',(-1.125E0,7.642516604902E-1,7.274284870294E-1));
#6450=DIRECTION('',(7.071067811865E-1,3.040089501552E-1,6.384187953260E-1));
#6451=DIRECTION('',(2.256468412033E-1,-9.526691756457E-1,2.037276241198E-1));
#6452=AXIS2_PLACEMENT_3D('',#6449,#6450,#6451);
#6453=PLANE('',#6452);
#6454=ORIENTED_EDGE('',*,*,#3726,.T.);
#6455=ORIENTED_EDGE('',*,*,#6193,.T.);
#6457=ORIENTED_EDGE('',*,*,#6456,.T.);
#6458=ORIENTED_EDGE('',*,*,#5233,.F.);
#6459=EDGE_LOOP('',(#6454,#6455,#6457,#6458));
#6460=FACE_OUTER_BOUND('',#6459,.F.);
#6461=ADVANCED_FACE('',(#6460),#6453,.T.);
#6462=CARTESIAN_POINT('',(-1.125E0,6.5E-1,7.75E-1));
#6463=DIRECTION('',(7.071067811865E-1,0.E0,7.071067811865E-1));
#6464=DIRECTION('',(0.E0,-1.E0,0.E0));
#6465=AXIS2_PLACEMENT_3D('',#6462,#6463,#6464);
#6466=PLANE('',#6465);
#6467=ORIENTED_EDGE('',*,*,#3942,.F.);
#6468=ORIENTED_EDGE('',*,*,#6456,.F.);
#6469=ORIENTED_EDGE('',*,*,#6199,.T.);
#6470=ORIENTED_EDGE('',*,*,#6129,.T.);
#6471=EDGE_LOOP('',(#6467,#6468,#6469,#6470));
#6472=FACE_OUTER_BOUND('',#6471,.F.);
#6473=ADVANCED_FACE('',(#6472),#6466,.T.);
#6474=CARTESIAN_POINT('',(-1.75E0,0.E0,0.E0));
#6475=DIRECTION('',(1.E0,0.E0,0.E0));
#6476=DIRECTION('',(0.E0,0.E0,-1.E0));
#6477=AXIS2_PLACEMENT_3D('',#6474,#6475,#6476);
#6478=PLANE('',#6477);
#6479=ORIENTED_EDGE('',*,*,#3730,.T.);
#6480=ORIENTED_EDGE('',*,*,#5230,.F.);
#6482=ORIENTED_EDGE('',*,*,#6481,.T.);
#6484=ORIENTED_EDGE('',*,*,#6483,.T.);
#6486=ORIENTED_EDGE('',*,*,#6485,.F.);
#6487=EDGE_LOOP('',(#6479,#6480,#6482,#6484,#6486));
#6488=FACE_OUTER_BOUND('',#6487,.F.);
#6489=ADVANCED_FACE('',(#6488),#6478,.T.);
#6490=CARTESIAN_POINT('',(1.9E0,6.7E-1,8.E-1));
#6491=DIRECTION('',(0.E0,1.E0,0.E0));
#6492=DIRECTION('',(0.E0,0.E0,1.E0));
#6493=AXIS2_PLACEMENT_3D('',#6490,#6491,#6492);
#6494=PLANE('',#6493);
#6495=ORIENTED_EDGE('',*,*,#3800,.T.);
#6497=ORIENTED_EDGE('',*,*,#6496,.F.);
#6498=ORIENTED_EDGE('',*,*,#3846,.F.);
#6499=ORIENTED_EDGE('',*,*,#3982,.T.);
#6500=EDGE_LOOP('',(#6495,#6497,#6498,#6499));
#6501=FACE_OUTER_BOUND('',#6500,.F.);
#6502=ADVANCED_FACE('',(#6501),#6494,.F.);
#6503=CARTESIAN_POINT('',(1.9E0,6.7E-1,8.E-1));
#6504=DIRECTION('',(0.E0,1.E0,0.E0));
#6505=DIRECTION('',(0.E0,0.E0,1.E0));
#6506=AXIS2_PLACEMENT_3D('',#6503,#6504,#6505);
#6507=PLANE('',#6506);
#6508=ORIENTED_EDGE('',*,*,#6481,.F.);
#6509=ORIENTED_EDGE('',*,*,#3938,.T.);
#6510=ORIENTED_EDGE('',*,*,#3912,.T.);
#6512=ORIENTED_EDGE('',*,*,#6511,.F.);
#6513=EDGE_LOOP('',(#6508,#6509,#6510,#6512));
#6514=FACE_OUTER_BOUND('',#6513,.F.);
#6515=ADVANCED_FACE('',(#6514),#6507,.F.);
#6516=CARTESIAN_POINT('',(1.9E0,6.7E-1,1.E0));
#6517=DIRECTION('',(0.E0,0.E0,-1.E0));
#6518=DIRECTION('',(0.E0,1.E0,0.E0));
#6519=AXIS2_PLACEMENT_3D('',#6516,#6517,#6518);
#6520=PLANE('',#6519);
#6521=ORIENTED_EDGE('',*,*,#3798,.T.);
#6522=ORIENTED_EDGE('',*,*,#3816,.T.);
#6523=ORIENTED_EDGE('',*,*,#3848,.F.);
#6524=ORIENTED_EDGE('',*,*,#6496,.T.);
#6525=EDGE_LOOP('',(#6521,#6522,#6523,#6524));
#6526=FACE_OUTER_BOUND('',#6525,.F.);
#6527=ADVANCED_FACE('',(#6526),#6520,.F.);
#6528=CARTESIAN_POINT('',(1.9E0,6.7E-1,1.E0));
#6529=DIRECTION('',(0.E0,0.E0,-1.E0));
#6530=DIRECTION('',(0.E0,1.E0,0.E0));
#6531=AXIS2_PLACEMENT_3D('',#6528,#6529,#6530);
#6532=PLANE('',#6531);
#6533=ORIENTED_EDGE('',*,*,#6483,.F.);
#6534=ORIENTED_EDGE('',*,*,#6511,.T.);
#6535=ORIENTED_EDGE('',*,*,#3910,.T.);
#6537=ORIENTED_EDGE('',*,*,#6536,.T.);
#6538=EDGE_LOOP('',(#6533,#6534,#6535,#6537));
#6539=FACE_OUTER_BOUND('',#6538,.F.);
#6540=ADVANCED_FACE('',(#6539),#6532,.F.);
#6541=CARTESIAN_POINT('',(-1.7E0,8.55E-1,9.75E-1));
#6542=DIRECTION('',(0.E0,7.071067811865E-1,7.071067811865E-1));
#6543=DIRECTION('',(-1.E0,0.E0,0.E0));
#6544=AXIS2_PLACEMENT_3D('',#6541,#6542,#6543);
#6545=PLANE('',#6544);
#6546=ORIENTED_EDGE('',*,*,#6485,.T.);
#6547=ORIENTED_EDGE('',*,*,#6536,.F.);
#6549=ORIENTED_EDGE('',*,*,#6548,.T.);
#6550=ORIENTED_EDGE('',*,*,#3732,.T.);
#6551=EDGE_LOOP('',(#6546,#6547,#6549,#6550));
#6552=FACE_OUTER_BOUND('',#6551,.F.);
#6553=ADVANCED_FACE('',(#6552),#6545,.T.);
#6554=CARTESIAN_POINT('',(-1.925E0,8.55E-1,1.2E0));
#6555=DIRECTION('',(7.071067811865E-1,7.071067811865E-1,0.E0));
#6556=DIRECTION('',(0.E0,0.E0,-1.E0));
#6557=AXIS2_PLACEMENT_3D('',#6554,#6555,#6556);
#6558=PLANE('',#6557);
#6559=ORIENTED_EDGE('',*,*,#3734,.T.);
#6560=ORIENTED_EDGE('',*,*,#6548,.F.);
#6561=ORIENTED_EDGE('',*,*,#3908,.F.);
#6562=ORIENTED_EDGE('',*,*,#3872,.T.);
#6563=EDGE_LOOP('',(#6559,#6560,#6561,#6562));
#6564=FACE_OUTER_BOUND('',#6563,.F.);
#6565=ADVANCED_FACE('',(#6564),#6558,.T.);
#6566=CARTESIAN_POINT('',(1.1E0,2.2E-1,3.5E-1));
#6567=DIRECTION('',(0.E0,-9.191450300181E-1,3.939192985792E-1));
#6568=DIRECTION('',(0.E0,-3.939192985792E-1,-9.191450300181E-1));
#6569=AXIS2_PLACEMENT_3D('',#6566,#6567,#6568);
#6570=PLANE('',#6569);
#6572=ORIENTED_EDGE('',*,*,#6571,.T.);
#6574=ORIENTED_EDGE('',*,*,#6573,.F.);
#6575=ORIENTED_EDGE('',*,*,#4744,.T.);
#6577=ORIENTED_EDGE('',*,*,#6576,.F.);
#6578=EDGE_LOOP('',(#6572,#6574,#6575,#6577));
#6579=FACE_OUTER_BOUND('',#6578,.F.);
#6580=ADVANCED_FACE('',(#6579),#6570,.F.);
#6581=CARTESIAN_POINT('',(-2.E0,0.E0,0.E0));
#6582=DIRECTION('',(0.E0,0.E0,-1.E0));
#6583=DIRECTION('',(0.E0,1.E0,0.E0));
#6584=AXIS2_PLACEMENT_3D('',#6581,#6582,#6583);
#6585=PLANE('',#6584);
#6586=ORIENTED_EDGE('',*,*,#3617,.F.);
#6587=ORIENTED_EDGE('',*,*,#4019,.T.);
#6589=ORIENTED_EDGE('',*,*,#6588,.T.);
#6590=ORIENTED_EDGE('',*,*,#3757,.F.);
#6591=EDGE_LOOP('',(#6586,#6587,#6589,#6590));
#6592=FACE_OUTER_BOUND('',#6591,.F.);
#6594=ORIENTED_EDGE('',*,*,#6593,.F.);
#6596=ORIENTED_EDGE('',*,*,#6595,.F.);
#6598=ORIENTED_EDGE('',*,*,#6597,.F.);
#6599=ORIENTED_EDGE('',*,*,#6571,.F.);
#6600=EDGE_LOOP('',(#6594,#6596,#6598,#6599));
#6601=FACE_BOUND('',#6600,.F.);
#6602=ADVANCED_FACE('',(#6592,#6601),#6585,.T.);
#6603=CARTESIAN_POINT('',(2.E0,0.E0,0.E0));
#6604=DIRECTION('',(1.E0,0.E0,0.E0));
#6605=DIRECTION('',(0.E0,0.E0,-1.E0));
#6606=AXIS2_PLACEMENT_3D('',#6603,#6604,#6605);
#6607=PLANE('',#6606);
#6609=ORIENTED_EDGE('',*,*,#6608,.F.);
#6611=ORIENTED_EDGE('',*,*,#6610,.F.);
#6613=ORIENTED_EDGE('',*,*,#6612,.T.);
#6615=ORIENTED_EDGE('',*,*,#6614,.F.);
#6616=ORIENTED_EDGE('',*,*,#4009,.F.);
#6618=ORIENTED_EDGE('',*,*,#6617,.F.);
#6619=ORIENTED_EDGE('',*,*,#3775,.F.);
#6620=EDGE_LOOP('',(#6609,#6611,#6613,#6615,#6616,#6618,#6619));
#6621=FACE_OUTER_BOUND('',#6620,.F.);
#6622=ADVANCED_FACE('',(#6621),#6607,.T.);
#6623=CARTESIAN_POINT('',(2.E0,0.E0,0.E0));
#6624=DIRECTION('',(1.E0,0.E0,0.E0));
#6625=DIRECTION('',(0.E0,0.E0,-1.E0));
#6626=AXIS2_PLACEMENT_3D('',#6623,#6624,#6625);
#6627=PLANE('',#6626);
#6629=ORIENTED_EDGE('',*,*,#6628,.F.);
#6630=ORIENTED_EDGE('',*,*,#3759,.F.);
#6631=ORIENTED_EDGE('',*,*,#6588,.F.);
#6632=ORIENTED_EDGE('',*,*,#4017,.F.);
#6634=ORIENTED_EDGE('',*,*,#6633,.T.);
#6636=ORIENTED_EDGE('',*,*,#6635,.T.);
#6638=ORIENTED_EDGE('',*,*,#6637,.T.);
#6639=EDGE_LOOP('',(#6629,#6630,#6631,#6632,#6634,#6636,#6638));
#6640=FACE_OUTER_BOUND('',#6639,.F.);
#6641=ADVANCED_FACE('',(#6640),#6627,.T.);
#6642=CARTESIAN_POINT('',(1.9175E0,8.55E-1,2.475E0));
#6643=DIRECTION('',(0.E0,7.071067811865E-1,-7.071067811865E-1));
#6644=DIRECTION('',(-1.E0,0.E0,0.E0));
#6645=AXIS2_PLACEMENT_3D('',#6642,#6643,#6644);
#6646=PLANE('',#6645);
#6647=ORIENTED_EDGE('',*,*,#6608,.T.);
#6648=ORIENTED_EDGE('',*,*,#3773,.T.);
#6650=ORIENTED_EDGE('',*,*,#6649,.F.);
#6652=ORIENTED_EDGE('',*,*,#6651,.F.);
#6653=EDGE_LOOP('',(#6647,#6648,#6650,#6652));
#6654=FACE_OUTER_BOUND('',#6653,.F.);
#6655=ADVANCED_FACE('',(#6654),#6646,.T.);
#6656=CARTESIAN_POINT('',(1.86E0,8.55E-1,2.55E0));
#6657=DIRECTION('',(-7.071067811866E-1,7.071067811865E-1,0.E0));
#6658=DIRECTION('',(0.E0,0.E0,-1.E0));
#6659=AXIS2_PLACEMENT_3D('',#6656,#6657,#6658);
#6660=PLANE('',#6659);
#6661=ORIENTED_EDGE('',*,*,#3771,.T.);
#6663=ORIENTED_EDGE('',*,*,#6662,.F.);
#6665=ORIENTED_EDGE('',*,*,#6664,.F.);
#6666=ORIENTED_EDGE('',*,*,#6649,.T.);
#6667=EDGE_LOOP('',(#6661,#6663,#6665,#6666));
#6668=FACE_OUTER_BOUND('',#6667,.F.);
#6669=ADVANCED_FACE('',(#6668),#6660,.T.);
#6670=CARTESIAN_POINT('',(1.75E0,8.55E-1,2.675E0));
#6671=DIRECTION('',(0.E0,7.071067811865E-1,-7.071067811865E-1));
#6672=DIRECTION('',(-1.E0,0.E0,0.E0));
#6673=AXIS2_PLACEMENT_3D('',#6670,#6671,#6672);
#6674=PLANE('',#6673);
#6675=ORIENTED_EDGE('',*,*,#3769,.T.);
#6677=ORIENTED_EDGE('',*,*,#6676,.F.);
#6679=ORIENTED_EDGE('',*,*,#6678,.F.);
#6680=ORIENTED_EDGE('',*,*,#6662,.T.);
#6681=EDGE_LOOP('',(#6675,#6677,#6679,#6680));
#6682=FACE_OUTER_BOUND('',#6681,.F.);
#6683=ADVANCED_FACE('',(#6682),#6674,.T.);
#6684=CARTESIAN_POINT('',(1.64E0,8.55E-1,2.15E0));
#6685=DIRECTION('',(7.071067811865E-1,7.071067811865E-1,0.E0));
#6686=DIRECTION('',(0.E0,0.E0,-1.E0));
#6687=AXIS2_PLACEMENT_3D('',#6684,#6685,#6686);
#6688=PLANE('',#6687);
#6690=ORIENTED_EDGE('',*,*,#6689,.F.);
#6691=ORIENTED_EDGE('',*,*,#6676,.T.);
#6692=ORIENTED_EDGE('',*,*,#3767,.T.);
#6694=ORIENTED_EDGE('',*,*,#6693,.F.);
#6695=EDGE_LOOP('',(#6690,#6691,#6692,#6694));
#6696=FACE_OUTER_BOUND('',#6695,.F.);
#6697=ADVANCED_FACE('',(#6696),#6688,.T.);
#6698=CARTESIAN_POINT('',(1.665E0,8.8E-1,1.65E0));
#6699=DIRECTION('',(-1.E0,0.E0,0.E0));
#6700=DIRECTION('',(0.E0,0.E0,1.E0));
#6701=AXIS2_PLACEMENT_3D('',#6698,#6699,#6700);
#6702=PLANE('',#6701);
#6704=ORIENTED_EDGE('',*,*,#6703,.T.);
#6706=ORIENTED_EDGE('',*,*,#6705,.F.);
#6708=ORIENTED_EDGE('',*,*,#6707,.T.);
#6710=ORIENTED_EDGE('',*,*,#6709,.T.);
#6712=ORIENTED_EDGE('',*,*,#6711,.F.);
#6714=ORIENTED_EDGE('',*,*,#6713,.F.);
#6716=ORIENTED_EDGE('',*,*,#6715,.T.);
#6718=ORIENTED_EDGE('',*,*,#6717,.F.);
#6719=ORIENTED_EDGE('',*,*,#6689,.T.);
#6721=ORIENTED_EDGE('',*,*,#6720,.T.);
#6722=EDGE_LOOP('',(#6704,#6706,#6708,#6710,#6712,#6714,#6716,#6718,#6719,
#6721));
#6723=FACE_OUTER_BOUND('',#6722,.F.);
#6724=ADVANCED_FACE('',(#6723),#6702,.F.);
#6725=CARTESIAN_POINT('',(-2.E0,3.3E-1,0.E0));
#6726=DIRECTION('',(0.E0,1.E0,0.E0));
#6727=DIRECTION('',(1.E0,0.E0,0.E0));
#6728=AXIS2_PLACEMENT_3D('',#6725,#6726,#6727);
#6729=PLANE('',#6728);
#6731=ORIENTED_EDGE('',*,*,#6730,.F.);
#6733=ORIENTED_EDGE('',*,*,#6732,.F.);
#6735=ORIENTED_EDGE('',*,*,#6734,.F.);
#6737=ORIENTED_EDGE('',*,*,#6736,.F.);
#6738=EDGE_LOOP('',(#6731,#6733,#6735,#6737));
#6739=FACE_OUTER_BOUND('',#6738,.F.);
#6740=ADVANCED_FACE('',(#6739),#6729,.T.);
#6741=CARTESIAN_POINT('',(-2.E0,3.3E-1,0.E0));
#6742=DIRECTION('',(0.E0,1.E0,0.E0));
#6743=DIRECTION('',(1.E0,0.E0,0.E0));
#6744=AXIS2_PLACEMENT_3D('',#6741,#6742,#6743);
#6745=PLANE('',#6744);
#6747=ORIENTED_EDGE('',*,*,#6746,.F.);
#6749=ORIENTED_EDGE('',*,*,#6748,.F.);
#6751=ORIENTED_EDGE('',*,*,#6750,.F.);
#6753=ORIENTED_EDGE('',*,*,#6752,.F.);
#6754=EDGE_LOOP('',(#6747,#6749,#6751,#6753));
#6755=FACE_OUTER_BOUND('',#6754,.F.);
#6756=ADVANCED_FACE('',(#6755),#6745,.T.);
#6757=CARTESIAN_POINT('',(-2.E0,3.3E-1,0.E0));
#6758=DIRECTION('',(0.E0,1.E0,0.E0));
#6759=DIRECTION('',(1.E0,0.E0,0.E0));
#6760=AXIS2_PLACEMENT_3D('',#6757,#6758,#6759);
#6761=PLANE('',#6760);
#6763=ORIENTED_EDGE('',*,*,#6762,.F.);
#6764=ORIENTED_EDGE('',*,*,#6703,.F.);
#6766=ORIENTED_EDGE('',*,*,#6765,.F.);
#6768=ORIENTED_EDGE('',*,*,#6767,.F.);
#6769=EDGE_LOOP('',(#6763,#6764,#6766,#6768));
#6770=FACE_OUTER_BOUND('',#6769,.F.);
#6771=ADVANCED_FACE('',(#6770),#6761,.T.);
#6772=CARTESIAN_POINT('',(-2.E0,3.3E-1,0.E0));
#6773=DIRECTION('',(0.E0,1.E0,0.E0));
#6774=DIRECTION('',(1.E0,0.E0,0.E0));
#6775=AXIS2_PLACEMENT_3D('',#6772,#6773,#6774);
#6776=PLANE('',#6775);
#6778=ORIENTED_EDGE('',*,*,#6777,.F.);
#6780=ORIENTED_EDGE('',*,*,#6779,.F.);
#6782=ORIENTED_EDGE('',*,*,#6781,.F.);
#6783=ORIENTED_EDGE('',*,*,#6715,.F.);
#6784=EDGE_LOOP('',(#6778,#6780,#6782,#6783));
#6785=FACE_OUTER_BOUND('',#6784,.F.);
#6786=ADVANCED_FACE('',(#6785),#6776,.T.);
#6787=CARTESIAN_POINT('',(-1.75E0,3.05E-1,1.825E0));
#6788=DIRECTION('',(0.E0,7.071067811865E-1,7.071067811865E-1));
#6789=DIRECTION('',(-1.E0,0.E0,0.E0));
#6790=AXIS2_PLACEMENT_3D('',#6787,#6788,#6789);
#6791=PLANE('',#6790);
#6793=ORIENTED_EDGE('',*,*,#6792,.F.);
#6795=ORIENTED_EDGE('',*,*,#6794,.T.);
#6796=ORIENTED_EDGE('',*,*,#6730,.T.);
#6798=ORIENTED_EDGE('',*,*,#6797,.T.);
#6799=EDGE_LOOP('',(#6793,#6795,#6796,#6798));
#6800=FACE_OUTER_BOUND('',#6799,.F.);
#6801=ADVANCED_FACE('',(#6800),#6791,.T.);
#6802=CARTESIAN_POINT('',(-1.665E0,8.8E-1,1.85E0));
#6803=DIRECTION('',(0.E0,0.E0,-1.E0));
#6804=DIRECTION('',(-1.E0,0.E0,0.E0));
#6805=AXIS2_PLACEMENT_3D('',#6802,#6803,#6804);
#6806=PLANE('',#6805);
#6807=ORIENTED_EDGE('',*,*,#6792,.T.);
#6809=ORIENTED_EDGE('',*,*,#6808,.T.);
#6811=ORIENTED_EDGE('',*,*,#6810,.T.);
#6812=ORIENTED_EDGE('',*,*,#3609,.T.);
#6813=ORIENTED_EDGE('',*,*,#3656,.T.);
#6815=ORIENTED_EDGE('',*,*,#6814,.F.);
#6816=EDGE_LOOP('',(#6807,#6809,#6811,#6812,#6813,#6815));
#6817=FACE_OUTER_BOUND('',#6816,.F.);
#6818=ADVANCED_FACE('',(#6817),#6806,.F.);
#6819=CARTESIAN_POINT('',(-1.665E0,8.8E-1,2.65E0));
#6820=DIRECTION('',(1.E0,0.E0,0.E0));
#6821=DIRECTION('',(0.E0,0.E0,-1.E0));
#6822=AXIS2_PLACEMENT_3D('',#6819,#6820,#6821);
#6823=PLANE('',#6822);
#6824=ORIENTED_EDGE('',*,*,#6808,.F.);
#6825=ORIENTED_EDGE('',*,*,#6797,.F.);
#6826=ORIENTED_EDGE('',*,*,#6736,.T.);
#6828=ORIENTED_EDGE('',*,*,#6827,.F.);
#6830=ORIENTED_EDGE('',*,*,#6829,.T.);
#6832=ORIENTED_EDGE('',*,*,#6831,.T.);
#6833=ORIENTED_EDGE('',*,*,#6748,.T.);
#6835=ORIENTED_EDGE('',*,*,#6834,.F.);
#6837=ORIENTED_EDGE('',*,*,#6836,.T.);
#6839=ORIENTED_EDGE('',*,*,#6838,.T.);
#6840=EDGE_LOOP('',(#6824,#6825,#6826,#6828,#6830,#6832,#6833,#6835,#6837,
#6839));
#6841=FACE_OUTER_BOUND('',#6840,.F.);
#6842=ADVANCED_FACE('',(#6841),#6823,.F.);
#6843=CARTESIAN_POINT('',(-1.665E0,8.8E-1,1.65E0));
#6844=DIRECTION('',(0.E0,0.E0,-1.E0));
#6845=DIRECTION('',(-1.E0,0.E0,0.E0));
#6846=AXIS2_PLACEMENT_3D('',#6843,#6844,#6845);
#6847=PLANE('',#6846);
#6849=ORIENTED_EDGE('',*,*,#6848,.T.);
#6850=ORIENTED_EDGE('',*,*,#6827,.T.);
#6851=ORIENTED_EDGE('',*,*,#6734,.T.);
#6853=ORIENTED_EDGE('',*,*,#6852,.F.);
#6854=EDGE_LOOP('',(#6849,#6850,#6851,#6853));
#6855=FACE_OUTER_BOUND('',#6854,.F.);
#6856=ADVANCED_FACE('',(#6855),#6847,.F.);
#6857=CARTESIAN_POINT('',(-1.75E0,8.55E-1,1.625E0));
#6858=DIRECTION('',(0.E0,7.071067811865E-1,7.071067811865E-1));
#6859=DIRECTION('',(-1.E0,0.E0,0.E0));
#6860=AXIS2_PLACEMENT_3D('',#6857,#6858,#6859);
#6861=PLANE('',#6860);
#6862=ORIENTED_EDGE('',*,*,#6848,.F.);
#6864=ORIENTED_EDGE('',*,*,#6863,.T.);
#6865=ORIENTED_EDGE('',*,*,#3751,.T.);
#6867=ORIENTED_EDGE('',*,*,#6866,.F.);
#6868=EDGE_LOOP('',(#6862,#6864,#6865,#6867));
#6869=FACE_OUTER_BOUND('',#6868,.F.);
#6870=ADVANCED_FACE('',(#6869),#6861,.T.);
#6871=CARTESIAN_POINT('',(-1.86E0,8.55E-1,1.75E0));
#6872=DIRECTION('',(7.071067811865E-1,7.071067811865E-1,0.E0));
#6873=DIRECTION('',(0.E0,0.E0,-1.E0));
#6874=AXIS2_PLACEMENT_3D('',#6871,#6872,#6873);
#6875=PLANE('',#6874);
#6877=ORIENTED_EDGE('',*,*,#6876,.F.);
#6878=ORIENTED_EDGE('',*,*,#3654,.T.);
#6879=ORIENTED_EDGE('',*,*,#3753,.T.);
#6880=ORIENTED_EDGE('',*,*,#6863,.F.);
#6881=EDGE_LOOP('',(#6877,#6878,#6879,#6880));
#6882=FACE_OUTER_BOUND('',#6881,.F.);
#6883=ADVANCED_FACE('',(#6882),#6875,.T.);
#6884=CARTESIAN_POINT('',(-1.835E0,8.8E-1,1.65E0));
#6885=DIRECTION('',(-1.E0,0.E0,0.E0));
#6886=DIRECTION('',(0.E0,0.E0,1.E0));
#6887=AXIS2_PLACEMENT_3D('',#6884,#6885,#6886);
#6888=PLANE('',#6887);
#6889=ORIENTED_EDGE('',*,*,#6732,.T.);
#6890=ORIENTED_EDGE('',*,*,#6794,.F.);
#6891=ORIENTED_EDGE('',*,*,#6814,.T.);
#6892=ORIENTED_EDGE('',*,*,#6876,.T.);
#6893=ORIENTED_EDGE('',*,*,#6852,.T.);
#6894=EDGE_LOOP('',(#6889,#6890,#6891,#6892,#6893));
#6895=FACE_OUTER_BOUND('',#6894,.F.);
#6896=ADVANCED_FACE('',(#6895),#6888,.F.);
#6897=CARTESIAN_POINT('',(-1.835E0,8.8E-1,1.65E0));
#6898=DIRECTION('',(-1.E0,0.E0,0.E0));
#6899=DIRECTION('',(0.E0,0.E0,1.E0));
#6900=AXIS2_PLACEMENT_3D('',#6897,#6898,#6899);
#6901=PLANE('',#6900);
#6903=ORIENTED_EDGE('',*,*,#6902,.T.);
#6905=ORIENTED_EDGE('',*,*,#6904,.F.);
#6906=ORIENTED_EDGE('',*,*,#6752,.T.);
#6908=ORIENTED_EDGE('',*,*,#6907,.F.);
#6910=ORIENTED_EDGE('',*,*,#6909,.T.);
#6911=EDGE_LOOP('',(#6903,#6905,#6906,#6908,#6910));
#6912=FACE_OUTER_BOUND('',#6911,.F.);
#6913=ADVANCED_FACE('',(#6912),#6901,.F.);
#6914=CARTESIAN_POINT('',(-2.E0,8.8E-1,2.45E0));
#6915=DIRECTION('',(0.E0,0.E0,1.E0));
#6916=DIRECTION('',(1.E0,0.E0,0.E0));
#6917=AXIS2_PLACEMENT_3D('',#6914,#6915,#6916);
#6918=PLANE('',#6917);
#6920=ORIENTED_EDGE('',*,*,#6919,.T.);
#6921=ORIENTED_EDGE('',*,*,#6902,.F.);
#6923=ORIENTED_EDGE('',*,*,#6922,.T.);
#6924=ORIENTED_EDGE('',*,*,#3641,.F.);
#6926=ORIENTED_EDGE('',*,*,#6925,.T.);
#6927=ORIENTED_EDGE('',*,*,#6836,.F.);
#6928=EDGE_LOOP('',(#6920,#6921,#6923,#6924,#6926,#6927));
#6929=FACE_OUTER_BOUND('',#6928,.F.);
#6930=ADVANCED_FACE('',(#6929),#6918,.F.);
#6931=CARTESIAN_POINT('',(-1.75E0,3.05E-1,2.475E0));
#6932=DIRECTION('',(0.E0,7.071067811865E-1,-7.071067811865E-1));
#6933=DIRECTION('',(-1.E0,0.E0,0.E0));
#6934=AXIS2_PLACEMENT_3D('',#6931,#6932,#6933);
#6935=PLANE('',#6934);
#6936=ORIENTED_EDGE('',*,*,#6919,.F.);
#6937=ORIENTED_EDGE('',*,*,#6834,.T.);
#6938=ORIENTED_EDGE('',*,*,#6746,.T.);
#6939=ORIENTED_EDGE('',*,*,#6904,.T.);
#6940=EDGE_LOOP('',(#6936,#6937,#6938,#6939));
#6941=FACE_OUTER_BOUND('',#6940,.F.);
#6942=ADVANCED_FACE('',(#6941),#6935,.T.);
#6943=CARTESIAN_POINT('',(-1.9175E0,8.55E-1,2.475E0));
#6944=DIRECTION('',(0.E0,7.071067811865E-1,-7.071067811865E-1));
#6945=DIRECTION('',(-1.E0,0.E0,0.E0));
#6946=AXIS2_PLACEMENT_3D('',#6943,#6944,#6945);
#6947=PLANE('',#6946);
#6948=ORIENTED_EDGE('',*,*,#3629,.T.);
#6949=ORIENTED_EDGE('',*,*,#6922,.F.);
#6951=ORIENTED_EDGE('',*,*,#6950,.T.);
#6952=ORIENTED_EDGE('',*,*,#3743,.T.);
#6953=EDGE_LOOP('',(#6948,#6949,#6951,#6952));
#6954=FACE_OUTER_BOUND('',#6953,.F.);
#6955=ADVANCED_FACE('',(#6954),#6947,.T.);
#6956=CARTESIAN_POINT('',(-1.86E0,8.55E-1,2.55E0));
#6957=DIRECTION('',(7.071067811865E-1,7.071067811865E-1,0.E0));
#6958=DIRECTION('',(0.E0,0.E0,-1.E0));
#6959=AXIS2_PLACEMENT_3D('',#6956,#6957,#6958);
#6960=PLANE('',#6959);
#6961=ORIENTED_EDGE('',*,*,#6909,.F.);
#6963=ORIENTED_EDGE('',*,*,#6962,.T.);
#6964=ORIENTED_EDGE('',*,*,#3745,.T.);
#6965=ORIENTED_EDGE('',*,*,#6950,.F.);
#6966=EDGE_LOOP('',(#6961,#6963,#6964,#6965));
#6967=FACE_OUTER_BOUND('',#6966,.F.);
#6968=ADVANCED_FACE('',(#6967),#6960,.T.);
#6969=CARTESIAN_POINT('',(-1.75E0,8.55E-1,2.675E0));
#6970=DIRECTION('',(0.E0,7.071067811865E-1,-7.071067811865E-1));
#6971=DIRECTION('',(-1.E0,0.E0,0.E0));
#6972=AXIS2_PLACEMENT_3D('',#6969,#6970,#6971);
#6973=PLANE('',#6972);
#6974=ORIENTED_EDGE('',*,*,#3747,.T.);
#6975=ORIENTED_EDGE('',*,*,#6962,.F.);
#6977=ORIENTED_EDGE('',*,*,#6976,.F.);
#6979=ORIENTED_EDGE('',*,*,#6978,.T.);
#6980=EDGE_LOOP('',(#6974,#6975,#6977,#6979));
#6981=FACE_OUTER_BOUND('',#6980,.F.);
#6982=ADVANCED_FACE('',(#6981),#6973,.T.);
#6983=CARTESIAN_POINT('',(-1.835E0,8.8E-1,2.65E0));
#6984=DIRECTION('',(0.E0,0.E0,1.E0));
#6985=DIRECTION('',(1.E0,0.E0,0.E0));
#6986=AXIS2_PLACEMENT_3D('',#6983,#6984,#6985);
#6987=PLANE('',#6986);
#6988=ORIENTED_EDGE('',*,*,#6976,.T.);
#6989=ORIENTED_EDGE('',*,*,#6907,.T.);
#6990=ORIENTED_EDGE('',*,*,#6750,.T.);
#6991=ORIENTED_EDGE('',*,*,#6831,.F.);
#6992=EDGE_LOOP('',(#6988,#6989,#6990,#6991));
#6993=FACE_OUTER_BOUND('',#6992,.F.);
#6994=ADVANCED_FACE('',(#6993),#6987,.F.);
#6995=CARTESIAN_POINT('',(-1.64E0,8.55E-1,2.15E0));
#6996=DIRECTION('',(-7.071067811865E-1,7.071067811865E-1,0.E0));
#6997=DIRECTION('',(0.E0,0.E0,-1.E0));
#6998=AXIS2_PLACEMENT_3D('',#6995,#6996,#6997);
#6999=PLANE('',#6998);
#7000=ORIENTED_EDGE('',*,*,#3749,.T.);
#7001=ORIENTED_EDGE('',*,*,#6978,.F.);
#7002=ORIENTED_EDGE('',*,*,#6829,.F.);
#7003=ORIENTED_EDGE('',*,*,#6866,.T.);
#7004=EDGE_LOOP('',(#7000,#7001,#7002,#7003));
#7005=FACE_OUTER_BOUND('',#7004,.F.);
#7006=ADVANCED_FACE('',(#7005),#6999,.T.);
#7007=CARTESIAN_POINT('',(-2.E0,1.5E-1,0.E0));
#7008=DIRECTION('',(0.E0,-1.E0,0.E0));
#7009=DIRECTION('',(0.E0,0.E0,1.E0));
#7010=AXIS2_PLACEMENT_3D('',#7007,#7008,#7009);
#7011=PLANE('',#7010);
#7012=ORIENTED_EDGE('',*,*,#3611,.T.);
#7013=ORIENTED_EDGE('',*,*,#6810,.F.);
#7014=ORIENTED_EDGE('',*,*,#6838,.F.);
#7015=ORIENTED_EDGE('',*,*,#6925,.F.);
#7016=ORIENTED_EDGE('',*,*,#3639,.T.);
#7018=ORIENTED_EDGE('',*,*,#7017,.F.);
#7020=ORIENTED_EDGE('',*,*,#7019,.F.);
#7022=ORIENTED_EDGE('',*,*,#7021,.F.);
#7023=EDGE_LOOP('',(#7012,#7013,#7014,#7015,#7016,#7018,#7020,#7022));
#7024=FACE_OUTER_BOUND('',#7023,.F.);
#7025=ADVANCED_FACE('',(#7024),#7011,.T.);
#7026=CARTESIAN_POINT('',(-2.E0,1.5E-1,0.E0));
#7027=DIRECTION('',(0.E0,-1.E0,0.E0));
#7028=DIRECTION('',(0.E0,0.E0,1.E0));
#7029=AXIS2_PLACEMENT_3D('',#7026,#7027,#7028);
#7030=PLANE('',#7029);
#7031=ORIENTED_EDGE('',*,*,#6635,.F.);
#7033=ORIENTED_EDGE('',*,*,#7032,.F.);
#7035=ORIENTED_EDGE('',*,*,#7034,.F.);
#7037=ORIENTED_EDGE('',*,*,#7036,.F.);
#7038=ORIENTED_EDGE('',*,*,#6612,.F.);
#7040=ORIENTED_EDGE('',*,*,#7039,.F.);
#7041=ORIENTED_EDGE('',*,*,#6709,.F.);
#7043=ORIENTED_EDGE('',*,*,#7042,.F.);
#7044=EDGE_LOOP('',(#7031,#7033,#7035,#7037,#7038,#7040,#7041,#7043));
#7045=FACE_OUTER_BOUND('',#7044,.F.);
#7046=ADVANCED_FACE('',(#7045),#7030,.T.);
#7047=CARTESIAN_POINT('',(-1.415E0,0.E0,2.7E0));
#7048=DIRECTION('',(0.E0,0.E0,1.E0));
#7049=DIRECTION('',(-1.E0,0.E0,0.E0));
#7050=AXIS2_PLACEMENT_3D('',#7047,#7048,#7049);
#7051=PLANE('',#7050);
#7052=ORIENTED_EDGE('',*,*,#3637,.F.);
#7053=ORIENTED_EDGE('',*,*,#3996,.T.);
#7055=ORIENTED_EDGE('',*,*,#7054,.T.);
#7056=ORIENTED_EDGE('',*,*,#7017,.T.);
#7057=EDGE_LOOP('',(#7052,#7053,#7055,#7056));
#7058=FACE_OUTER_BOUND('',#7057,.F.);
#7059=ADVANCED_FACE('',(#7058),#7051,.F.);
#7060=CARTESIAN_POINT('',(-1.415E0,0.E0,1.6E0));
#7061=DIRECTION('',(1.E0,0.E0,0.E0));
#7062=DIRECTION('',(0.E0,0.E0,1.E0));
#7063=AXIS2_PLACEMENT_3D('',#7060,#7061,#7062);
#7064=PLANE('',#7063);
#7065=ORIENTED_EDGE('',*,*,#3994,.F.);
#7067=ORIENTED_EDGE('',*,*,#7066,.T.);
#7068=ORIENTED_EDGE('',*,*,#7019,.T.);
#7069=ORIENTED_EDGE('',*,*,#7054,.F.);
#7070=EDGE_LOOP('',(#7065,#7067,#7068,#7069));
#7071=FACE_OUTER_BOUND('',#7070,.F.);
#7072=ADVANCED_FACE('',(#7071),#7064,.F.);
#7073=CARTESIAN_POINT('',(-2.E0,0.E0,1.6E0));
#7074=DIRECTION('',(0.E0,0.E0,-1.E0));
#7075=DIRECTION('',(1.E0,0.E0,0.E0));
#7076=AXIS2_PLACEMENT_3D('',#7073,#7074,#7075);
#7077=PLANE('',#7076);
#7078=ORIENTED_EDGE('',*,*,#3613,.T.);
#7079=ORIENTED_EDGE('',*,*,#7021,.T.);
#7080=ORIENTED_EDGE('',*,*,#7066,.F.);
#7081=ORIENTED_EDGE('',*,*,#3992,.F.);
#7082=EDGE_LOOP('',(#7078,#7079,#7080,#7081));
#7083=FACE_OUTER_BOUND('',#7082,.F.);
#7084=ADVANCED_FACE('',(#7083),#7077,.F.);
#7085=CARTESIAN_POINT('',(1.415E0,0.E0,1.6E0));
#7086=DIRECTION('',(0.E0,0.E0,-1.E0));
#7087=DIRECTION('',(1.E0,0.E0,0.E0));
#7088=AXIS2_PLACEMENT_3D('',#7085,#7086,#7087);
#7089=PLANE('',#7088);
#7090=ORIENTED_EDGE('',*,*,#6633,.F.);
#7091=ORIENTED_EDGE('',*,*,#4015,.T.);
#7093=ORIENTED_EDGE('',*,*,#7092,.T.);
#7094=ORIENTED_EDGE('',*,*,#7032,.T.);
#7095=EDGE_LOOP('',(#7090,#7091,#7093,#7094));
#7096=FACE_OUTER_BOUND('',#7095,.F.);
#7097=ADVANCED_FACE('',(#7096),#7089,.F.);
#7098=CARTESIAN_POINT('',(1.415E0,0.E0,2.7E0));
#7099=DIRECTION('',(-1.E0,0.E0,0.E0));
#7100=DIRECTION('',(0.E0,0.E0,-1.E0));
#7101=AXIS2_PLACEMENT_3D('',#7098,#7099,#7100);
#7102=PLANE('',#7101);
#7103=ORIENTED_EDGE('',*,*,#4013,.F.);
#7105=ORIENTED_EDGE('',*,*,#7104,.T.);
#7106=ORIENTED_EDGE('',*,*,#7034,.T.);
#7107=ORIENTED_EDGE('',*,*,#7092,.F.);
#7108=EDGE_LOOP('',(#7103,#7105,#7106,#7107));
#7109=FACE_OUTER_BOUND('',#7108,.F.);
#7110=ADVANCED_FACE('',(#7109),#7102,.F.);
#7111=CARTESIAN_POINT('',(2.E0,0.E0,2.7E0));
#7112=DIRECTION('',(0.E0,0.E0,1.E0));
#7113=DIRECTION('',(-1.E0,0.E0,0.E0));
#7114=AXIS2_PLACEMENT_3D('',#7111,#7112,#7113);
#7115=PLANE('',#7114);
#7116=ORIENTED_EDGE('',*,*,#6614,.T.);
#7117=ORIENTED_EDGE('',*,*,#7036,.T.);
#7118=ORIENTED_EDGE('',*,*,#7104,.F.);
#7119=ORIENTED_EDGE('',*,*,#4011,.F.);
#7120=EDGE_LOOP('',(#7116,#7117,#7118,#7119));
#7121=FACE_OUTER_BOUND('',#7120,.F.);
#7122=ADVANCED_FACE('',(#7121),#7115,.F.);
#7123=CARTESIAN_POINT('',(1.665E0,8.8E-1,2.45E0));
#7124=DIRECTION('',(0.E0,0.E0,1.E0));
#7125=DIRECTION('',(1.E0,0.E0,0.E0));
#7126=AXIS2_PLACEMENT_3D('',#7123,#7124,#7125);
#7127=PLANE('',#7126);
#7129=ORIENTED_EDGE('',*,*,#7128,.T.);
#7130=ORIENTED_EDGE('',*,*,#6711,.T.);
#7131=ORIENTED_EDGE('',*,*,#7039,.T.);
#7132=ORIENTED_EDGE('',*,*,#6610,.T.);
#7133=ORIENTED_EDGE('',*,*,#6651,.T.);
#7135=ORIENTED_EDGE('',*,*,#7134,.F.);
#7136=EDGE_LOOP('',(#7129,#7130,#7131,#7132,#7133,#7135));
#7137=FACE_OUTER_BOUND('',#7136,.F.);
#7138=ADVANCED_FACE('',(#7137),#7127,.F.);
#7139=CARTESIAN_POINT('',(1.75E0,3.05E-1,2.475E0));
#7140=DIRECTION('',(0.E0,7.071067811865E-1,-7.071067811865E-1));
#7141=DIRECTION('',(-1.E0,0.E0,0.E0));
#7142=AXIS2_PLACEMENT_3D('',#7139,#7140,#7141);
#7143=PLANE('',#7142);
#7144=ORIENTED_EDGE('',*,*,#7128,.F.);
#7146=ORIENTED_EDGE('',*,*,#7145,.T.);
#7147=ORIENTED_EDGE('',*,*,#6777,.T.);
#7148=ORIENTED_EDGE('',*,*,#6713,.T.);
#7149=EDGE_LOOP('',(#7144,#7146,#7147,#7148));
#7150=FACE_OUTER_BOUND('',#7149,.F.);
#7151=ADVANCED_FACE('',(#7150),#7143,.T.);
#7152=CARTESIAN_POINT('',(1.835E0,8.8E-1,2.65E0));
#7153=DIRECTION('',(1.E0,0.E0,0.E0));
#7154=DIRECTION('',(0.E0,0.E0,-1.E0));
#7155=AXIS2_PLACEMENT_3D('',#7152,#7153,#7154);
#7156=PLANE('',#7155);
#7158=ORIENTED_EDGE('',*,*,#7157,.T.);
#7160=ORIENTED_EDGE('',*,*,#7159,.F.);
#7161=ORIENTED_EDGE('',*,*,#6767,.T.);
#7163=ORIENTED_EDGE('',*,*,#7162,.F.);
#7165=ORIENTED_EDGE('',*,*,#7164,.T.);
#7166=EDGE_LOOP('',(#7158,#7160,#7161,#7163,#7165));
#7167=FACE_OUTER_BOUND('',#7166,.F.);
#7168=ADVANCED_FACE('',(#7167),#7156,.F.);
#7169=CARTESIAN_POINT('',(1.835E0,8.8E-1,2.65E0));
#7170=DIRECTION('',(1.E0,0.E0,0.E0));
#7171=DIRECTION('',(0.E0,0.E0,-1.E0));
#7172=AXIS2_PLACEMENT_3D('',#7169,#7170,#7171);
#7173=PLANE('',#7172);
#7174=ORIENTED_EDGE('',*,*,#6779,.T.);
#7175=ORIENTED_EDGE('',*,*,#7145,.F.);
#7176=ORIENTED_EDGE('',*,*,#7134,.T.);
#7177=ORIENTED_EDGE('',*,*,#6664,.T.);
#7179=ORIENTED_EDGE('',*,*,#7178,.T.);
#7180=EDGE_LOOP('',(#7174,#7175,#7176,#7177,#7179));
#7181=FACE_OUTER_BOUND('',#7180,.F.);
#7182=ADVANCED_FACE('',(#7181),#7173,.F.);
#7183=CARTESIAN_POINT('',(2.E0,8.8E-1,1.85E0));
#7184=DIRECTION('',(0.E0,0.E0,-1.E0));
#7185=DIRECTION('',(-1.E0,0.E0,0.E0));
#7186=AXIS2_PLACEMENT_3D('',#7183,#7184,#7185);
#7187=PLANE('',#7186);
#7189=ORIENTED_EDGE('',*,*,#7188,.T.);
#7190=ORIENTED_EDGE('',*,*,#7157,.F.);
#7192=ORIENTED_EDGE('',*,*,#7191,.T.);
#7193=ORIENTED_EDGE('',*,*,#6637,.F.);
#7194=ORIENTED_EDGE('',*,*,#7042,.T.);
#7195=ORIENTED_EDGE('',*,*,#6707,.F.);
#7196=EDGE_LOOP('',(#7189,#7190,#7192,#7193,#7194,#7195));
#7197=FACE_OUTER_BOUND('',#7196,.F.);
#7198=ADVANCED_FACE('',(#7197),#7187,.F.);
#7199=CARTESIAN_POINT('',(1.75E0,3.05E-1,1.825E0));
#7200=DIRECTION('',(0.E0,7.071067811865E-1,7.071067811865E-1));
#7201=DIRECTION('',(-1.E0,0.E0,0.E0));
#7202=AXIS2_PLACEMENT_3D('',#7199,#7200,#7201);
#7203=PLANE('',#7202);
#7204=ORIENTED_EDGE('',*,*,#7188,.F.);
#7205=ORIENTED_EDGE('',*,*,#6705,.T.);
#7206=ORIENTED_EDGE('',*,*,#6762,.T.);
#7207=ORIENTED_EDGE('',*,*,#7159,.T.);
#7208=EDGE_LOOP('',(#7204,#7205,#7206,#7207));
#7209=FACE_OUTER_BOUND('',#7208,.F.);
#7210=ADVANCED_FACE('',(#7209),#7203,.T.);
#7211=CARTESIAN_POINT('',(1.9175E0,8.55E-1,1.825E0));
#7212=DIRECTION('',(0.E0,7.071067811865E-1,7.071067811865E-1));
#7213=DIRECTION('',(-1.E0,0.E0,0.E0));
#7214=AXIS2_PLACEMENT_3D('',#7211,#7212,#7213);
#7215=PLANE('',#7214);
#7216=ORIENTED_EDGE('',*,*,#6628,.T.);
#7217=ORIENTED_EDGE('',*,*,#7191,.F.);
#7219=ORIENTED_EDGE('',*,*,#7218,.T.);
#7220=ORIENTED_EDGE('',*,*,#3761,.T.);
#7221=EDGE_LOOP('',(#7216,#7217,#7219,#7220));
#7222=FACE_OUTER_BOUND('',#7221,.F.);
#7223=ADVANCED_FACE('',(#7222),#7215,.T.);
#7224=CARTESIAN_POINT('',(1.86E0,8.55E-1,1.75E0));
#7225=DIRECTION('',(-7.071067811865E-1,7.071067811865E-1,0.E0));
#7226=DIRECTION('',(0.E0,0.E0,-1.E0));
#7227=AXIS2_PLACEMENT_3D('',#7224,#7225,#7226);
#7228=PLANE('',#7227);
#7229=ORIENTED_EDGE('',*,*,#7164,.F.);
#7231=ORIENTED_EDGE('',*,*,#7230,.T.);
#7232=ORIENTED_EDGE('',*,*,#3763,.T.);
#7233=ORIENTED_EDGE('',*,*,#7218,.F.);
#7234=EDGE_LOOP('',(#7229,#7231,#7232,#7233));
#7235=FACE_OUTER_BOUND('',#7234,.F.);
#7236=ADVANCED_FACE('',(#7235),#7228,.T.);
#7237=CARTESIAN_POINT('',(1.75E0,8.55E-1,1.625E0));
#7238=DIRECTION('',(0.E0,7.071067811865E-1,7.071067811865E-1));
#7239=DIRECTION('',(-1.E0,0.E0,0.E0));
#7240=AXIS2_PLACEMENT_3D('',#7237,#7238,#7239);
#7241=PLANE('',#7240);
#7243=ORIENTED_EDGE('',*,*,#7242,.F.);
#7244=ORIENTED_EDGE('',*,*,#6693,.T.);
#7245=ORIENTED_EDGE('',*,*,#3765,.T.);
#7246=ORIENTED_EDGE('',*,*,#7230,.F.);
#7247=EDGE_LOOP('',(#7243,#7244,#7245,#7246));
#7248=FACE_OUTER_BOUND('',#7247,.F.);
#7249=ADVANCED_FACE('',(#7248),#7241,.T.);
#7250=CARTESIAN_POINT('',(1.835E0,8.8E-1,1.65E0));
#7251=DIRECTION('',(0.E0,0.E0,-1.E0));
#7252=DIRECTION('',(-1.E0,0.E0,0.E0));
#7253=AXIS2_PLACEMENT_3D('',#7250,#7251,#7252);
#7254=PLANE('',#7253);
#7255=ORIENTED_EDGE('',*,*,#7242,.T.);
#7256=ORIENTED_EDGE('',*,*,#7162,.T.);
#7257=ORIENTED_EDGE('',*,*,#6765,.T.);
#7258=ORIENTED_EDGE('',*,*,#6720,.F.);
#7259=EDGE_LOOP('',(#7255,#7256,#7257,#7258));
#7260=FACE_OUTER_BOUND('',#7259,.F.);
#7261=ADVANCED_FACE('',(#7260),#7254,.F.);
#7262=CARTESIAN_POINT('',(1.665E0,8.8E-1,2.65E0));
#7263=DIRECTION('',(0.E0,0.E0,1.E0));
#7264=DIRECTION('',(1.E0,0.E0,0.E0));
#7265=AXIS2_PLACEMENT_3D('',#7262,#7263,#7264);
#7266=PLANE('',#7265);
#7267=ORIENTED_EDGE('',*,*,#6678,.T.);
#7268=ORIENTED_EDGE('',*,*,#6717,.T.);
#7269=ORIENTED_EDGE('',*,*,#6781,.T.);
#7270=ORIENTED_EDGE('',*,*,#7178,.F.);
#7271=EDGE_LOOP('',(#7267,#7268,#7269,#7270));
#7272=FACE_OUTER_BOUND('',#7271,.F.);
#7273=ADVANCED_FACE('',(#7272),#7266,.F.);
#7274=CARTESIAN_POINT('',(-2.E0,8.8E-1,3.2E0));
#7275=DIRECTION('',(0.E0,0.E0,1.E0));
#7276=DIRECTION('',(0.E0,-1.E0,0.E0));
#7277=AXIS2_PLACEMENT_3D('',#7274,#7275,#7276);
#7278=PLANE('',#7277);
#7279=ORIENTED_EDGE('',*,*,#4255,.F.);
#7281=ORIENTED_EDGE('',*,*,#7280,.T.);
#7283=ORIENTED_EDGE('',*,*,#7282,.T.);
#7284=ORIENTED_EDGE('',*,*,#4696,.F.);
#7286=ORIENTED_EDGE('',*,*,#7285,.F.);
#7287=ORIENTED_EDGE('',*,*,#3777,.T.);
#7288=ORIENTED_EDGE('',*,*,#6617,.T.);
#7289=ORIENTED_EDGE('',*,*,#4007,.F.);
#7291=ORIENTED_EDGE('',*,*,#7290,.T.);
#7292=EDGE_LOOP('',(#7279,#7281,#7283,#7284,#7286,#7287,#7288,#7289,#7291));
#7293=FACE_OUTER_BOUND('',#7292,.F.);
#7294=ADVANCED_FACE('',(#7293),#7278,.T.);
#7295=CARTESIAN_POINT('',(-2.E0,8.8E-1,3.2E0));
#7296=DIRECTION('',(0.E0,0.E0,1.E0));
#7297=DIRECTION('',(0.E0,-1.E0,0.E0));
#7298=AXIS2_PLACEMENT_3D('',#7295,#7296,#7297);
#7299=PLANE('',#7298);
#7301=ORIENTED_EDGE('',*,*,#7300,.T.);
#7303=ORIENTED_EDGE('',*,*,#7302,.T.);
#7304=ORIENTED_EDGE('',*,*,#4273,.F.);
#7306=ORIENTED_EDGE('',*,*,#7305,.F.);
#7307=ORIENTED_EDGE('',*,*,#3999,.F.);
#7308=ORIENTED_EDGE('',*,*,#3633,.F.);
#7309=ORIENTED_EDGE('',*,*,#3740,.T.);
#7311=ORIENTED_EDGE('',*,*,#7310,.F.);
#7312=ORIENTED_EDGE('',*,*,#4626,.T.);
#7313=EDGE_LOOP('',(#7301,#7303,#7304,#7306,#7307,#7308,#7309,#7311,#7312));
#7314=FACE_OUTER_BOUND('',#7313,.F.);
#7315=ADVANCED_FACE('',(#7314),#7299,.T.);
#7316=CARTESIAN_POINT('',(1.65E0,4.7E-1,3.2E0));
#7317=DIRECTION('',(1.E0,0.E0,0.E0));
#7318=DIRECTION('',(0.E0,1.E0,0.E0));
#7319=AXIS2_PLACEMENT_3D('',#7316,#7317,#7318);
#7320=PLANE('',#7319);
#7321=ORIENTED_EDGE('',*,*,#7280,.F.);
#7322=ORIENTED_EDGE('',*,*,#4253,.T.);
#7323=ORIENTED_EDGE('',*,*,#4655,.T.);
#7325=ORIENTED_EDGE('',*,*,#7324,.F.);
#7326=EDGE_LOOP('',(#7321,#7322,#7323,#7325));
#7327=FACE_OUTER_BOUND('',#7326,.F.);
#7328=ADVANCED_FACE('',(#7327),#7320,.F.);
#7329=CARTESIAN_POINT('',(1.65E0,6.3E-1,3.2E0));
#7330=DIRECTION('',(2.576626505603E-1,9.662349396012E-1,0.E0));
#7331=DIRECTION('',(-9.662349396012E-1,2.576626505603E-1,0.E0));
#7332=AXIS2_PLACEMENT_3D('',#7329,#7330,#7331);
#7333=PLANE('',#7332);
#7334=ORIENTED_EDGE('',*,*,#7282,.F.);
#7335=ORIENTED_EDGE('',*,*,#7324,.T.);
#7336=ORIENTED_EDGE('',*,*,#4653,.T.);
#7337=ORIENTED_EDGE('',*,*,#4698,.F.);
#7338=EDGE_LOOP('',(#7334,#7335,#7336,#7337));
#7339=FACE_OUTER_BOUND('',#7338,.F.);
#7340=ADVANCED_FACE('',(#7339),#7333,.F.);
#7341=CARTESIAN_POINT('',(1.525E0,8.55E-1,2.3E0));
#7342=DIRECTION('',(-7.071067811865E-1,7.071067811865E-1,0.E0));
#7343=DIRECTION('',(0.E0,0.E0,-1.E0));
#7344=AXIS2_PLACEMENT_3D('',#7341,#7342,#7343);
#7345=PLANE('',#7344);
#7346=ORIENTED_EDGE('',*,*,#7285,.T.);
#7347=ORIENTED_EDGE('',*,*,#4694,.F.);
#7348=ORIENTED_EDGE('',*,*,#3891,.T.);
#7349=ORIENTED_EDGE('',*,*,#3779,.T.);
#7350=EDGE_LOOP('',(#7346,#7347,#7348,#7349));
#7351=FACE_OUTER_BOUND('',#7350,.F.);
#7352=ADVANCED_FACE('',(#7351),#7345,.T.);
#7353=CARTESIAN_POINT('',(1.3E0,0.E0,0.E0));
#7354=DIRECTION('',(1.E0,0.E0,0.E0));
#7355=DIRECTION('',(0.E0,0.E0,-1.E0));
#7356=AXIS2_PLACEMENT_3D('',#7353,#7354,#7355);
#7357=PLANE('',#7356);
#7358=ORIENTED_EDGE('',*,*,#7290,.F.);
#7359=ORIENTED_EDGE('',*,*,#4005,.T.);
#7360=ORIENTED_EDGE('',*,*,#4315,.T.);
#7361=ORIENTED_EDGE('',*,*,#4257,.F.);
#7362=EDGE_LOOP('',(#7358,#7359,#7360,#7361));
#7363=FACE_OUTER_BOUND('',#7362,.F.);
#7364=ADVANCED_FACE('',(#7363),#7357,.F.);
#7365=CARTESIAN_POINT('',(-1.5E0,6.7E-1,3.2E0));
#7366=DIRECTION('',(-2.576626505603E-1,9.662349396012E-1,0.E0));
#7367=DIRECTION('',(-9.662349396012E-1,-2.576626505603E-1,0.E0));
#7368=AXIS2_PLACEMENT_3D('',#7365,#7366,#7367);
#7369=PLANE('',#7368);
#7370=ORIENTED_EDGE('',*,*,#7300,.F.);
#7371=ORIENTED_EDGE('',*,*,#4624,.T.);
#7372=ORIENTED_EDGE('',*,*,#4670,.T.);
#7374=ORIENTED_EDGE('',*,*,#7373,.F.);
#7375=EDGE_LOOP('',(#7370,#7371,#7372,#7374));
#7376=FACE_OUTER_BOUND('',#7375,.F.);
#7377=ADVANCED_FACE('',(#7376),#7369,.F.);
#7378=CARTESIAN_POINT('',(-1.65E0,6.3E-1,3.2E0));
#7379=DIRECTION('',(-1.E0,0.E0,0.E0));
#7380=DIRECTION('',(0.E0,-1.E0,0.E0));
#7381=AXIS2_PLACEMENT_3D('',#7378,#7379,#7380);
#7382=PLANE('',#7381);
#7383=ORIENTED_EDGE('',*,*,#7302,.F.);
#7384=ORIENTED_EDGE('',*,*,#7373,.T.);
#7385=ORIENTED_EDGE('',*,*,#4668,.T.);
#7386=ORIENTED_EDGE('',*,*,#4275,.F.);
#7387=EDGE_LOOP('',(#7383,#7384,#7385,#7386));
#7388=FACE_OUTER_BOUND('',#7387,.F.);
#7389=ADVANCED_FACE('',(#7388),#7382,.F.);
#7390=CARTESIAN_POINT('',(-1.3E0,0.E0,0.E0));
#7391=DIRECTION('',(1.E0,0.E0,0.E0));
#7392=DIRECTION('',(0.E0,0.E0,-1.E0));
#7393=AXIS2_PLACEMENT_3D('',#7390,#7391,#7392);
#7394=PLANE('',#7393);
#7395=ORIENTED_EDGE('',*,*,#7305,.T.);
#7396=ORIENTED_EDGE('',*,*,#4289,.T.);
#7397=ORIENTED_EDGE('',*,*,#4318,.F.);
#7398=ORIENTED_EDGE('',*,*,#4001,.F.);
#7399=EDGE_LOOP('',(#7395,#7396,#7397,#7398));
#7400=FACE_OUTER_BOUND('',#7399,.F.);
#7401=ADVANCED_FACE('',(#7400),#7394,.T.);
#7402=CARTESIAN_POINT('',(-1.525E0,8.55E-1,2.3E0));
#7403=DIRECTION('',(7.071067811865E-1,7.071067811865E-1,0.E0));
#7404=DIRECTION('',(0.E0,0.E0,-1.E0));
#7405=AXIS2_PLACEMENT_3D('',#7402,#7403,#7404);
#7406=PLANE('',#7405);
#7407=ORIENTED_EDGE('',*,*,#3869,.T.);
#7408=ORIENTED_EDGE('',*,*,#4628,.F.);
#7409=ORIENTED_EDGE('',*,*,#7310,.T.);
#7410=ORIENTED_EDGE('',*,*,#3738,.T.);
#7411=EDGE_LOOP('',(#7407,#7408,#7409,#7410));
#7412=FACE_OUTER_BOUND('',#7411,.F.);
#7413=ADVANCED_FACE('',(#7412),#7406,.T.);
#7414=CARTESIAN_POINT('',(-1.575E0,3.45E-1,1.75E-1));
#7415=DIRECTION('',(9.191450300181E-1,0.E0,-3.939192985792E-1));
#7416=DIRECTION('',(0.E0,-1.E0,0.E0));
#7417=AXIS2_PLACEMENT_3D('',#7414,#7415,#7416);
#7418=PLANE('',#7417);
#7419=ORIENTED_EDGE('',*,*,#4637,.F.);
#7421=ORIENTED_EDGE('',*,*,#7420,.T.);
#7422=ORIENTED_EDGE('',*,*,#6593,.T.);
#7423=ORIENTED_EDGE('',*,*,#6576,.T.);
#7424=EDGE_LOOP('',(#7419,#7421,#7422,#7423));
#7425=FACE_OUTER_BOUND('',#7424,.F.);
#7426=ADVANCED_FACE('',(#7425),#7418,.T.);
#7427=CARTESIAN_POINT('',(1.1E0,6.7E-1,0.E0));
#7428=DIRECTION('',(0.E0,8.682431421245E-1,4.961389383568E-1));
#7429=DIRECTION('',(0.E0,-4.961389383568E-1,8.682431421245E-1));
#7430=AXIS2_PLACEMENT_3D('',#7427,#7428,#7429);
#7431=PLANE('',#7430);
#7433=ORIENTED_EDGE('',*,*,#7432,.F.);
#7435=ORIENTED_EDGE('',*,*,#7434,.F.);
#7436=ORIENTED_EDGE('',*,*,#6595,.T.);
#7437=ORIENTED_EDGE('',*,*,#7420,.F.);
#7438=EDGE_LOOP('',(#7433,#7435,#7436,#7437));
#7439=FACE_OUTER_BOUND('',#7438,.F.);
#7440=ADVANCED_FACE('',(#7439),#7431,.F.);
#7441=CARTESIAN_POINT('',(1.1E0,4.7E-1,3.5E-1));
#7442=DIRECTION('',(0.E0,1.E0,0.E0));
#7443=DIRECTION('',(0.E0,0.E0,1.E0));
#7444=AXIS2_PLACEMENT_3D('',#7441,#7442,#7443);
#7445=PLANE('',#7444);
#7446=ORIENTED_EDGE('',*,*,#4687,.F.);
#7447=ORIENTED_EDGE('',*,*,#7432,.T.);
#7448=ORIENTED_EDGE('',*,*,#4635,.T.);
#7449=ORIENTED_EDGE('',*,*,#3929,.F.);
#7450=EDGE_LOOP('',(#7446,#7447,#7448,#7449));
#7451=FACE_OUTER_BOUND('',#7450,.F.);
#7452=ADVANCED_FACE('',(#7451),#7445,.F.);
#7453=CARTESIAN_POINT('',(1.575E0,3.45E-1,1.75E-1));
#7454=DIRECTION('',(-9.191450300181E-1,0.E0,-3.939192985792E-1));
#7455=DIRECTION('',(0.E0,-1.E0,0.E0));
#7456=AXIS2_PLACEMENT_3D('',#7453,#7454,#7455);
#7457=PLANE('',#7456);
#7458=ORIENTED_EDGE('',*,*,#4685,.F.);
#7459=ORIENTED_EDGE('',*,*,#6573,.T.);
#7460=ORIENTED_EDGE('',*,*,#6597,.T.);
#7461=ORIENTED_EDGE('',*,*,#7434,.T.);
#7462=EDGE_LOOP('',(#7458,#7459,#7460,#7461));
#7463=FACE_OUTER_BOUND('',#7462,.F.);
#7464=ADVANCED_FACE('',(#7463),#7457,.T.);
#7465=CARTESIAN_POINT('',(1.9E0,4.7E-1,1.35E0));
#7466=DIRECTION('',(0.E0,-1.E0,0.E0));
#7467=DIRECTION('',(0.E0,0.E0,-1.E0));
#7468=AXIS2_PLACEMENT_3D('',#7465,#7466,#7467);
#7469=PLANE('',#7468);
#7471=ORIENTED_EDGE('',*,*,#7470,.T.);
#7472=ORIENTED_EDGE('',*,*,#3931,.F.);
#7473=ORIENTED_EDGE('',*,*,#4633,.F.);
#7475=ORIENTED_EDGE('',*,*,#7474,.T.);
#7476=EDGE_LOOP('',(#7471,#7472,#7473,#7475));
#7477=FACE_OUTER_BOUND('',#7476,.F.);
#7478=ADVANCED_FACE('',(#7477),#7469,.F.);
#7479=CARTESIAN_POINT('',(1.9E0,4.7E-1,1.35E0));
#7480=DIRECTION('',(0.E0,-1.E0,0.E0));
#7481=DIRECTION('',(0.E0,0.E0,-1.E0));
#7482=AXIS2_PLACEMENT_3D('',#7479,#7480,#7481);
#7483=PLANE('',#7482);
#7485=ORIENTED_EDGE('',*,*,#7484,.F.);
#7487=ORIENTED_EDGE('',*,*,#7486,.T.);
#7488=ORIENTED_EDGE('',*,*,#4689,.T.);
#7489=ORIENTED_EDGE('',*,*,#3927,.F.);
#7490=EDGE_LOOP('',(#7485,#7487,#7488,#7489));
#7491=FACE_OUTER_BOUND('',#7490,.F.);
#7492=ADVANCED_FACE('',(#7491),#7483,.F.);
#7493=CARTESIAN_POINT('',(-1.7E0,0.E0,8.E-1));
#7494=DIRECTION('',(1.E0,0.E0,0.E0));
#7495=DIRECTION('',(0.E0,0.E0,1.E0));
#7496=AXIS2_PLACEMENT_3D('',#7493,#7494,#7495);
#7497=PLANE('',#7496);
#7498=ORIENTED_EDGE('',*,*,#4076,.F.);
#7499=ORIENTED_EDGE('',*,*,#3933,.T.);
#7500=ORIENTED_EDGE('',*,*,#7470,.F.);
#7502=ORIENTED_EDGE('',*,*,#7501,.F.);
#7503=ORIENTED_EDGE('',*,*,#3863,.F.);
#7504=EDGE_LOOP('',(#7498,#7499,#7500,#7502,#7503));
#7505=FACE_OUTER_BOUND('',#7504,.F.);
#7506=ADVANCED_FACE('',(#7505),#7497,.F.);
#7507=CARTESIAN_POINT('',(1.9E0,5.2E-1,1.4E0));
#7508=DIRECTION('',(0.E0,-7.071067811865E-1,7.071067811865E-1));
#7509=DIRECTION('',(0.E0,-7.071067811865E-1,-7.071067811865E-1));
#7510=AXIS2_PLACEMENT_3D('',#7507,#7508,#7509);
#7511=PLANE('',#7510);
#7512=ORIENTED_EDGE('',*,*,#7501,.T.);
#7513=ORIENTED_EDGE('',*,*,#7474,.F.);
#7514=ORIENTED_EDGE('',*,*,#4631,.F.);
#7515=ORIENTED_EDGE('',*,*,#3865,.T.);
#7516=EDGE_LOOP('',(#7512,#7513,#7514,#7515));
#7517=FACE_OUTER_BOUND('',#7516,.F.);
#7518=ADVANCED_FACE('',(#7517),#7511,.F.);
#7519=CARTESIAN_POINT('',(1.9E0,5.2E-1,1.4E0));
#7520=DIRECTION('',(0.E0,-7.071067811865E-1,7.071067811865E-1));
#7521=DIRECTION('',(0.E0,-7.071067811865E-1,-7.071067811865E-1));
#7522=AXIS2_PLACEMENT_3D('',#7519,#7520,#7521);
#7523=PLANE('',#7522);
#7525=ORIENTED_EDGE('',*,*,#7524,.F.);
#7526=ORIENTED_EDGE('',*,*,#3882,.T.);
#7527=ORIENTED_EDGE('',*,*,#4691,.T.);
#7528=ORIENTED_EDGE('',*,*,#7486,.F.);
#7529=EDGE_LOOP('',(#7525,#7526,#7527,#7528));
#7530=FACE_OUTER_BOUND('',#7529,.F.);
#7531=ADVANCED_FACE('',(#7530),#7523,.F.);
#7532=CARTESIAN_POINT('',(1.7E0,0.E0,1.4E0));
#7533=DIRECTION('',(-1.E0,0.E0,0.E0));
#7534=DIRECTION('',(0.E0,0.E0,-1.E0));
#7535=AXIS2_PLACEMENT_3D('',#7532,#7533,#7534);
#7536=PLANE('',#7535);
#7537=ORIENTED_EDGE('',*,*,#4082,.F.);
#7538=ORIENTED_EDGE('',*,*,#3884,.T.);
#7539=ORIENTED_EDGE('',*,*,#7524,.T.);
#7540=ORIENTED_EDGE('',*,*,#7484,.T.);
#7541=ORIENTED_EDGE('',*,*,#3925,.F.);
#7542=EDGE_LOOP('',(#7537,#7538,#7539,#7540,#7541));
#7543=FACE_OUTER_BOUND('',#7542,.F.);
#7544=ADVANCED_FACE('',(#7543),#7536,.F.);
#7545=CARTESIAN_POINT('',(1.1E0,2.4E-1,2.35E0));
#7546=DIRECTION('',(0.E0,1.E0,0.E0));
#7547=DIRECTION('',(0.E0,0.E0,1.E0));
#7548=AXIS2_PLACEMENT_3D('',#7545,#7546,#7547);
#7549=PLANE('',#7548);
#7551=ORIENTED_EDGE('',*,*,#7550,.F.);
#7552=ORIENTED_EDGE('',*,*,#4127,.F.);
#7553=ORIENTED_EDGE('',*,*,#4575,.T.);
#7554=ORIENTED_EDGE('',*,*,#4457,.T.);
#7555=EDGE_LOOP('',(#7551,#7552,#7553,#7554));
#7556=FACE_OUTER_BOUND('',#7555,.F.);
#7557=ADVANCED_FACE('',(#7556),#7549,.F.);
#7558=CARTESIAN_POINT('',(1.E0,2.55E-1,2.835E0));
#7559=DIRECTION('',(0.E0,-7.071067811865E-1,7.071067811865E-1));
#7560=DIRECTION('',(-1.E0,0.E0,0.E0));
#7561=AXIS2_PLACEMENT_3D('',#7558,#7559,#7560);
#7562=PLANE('',#7561);
#7563=ORIENTED_EDGE('',*,*,#4359,.F.);
#7565=ORIENTED_EDGE('',*,*,#7564,.T.);
#7566=ORIENTED_EDGE('',*,*,#7550,.T.);
#7568=ORIENTED_EDGE('',*,*,#7567,.F.);
#7569=EDGE_LOOP('',(#7563,#7565,#7566,#7568));
#7570=FACE_OUTER_BOUND('',#7569,.F.);
#7571=ADVANCED_FACE('',(#7570),#7562,.T.);
#7572=CARTESIAN_POINT('',(1.115E0,1.7E-1,2.835E0));
#7573=DIRECTION('',(-7.071067811865E-1,0.E0,7.071067811866E-1));
#7574=DIRECTION('',(0.E0,-1.E0,0.E0));
#7575=AXIS2_PLACEMENT_3D('',#7572,#7573,#7574);
#7576=PLANE('',#7575);
#7577=ORIENTED_EDGE('',*,*,#4357,.F.);
#7578=ORIENTED_EDGE('',*,*,#4413,.T.);
#7579=ORIENTED_EDGE('',*,*,#4110,.T.);
#7580=ORIENTED_EDGE('',*,*,#7564,.F.);
#7581=EDGE_LOOP('',(#7577,#7578,#7579,#7580));
#7582=FACE_OUTER_BOUND('',#7581,.F.);
#7583=ADVANCED_FACE('',(#7582),#7576,.T.);
#7584=CARTESIAN_POINT('',(8.85E-1,1.7E-1,2.835E0));
#7585=DIRECTION('',(7.071067811865E-1,0.E0,7.071067811866E-1));
#7586=DIRECTION('',(0.E0,-1.E0,0.E0));
#7587=AXIS2_PLACEMENT_3D('',#7584,#7585,#7586);
#7588=PLANE('',#7587);
#7589=ORIENTED_EDGE('',*,*,#4361,.F.);
#7590=ORIENTED_EDGE('',*,*,#7567,.T.);
#7591=ORIENTED_EDGE('',*,*,#4455,.T.);
#7592=ORIENTED_EDGE('',*,*,#4416,.F.);
#7593=EDGE_LOOP('',(#7589,#7590,#7591,#7592));
#7594=FACE_OUTER_BOUND('',#7593,.F.);
#7595=ADVANCED_FACE('',(#7594),#7588,.T.);
#7596=CARTESIAN_POINT('',(1.1E0,1.E-1,1.35E0));
#7597=DIRECTION('',(0.E0,0.E0,1.E0));
#7598=DIRECTION('',(0.E0,-1.E0,0.E0));
#7599=AXIS2_PLACEMENT_3D('',#7596,#7597,#7598);
#7600=PLANE('',#7599);
#7601=ORIENTED_EDGE('',*,*,#4026,.T.);
#7602=ORIENTED_EDGE('',*,*,#4114,.F.);
#7603=ORIENTED_EDGE('',*,*,#4429,.T.);
#7604=ORIENTED_EDGE('',*,*,#4470,.T.);
#7605=EDGE_LOOP('',(#7601,#7602,#7603,#7604));
#7606=FACE_OUTER_BOUND('',#7605,.F.);
#7607=ADVANCED_FACE('',(#7606),#7600,.F.);
#7608=CLOSED_SHELL('',(#3623,#3645,#3660,#3789,#3806,#3820,#3834,#3853,#3876,
#3897,#3916,#3986,#4088,#4104,#4131,#4148,#4163,#4183,#4203,#4223,#4243,#4267,
#4293,#4308,#4405,#4420,#4434,#4449,#4475,#4492,#4505,#4518,#4531,#4616,#4645,
#4660,#4674,#4702,#4748,#4761,#4774,#4786,#4799,#4824,#4841,#4855,#4868,#4881,
#4893,#4918,#4935,#4949,#4963,#4976,#4989,#5002,#5014,#5026,#5039,#5052,#5064,
#5078,#5091,#5105,#5118,#5130,#5143,#5156,#5169,#5182,#5196,#5210,#5223,#5237,
#5250,#5263,#5277,#5290,#5302,#5315,#5327,#5341,#5355,#5369,#5384,#5398,#5423,
#5439,#5452,#5466,#5479,#5492,#5517,#5531,#5543,#5557,#5571,#5584,#5596,#5609,
#5622,#5634,#5647,#5660,#5672,#5684,#5697,#5709,#5723,#5737,#5751,#5766,#5780,
#5805,#5821,#5834,#5848,#5861,#5874,#5899,#5913,#5925,#5939,#5953,#5966,#5978,
#5991,#6004,#6016,#6029,#6042,#6054,#6066,#6079,#6091,#6105,#6119,#6133,#6148,
#6162,#6187,#6203,#6216,#6230,#6243,#6256,#6281,#6295,#6307,#6321,#6335,#6348,
#6360,#6373,#6386,#6398,#6411,#6424,#6436,#6448,#6461,#6473,#6489,#6502,#6515,
#6527,#6540,#6553,#6565,#6580,#6602,#6622,#6641,#6655,#6669,#6683,#6697,#6724,
#6740,#6756,#6771,#6786,#6801,#6818,#6842,#6856,#6870,#6883,#6896,#6913,#6930,
#6942,#6955,#6968,#6982,#6994,#7006,#7025,#7046,#7059,#7072,#7084,#7097,#7110,
#7122,#7138,#7151,#7168,#7182,#7198,#7210,#7223,#7236,#7249,#7261,#7273,#7294,
#7315,#7328,#7340,#7352,#7364,#7377,#7389,#7401,#7413,#7426,#7440,#7452,#7464,
#7478,#7492,#7506,#7518,#7531,#7544,#7557,#7571,#7583,#7595,#7607));
#7609=MANIFOLD_SOLID_BREP('',#7608);
#7610=(LENGTH_UNIT()NAMED_UNIT(*)SI_UNIT(.MILLI.,.METRE.));
#7611=DIMENSIONAL_EXPONENTS(0.E0,0.E0,0.E0,0.E0,0.E0,0.E0,0.E0);
#7612=(NAMED_UNIT(*)PLANE_ANGLE_UNIT()SI_UNIT($,.RADIAN.));
#7613=PLANE_ANGLE_MEASURE_WITH_UNIT(PLANE_ANGLE_MEASURE(1.745329251994E-2),
#7612);
#7614=(CONVERSION_BASED_UNIT('DEGREE',#7613)NAMED_UNIT(#7611)PLANE_ANGLE_UNIT(
));
#7615=(NAMED_UNIT(*)SI_UNIT($,.STERADIAN.)SOLID_ANGLE_UNIT());
#7616=UNCERTAINTY_MEASURE_WITH_UNIT(LENGTH_MEASURE(5.197329977135E-4),#7610,
'closure',
'Maximum model space distance between geometric entities at asserted connectivities');
#7617=(GEOMETRIC_REPRESENTATION_CONTEXT(3)GLOBAL_UNCERTAINTY_ASSIGNED_CONTEXT((
#7616))GLOBAL_UNIT_ASSIGNED_CONTEXT((#7610,#7614,#7615))REPRESENTATION_CONTEXT(
'ID1','3'));
#7618=CARTESIAN_POINT('',(0.E0,0.E0,0.E0));
#7619=DIRECTION('',(0.E0,0.E0,1.E0));
#7620=DIRECTION('',(1.E0,0.E0,0.E0));
#7623=APPLICATION_CONTEXT(
'CONFIGURATION CONTROLLED 3D DESIGNS OF MECHANICAL PARTS AND ASSEMBLIES');
#7624=APPLICATION_PROTOCOL_DEFINITION('international standard',
'config_control_design',1994,#7623);
#7625=DESIGN_CONTEXT('',#7623,'design');
#7626=MECHANICAL_CONTEXT('',#7623,'mechanical');
#7627=PRODUCT('HSG_U5P','HSG_U5P','NOT SPECIFIED',(#7626));
#7628=PRODUCT_DEFINITION_FORMATION_WITH_SPECIFIED_SOURCE('10','LAST_VERSION',
#7627,.MADE.);
#7637=CARTESIAN_POINT('',(0.E0,0.E0,0.E0));
#7638=DIRECTION('',(0.E0,0.E0,1.E0));
#7639=DIRECTION('',(1.E0,0.E0,0.E0));
#7640=AXIS2_PLACEMENT_3D('',#7637,#7638,#7639);
#7641=ITEM_DEFINED_TRANSFORMATION('','',#7621,#7640);
#7642=(REPRESENTATION_RELATIONSHIP('','',#7622,#7634)REPRESENTATION_RELATIONSHIP_WITH_TRANSFORMATION(#7641)SHAPE_REPRESENTATION_RELATIONSHIP());
#7643=CONTEXT_DEPENDENT_SHAPE_REPRESENTATION(#7642,#7636);
#7645=DIRECTION('',(0.E0,-1.E0,0.E0));
#7646=VECTOR('',#7645,1.5E-1);
#7647=CARTESIAN_POINT('',(4.E-1,1.3E-1,-7.5E-2));
#7648=LINE('',#7647,#7646);
#7649=DIRECTION('',(-1.E0,0.E0,0.E0));
#7650=VECTOR('',#7649,4.E-1);
#7651=CARTESIAN_POINT('',(4.E-1,1.3E-1,-7.5E-2));
#7652=LINE('',#7651,#7650);
#7653=DIRECTION('',(0.E0,1.E0,0.E0));
#7654=VECTOR('',#7653,2.6E-1);
#7655=CARTESIAN_POINT('',(0.E0,1.3E-1,-7.5E-2));
#7656=LINE('',#7655,#7654);
#7657=DIRECTION('',(1.E0,0.E0,0.E0));
#7658=VECTOR('',#7657,5.E-2);
#7659=CARTESIAN_POINT('',(0.E0,3.9E-1,-7.5E-2));
#7660=LINE('',#7659,#7658);
#7661=DIRECTION('',(0.E0,1.E0,0.E0));
#7662=VECTOR('',#7661,1.5E-1);
#7663=CARTESIAN_POINT('',(5.E-2,3.9E-1,-7.5E-2));
#7664=LINE('',#7663,#7662);
#7665=DIRECTION('',(-1.E0,0.E0,0.E0));
#7666=VECTOR('',#7665,1.84E0);
#7667=CARTESIAN_POINT('',(5.E-2,5.4E-1,-7.5E-2));
#7668=LINE('',#7667,#7666);
#7669=CARTESIAN_POINT('',(-1.79E0,5.7E-1,-7.5E-2));
#7670=DIRECTION('',(0.E0,0.E0,-1.E0));
#7671=DIRECTION('',(0.E0,-1.E0,0.E0));
#7672=AXIS2_PLACEMENT_3D('',#7669,#7670,#7671);
#7674=DIRECTION('',(0.E0,1.E0,0.E0));
#7675=VECTOR('',#7674,4.E-2);
#7676=CARTESIAN_POINT('',(-1.82E0,5.7E-1,-7.5E-2));
#7677=LINE('',#7676,#7675);
#7678=CARTESIAN_POINT('',(-1.85E0,6.1E-1,-7.5E-2));
#7679=DIRECTION('',(0.E0,0.E0,1.E0));
#7680=DIRECTION('',(1.E0,0.E0,0.E0));
#7681=AXIS2_PLACEMENT_3D('',#7678,#7679,#7680);
#7683=DIRECTION('',(-1.E0,0.E0,0.E0));
#7684=VECTOR('',#7683,2.5E-1);
#7685=CARTESIAN_POINT('',(-1.85E0,6.4E-1,-7.5E-2));
#7686=LINE('',#7685,#7684);
#7687=DIRECTION('',(-9.968152785361E-1,-7.974522228289E-2,0.E0));
#7688=VECTOR('',#7687,4.012779585275E-1);
#7689=CARTESIAN_POINT('',(-2.1E0,6.4E-1,-7.5E-2));
#7690=LINE('',#7689,#7688);
#7691=DIRECTION('',(0.E0,1.E0,0.E0));
#7692=VECTOR('',#7691,7.8E-2);
#7693=CARTESIAN_POINT('',(-2.5E0,5.3E-1,-7.5E-2));
#7694=LINE('',#7693,#7692);
#7695=DIRECTION('',(1.E0,0.E0,0.E0));
#7696=VECTOR('',#7695,4.671832419091E-1);
#7697=CARTESIAN_POINT('',(-2.5E0,5.3E-1,-7.5E-2));
#7698=LINE('',#7697,#7696);
#7699=CARTESIAN_POINT('',(-2.032816758091E0,4.5E-1,-7.5E-2));
#7700=DIRECTION('',(0.E0,0.E0,-1.E0));
#7701=DIRECTION('',(0.E0,1.E0,0.E0));
#7702=AXIS2_PLACEMENT_3D('',#7699,#7700,#7701);
#7704=DIRECTION('',(2.588190451025E-1,-9.659258262891E-1,0.E0));
#7705=VECTOR('',#7704,2.211831074899E-1);
#7706=CARTESIAN_POINT('',(-1.955542691988E0,4.707055236082E-1,-7.5E-2));
#7707=LINE('',#7706,#7705);
#7708=CARTESIAN_POINT('',(-1.85E0,2.7E-1,-7.5E-2));
#7709=DIRECTION('',(0.E0,0.E0,1.E0));
#7710=DIRECTION('',(-9.659258262891E-1,-2.588190451025E-1,0.E0));
#7711=AXIS2_PLACEMENT_3D('',#7708,#7709,#7710);
#7713=DIRECTION('',(5.E-1,8.660254037844E-1,0.E0));
#7714=VECTOR('',#7713,1.096965511460E-1);
#7715=CARTESIAN_POINT('',(-1.806698729811E0,2.45E-1,-7.5E-2));
#7716=LINE('',#7715,#7714);
#7717=CARTESIAN_POINT('',(-1.665247913859E0,2.9E-1,-7.5E-2));
#7718=DIRECTION('',(0.E0,0.E0,-1.E0));
#7719=DIRECTION('',(-8.660254037844E-1,5.E-1,0.E0));
#7720=AXIS2_PLACEMENT_3D('',#7717,#7718,#7719);
#7722=DIRECTION('',(1.E0,0.E0,0.E0));
#7723=VECTOR('',#7722,9.152479138593E-1);
#7724=CARTESIAN_POINT('',(-1.665247913859E0,3.9E-1,-7.5E-2));
#7725=LINE('',#7724,#7723);
#7726=DIRECTION('',(8.944271909999E-1,-4.472135955E-1,0.E0));
#7727=VECTOR('',#7726,1.118033988750E-1);
#7728=CARTESIAN_POINT('',(-7.5E-1,3.9E-1,-7.5E-2));
#7729=LINE('',#7728,#7727);
#7730=DIRECTION('',(1.E0,0.E0,0.E0));
#7731=VECTOR('',#7730,2.6E-1);
#7732=CARTESIAN_POINT('',(-6.5E-1,3.4E-1,-7.5E-2));
#7733=LINE('',#7732,#7731);
#7734=DIRECTION('',(0.E0,-1.E0,0.E0));
#7735=VECTOR('',#7734,7.E-2);
#7736=CARTESIAN_POINT('',(-2.9E-1,2.4E-1,-7.5E-2));
#7737=LINE('',#7736,#7735);
#7738=DIRECTION('',(-1.E0,0.E0,0.E0));
#7739=VECTOR('',#7738,3.1E-1);
#7740=CARTESIAN_POINT('',(-3.4E-1,1.2E-1,-7.5E-2));
#7741=LINE('',#7740,#7739);
#7742=DIRECTION('',(0.E0,1.E0,0.E0));
#7743=VECTOR('',#7742,4.5E-2);
#7744=CARTESIAN_POINT('',(-6.5E-1,1.2E-1,-7.5E-2));
#7745=LINE('',#7744,#7743);
#7746=DIRECTION('',(-9.578262852212E-1,-2.873478855663E-1,0.E0));
#7747=VECTOR('',#7746,1.566045976337E-1);
#7748=CARTESIAN_POINT('',(-6.5E-1,1.65E-1,-7.5E-2));
#7749=LINE('',#7748,#7747);
#7750=DIRECTION('',(-1.E0,0.E0,0.E0));
#7751=VECTOR('',#7750,1.15E0);
#7752=CARTESIAN_POINT('',(-8.E-1,1.2E-1,-7.5E-2));
#7753=LINE('',#7752,#7751);
#7754=DIRECTION('',(-9.061831399953E-1,-4.228854653311E-1,0.E0));
#7755=VECTOR('',#7754,5.517648452416E-2);
#7756=CARTESIAN_POINT('',(-1.95E0,1.2E-1,-7.5E-2));
#7757=LINE('',#7756,#7755);
#7758=DIRECTION('',(0.E0,-1.E0,0.E0));
#7759=VECTOR('',#7758,9.666666666667E-2);
#7760=CARTESIAN_POINT('',(-2.E0,9.666666666667E-2,-7.5E-2));
#7761=LINE('',#7760,#7759);
#7762=DIRECTION('',(1.E0,0.E0,0.E0));
#7763=VECTOR('',#7762,1.85E0);
#7764=CARTESIAN_POINT('',(-2.E0,0.E0,-7.5E-2));
#7765=LINE('',#7764,#7763);
#7766=DIRECTION('',(7.808688094430E-1,-6.246950475544E-1,0.E0));
#7767=VECTOR('',#7766,1.920937271230E-1);
#7768=CARTESIAN_POINT('',(-1.5E-1,0.E0,-7.5E-2));
#7769=LINE('',#7768,#7767);
#7770=DIRECTION('',(1.E0,0.E0,0.E0));
#7771=VECTOR('',#7770,3.E-1);
#7772=CARTESIAN_POINT('',(0.E0,-1.2E-1,-7.5E-2));
#7773=LINE('',#7772,#7771);
#7774=CARTESIAN_POINT('',(3.E-1,-2.E-2,-7.5E-2));
#7775=DIRECTION('',(0.E0,0.E0,1.E0));
#7776=DIRECTION('',(0.E0,-1.E0,0.E0));
#7777=AXIS2_PLACEMENT_3D('',#7774,#7775,#7776);
#7779=DIRECTION('',(0.E0,0.E0,-1.E0));
#7780=VECTOR('',#7779,1.5E-1);
#7781=CARTESIAN_POINT('',(4.E-1,-2.E-2,7.5E-2));
#7782=LINE('',#7781,#7780);
#7783=DIRECTION('',(0.E0,0.E0,1.E0));
#7784=VECTOR('',#7783,1.5E-1);
#7785=CARTESIAN_POINT('',(3.E-1,-1.2E-1,-7.5E-2));
#7786=LINE('',#7785,#7784);
#7787=DIRECTION('',(0.E0,0.E0,1.E0));
#7788=VECTOR('',#7787,1.5E-1);
#7789=CARTESIAN_POINT('',(0.E0,-1.2E-1,-7.5E-2));
#7790=LINE('',#7789,#7788);
#7791=DIRECTION('',(0.E0,0.E0,1.E0));
#7792=VECTOR('',#7791,1.5E-1);
#7793=CARTESIAN_POINT('',(-1.5E-1,0.E0,-7.5E-2));
#7794=LINE('',#7793,#7792);
#7795=DIRECTION('',(8.944271909999E-1,0.E0,-4.472135955E-1));
#7796=VECTOR('',#7795,7.826237921249E-2);
#7797=CARTESIAN_POINT('',(-2.07E0,0.E0,-4.E-2));
#7798=LINE('',#7797,#7796);
#7799=DIRECTION('',(0.E0,0.E0,1.E0));
#7800=VECTOR('',#7799,1.15E-1);
#7801=CARTESIAN_POINT('',(-2.07E0,0.E0,-4.E-2));
#7802=LINE('',#7801,#7800);
#7803=DIRECTION('',(-8.254102276481E-1,-3.851914395691E-1,4.127051138241E-1));
#7804=VECTOR('',#7803,1.211518789692E-1);
#7805=CARTESIAN_POINT('',(-2.E0,9.666666666667E-2,-7.5E-2));
#7806=LINE('',#7805,#7804);
#7807=DIRECTION('',(0.E0,0.E0,1.E0));
#7808=VECTOR('',#7807,1.5E-1);
#7809=CARTESIAN_POINT('',(-1.95E0,1.2E-1,-7.5E-2));
#7810=LINE('',#7809,#7808);
#7811=DIRECTION('',(0.E0,0.E0,1.E0));
#7812=VECTOR('',#7811,1.5E-1);
#7813=CARTESIAN_POINT('',(-8.E-1,1.2E-1,-7.5E-2));
#7814=LINE('',#7813,#7812);
#7815=DIRECTION('',(0.E0,0.E0,1.E0));
#7816=VECTOR('',#7815,1.5E-1);
#7817=CARTESIAN_POINT('',(-6.5E-1,1.65E-1,-7.5E-2));
#7818=LINE('',#7817,#7816);
#7819=DIRECTION('',(0.E0,0.E0,1.E0));
#7820=VECTOR('',#7819,1.5E-1);
#7821=CARTESIAN_POINT('',(-6.5E-1,1.2E-1,-7.5E-2));
#7822=LINE('',#7821,#7820);
#7823=DIRECTION('',(0.E0,0.E0,1.E0));
#7824=VECTOR('',#7823,1.5E-1);
#7825=CARTESIAN_POINT('',(-3.4E-1,1.2E-1,-7.5E-2));
#7826=LINE('',#7825,#7824);
#7827=CARTESIAN_POINT('',(-3.4E-1,1.7E-1,-7.5E-2));
#7828=DIRECTION('',(0.E0,0.E0,1.E0));
#7829=DIRECTION('',(0.E0,-1.E0,0.E0));
#7830=AXIS2_PLACEMENT_3D('',#7827,#7828,#7829);
#7832=CARTESIAN_POINT('',(-3.4E-1,1.7E-1,7.5E-2));
#7833=DIRECTION('',(0.E0,0.E0,-1.E0));
#7834=DIRECTION('',(1.E0,0.E0,0.E0));
#7835=AXIS2_PLACEMENT_3D('',#7832,#7833,#7834);
#7837=DIRECTION('',(0.E0,0.E0,1.E0));
#7838=VECTOR('',#7837,1.5E-1);
#7839=CARTESIAN_POINT('',(-2.9E-1,2.4E-1,-7.5E-2));
#7840=LINE('',#7839,#7838);
#7841=DIRECTION('',(0.E0,0.E0,1.E0));
#7842=VECTOR('',#7841,1.5E-1);
#7843=CARTESIAN_POINT('',(-2.9E-1,1.7E-1,-7.5E-2));
#7844=LINE('',#7843,#7842);
#7845=CARTESIAN_POINT('',(-3.9E-1,2.4E-1,-7.5E-2));
#7846=DIRECTION('',(0.E0,0.E0,1.E0));
#7847=DIRECTION('',(1.E0,0.E0,0.E0));
#7848=AXIS2_PLACEMENT_3D('',#7845,#7846,#7847);
#7850=CARTESIAN_POINT('',(-3.9E-1,2.4E-1,7.5E-2));
#7851=DIRECTION('',(0.E0,0.E0,-1.E0));
#7852=DIRECTION('',(0.E0,1.E0,0.E0));
#7853=AXIS2_PLACEMENT_3D('',#7850,#7851,#7852);
#7855=DIRECTION('',(0.E0,0.E0,1.E0));
#7856=VECTOR('',#7855,1.5E-1);
#7857=CARTESIAN_POINT('',(-3.9E-1,3.4E-1,-7.5E-2));
#7858=LINE('',#7857,#7856);
#7859=DIRECTION('',(0.E0,0.E0,1.E0));
#7860=VECTOR('',#7859,1.5E-1);
#7861=CARTESIAN_POINT('',(-6.5E-1,3.4E-1,-7.5E-2));
#7862=LINE('',#7861,#7860);
#7863=DIRECTION('',(0.E0,0.E0,1.E0));
#7864=VECTOR('',#7863,1.5E-1);
#7865=CARTESIAN_POINT('',(-7.5E-1,3.9E-1,-7.5E-2));
#7866=LINE('',#7865,#7864);
#7867=DIRECTION('',(0.E0,0.E0,1.E0));
#7868=VECTOR('',#7867,1.5E-1);
#7869=CARTESIAN_POINT('',(-1.665247913859E0,3.9E-1,-7.5E-2));
#7870=LINE('',#7869,#7868);
#7871=DIRECTION('',(0.E0,0.E0,1.E0));
#7872=VECTOR('',#7871,1.5E-1);
#7873=CARTESIAN_POINT('',(-1.751850454238E0,3.4E-1,-7.5E-2));
#7874=LINE('',#7873,#7872);
#7875=DIRECTION('',(0.E0,0.E0,1.E0));
#7876=VECTOR('',#7875,1.5E-1);
#7877=CARTESIAN_POINT('',(-1.806698729811E0,2.45E-1,-7.5E-2));
#7878=LINE('',#7877,#7876);
#7879=DIRECTION('',(0.E0,0.E0,1.E0));
#7880=VECTOR('',#7879,1.5E-1);
#7881=CARTESIAN_POINT('',(-1.898296291314E0,2.570590477449E-1,-7.5E-2));
#7882=LINE('',#7881,#7880);
#7883=DIRECTION('',(0.E0,0.E0,1.E0));
#7884=VECTOR('',#7883,1.5E-1);
#7885=CARTESIAN_POINT('',(-1.955542691988E0,4.707055236082E-1,-7.5E-2));
#7886=LINE('',#7885,#7884);
#7887=DIRECTION('',(0.E0,0.E0,1.E0));
#7888=VECTOR('',#7887,1.5E-1);
#7889=CARTESIAN_POINT('',(-2.032816758091E0,5.3E-1,-7.5E-2));
#7890=LINE('',#7889,#7888);
#7891=DIRECTION('',(8.944271909999E-1,1.241267076624E-14,-4.472135955E-1));
#7892=VECTOR('',#7891,8.944271909999E-3);
#7893=CARTESIAN_POINT('',(-2.508E0,5.3E-1,-7.1E-2));
#7894=LINE('',#7893,#7892);
#7895=DIRECTION('',(0.E0,0.E0,1.E0));
#7896=VECTOR('',#7895,1.46E-1);
#7897=CARTESIAN_POINT('',(-2.508E0,5.3E-1,-7.1E-2));
#7898=LINE('',#7897,#7896);
#7899=DIRECTION('',(8.921462126203E-1,7.137169700963E-2,-4.460731063102E-1));
#7900=VECTOR('',#7899,1.120892501536E-1);
#7901=CARTESIAN_POINT('',(-2.6E0,6.E-1,-2.5E-2));
#7902=LINE('',#7901,#7900);
#7903=DIRECTION('',(0.E0,0.E0,1.E0));
#7904=VECTOR('',#7903,1.5E-1);
#7905=CARTESIAN_POINT('',(-2.1E0,6.4E-1,-7.5E-2));
#7906=LINE('',#7905,#7904);
#7907=DIRECTION('',(0.E0,0.E0,1.E0));
#7908=VECTOR('',#7907,1.5E-1);
#7909=CARTESIAN_POINT('',(-1.85E0,6.4E-1,-7.5E-2));
#7910=LINE('',#7909,#7908);
#7911=DIRECTION('',(0.E0,0.E0,1.E0));
#7912=VECTOR('',#7911,1.5E-1);
#7913=CARTESIAN_POINT('',(-1.82E0,6.1E-1,-7.5E-2));
#7914=LINE('',#7913,#7912);
#7915=DIRECTION('',(0.E0,0.E0,1.E0));
#7916=VECTOR('',#7915,1.5E-1);
#7917=CARTESIAN_POINT('',(-1.82E0,5.7E-1,-7.5E-2));
#7918=LINE('',#7917,#7916);
#7919=DIRECTION('',(0.E0,0.E0,1.E0));
#7920=VECTOR('',#7919,1.5E-1);
#7921=CARTESIAN_POINT('',(-1.79E0,5.4E-1,-7.5E-2));
#7922=LINE('',#7921,#7920);
#7923=DIRECTION('',(0.E0,0.E0,1.E0));
#7924=VECTOR('',#7923,1.5E-1);
#7925=CARTESIAN_POINT('',(5.E-2,5.4E-1,-7.5E-2));
#7926=LINE('',#7925,#7924);
#7927=DIRECTION('',(0.E0,0.E0,1.E0));
#7928=VECTOR('',#7927,1.5E-1);
#7929=CARTESIAN_POINT('',(5.E-2,3.9E-1,-7.5E-2));
#7930=LINE('',#7929,#7928);
#7931=DIRECTION('',(0.E0,0.E0,1.E0));
#7932=VECTOR('',#7931,1.5E-1);
#7933=CARTESIAN_POINT('',(0.E0,3.9E-1,-7.5E-2));
#7934=LINE('',#7933,#7932);
#7935=DIRECTION('',(0.E0,0.E0,1.E0));
#7936=VECTOR('',#7935,1.5E-1);
#7937=CARTESIAN_POINT('',(0.E0,1.3E-1,-7.5E-2));
#7938=LINE('',#7937,#7936);
#7939=DIRECTION('',(0.E0,0.E0,1.E0));
#7940=VECTOR('',#7939,1.5E-1);
#7941=CARTESIAN_POINT('',(4.E-1,1.3E-1,-7.5E-2));
#7942=LINE('',#7941,#7940);
#7943=DIRECTION('',(0.E0,-1.E0,0.E0));
#7944=VECTOR('',#7943,1.5E-1);
#7945=CARTESIAN_POINT('',(4.E-1,1.3E-1,7.5E-2));
#7946=LINE('',#7945,#7944);
#7947=CARTESIAN_POINT('',(3.E-1,-2.E-2,7.5E-2));
#7948=DIRECTION('',(0.E0,0.E0,1.E0));
#7949=DIRECTION('',(0.E0,-1.E0,0.E0));
#7950=AXIS2_PLACEMENT_3D('',#7947,#7948,#7949);
#7952=DIRECTION('',(1.E0,0.E0,0.E0));
#7953=VECTOR('',#7952,3.E-1);
#7954=CARTESIAN_POINT('',(0.E0,-1.2E-1,7.5E-2));
#7955=LINE('',#7954,#7953);
#7956=DIRECTION('',(7.808688094430E-1,-6.246950475544E-1,0.E0));
#7957=VECTOR('',#7956,1.920937271230E-1);
#7958=CARTESIAN_POINT('',(-1.5E-1,0.E0,7.5E-2));
#7959=LINE('',#7958,#7957);
#7960=DIRECTION('',(1.E0,0.E0,0.E0));
#7961=VECTOR('',#7960,1.92E0);
#7962=CARTESIAN_POINT('',(-2.07E0,0.E0,7.5E-2));
#7963=LINE('',#7962,#7961);
#7964=CARTESIAN_POINT('',(-2.07E0,3.E-2,7.5E-2));
#7965=DIRECTION('',(0.E0,0.E0,1.E0));
#7966=DIRECTION('',(-1.E0,0.E0,0.E0));
#7967=AXIS2_PLACEMENT_3D('',#7964,#7965,#7966);
#7969=DIRECTION('',(0.E0,-1.E0,0.E0));
#7970=VECTOR('',#7969,2.E-2);
#7971=CARTESIAN_POINT('',(-2.1E0,5.E-2,7.5E-2));
#7972=LINE('',#7971,#7970);
#7973=DIRECTION('',(-9.061831399953E-1,-4.228854653311E-1,0.E0));
#7974=VECTOR('',#7973,1.655294535725E-1);
#7975=CARTESIAN_POINT('',(-1.95E0,1.2E-1,7.5E-2));
#7976=LINE('',#7975,#7974);
#7977=DIRECTION('',(-1.E0,0.E0,0.E0));
#7978=VECTOR('',#7977,1.15E0);
#7979=CARTESIAN_POINT('',(-8.E-1,1.2E-1,7.5E-2));
#7980=LINE('',#7979,#7978);
#7981=DIRECTION('',(-9.578262852212E-1,-2.873478855663E-1,0.E0));
#7982=VECTOR('',#7981,1.566045976337E-1);
#7983=CARTESIAN_POINT('',(-6.5E-1,1.65E-1,7.5E-2));
#7984=LINE('',#7983,#7982);
#7985=DIRECTION('',(0.E0,1.E0,0.E0));
#7986=VECTOR('',#7985,4.5E-2);
#7987=CARTESIAN_POINT('',(-6.5E-1,1.2E-1,7.5E-2));
#7988=LINE('',#7987,#7986);
#7989=DIRECTION('',(-1.E0,0.E0,0.E0));
#7990=VECTOR('',#7989,3.1E-1);
#7991=CARTESIAN_POINT('',(-3.4E-1,1.2E-1,7.5E-2));
#7992=LINE('',#7991,#7990);
#7993=DIRECTION('',(0.E0,-1.E0,0.E0));
#7994=VECTOR('',#7993,7.E-2);
#7995=CARTESIAN_POINT('',(-2.9E-1,2.4E-1,7.5E-2));
#7996=LINE('',#7995,#7994);
#7997=DIRECTION('',(1.E0,0.E0,0.E0));
#7998=VECTOR('',#7997,2.6E-1);
#7999=CARTESIAN_POINT('',(-6.5E-1,3.4E-1,7.5E-2));
#8000=LINE('',#7999,#7998);
#8001=DIRECTION('',(8.944271909999E-1,-4.472135955E-1,0.E0));
#8002=VECTOR('',#8001,1.118033988750E-1);
#8003=CARTESIAN_POINT('',(-7.5E-1,3.9E-1,7.5E-2));
#8004=LINE('',#8003,#8002);
#8005=DIRECTION('',(1.E0,0.E0,0.E0));
#8006=VECTOR('',#8005,9.152479138593E-1);
#8007=CARTESIAN_POINT('',(-1.665247913859E0,3.9E-1,7.5E-2));
#8008=LINE('',#8007,#8006);
#8009=CARTESIAN_POINT('',(-1.665247913859E0,2.9E-1,7.5E-2));
#8010=DIRECTION('',(0.E0,0.E0,-1.E0));
#8011=DIRECTION('',(-8.660254037844E-1,5.E-1,0.E0));
#8012=AXIS2_PLACEMENT_3D('',#8009,#8010,#8011);
#8014=DIRECTION('',(5.E-1,8.660254037844E-1,0.E0));
#8015=VECTOR('',#8014,1.096965511460E-1);
#8016=CARTESIAN_POINT('',(-1.806698729811E0,2.45E-1,7.5E-2));
#8017=LINE('',#8016,#8015);
#8018=CARTESIAN_POINT('',(-1.85E0,2.7E-1,7.5E-2));
#8019=DIRECTION('',(0.E0,0.E0,1.E0));
#8020=DIRECTION('',(-9.659258262891E-1,-2.588190451025E-1,0.E0));
#8021=AXIS2_PLACEMENT_3D('',#8018,#8019,#8020);
#8023=DIRECTION('',(2.588190451025E-1,-9.659258262891E-1,0.E0));
#8024=VECTOR('',#8023,2.211831074899E-1);
#8025=CARTESIAN_POINT('',(-1.955542691988E0,4.707055236082E-1,7.5E-2));
#8026=LINE('',#8025,#8024);
#8027=CARTESIAN_POINT('',(-2.032816758091E0,4.5E-1,7.5E-2));
#8028=DIRECTION('',(0.E0,0.E0,-1.E0));
#8029=DIRECTION('',(0.E0,1.E0,0.E0));
#8030=AXIS2_PLACEMENT_3D('',#8027,#8028,#8029);
#8032=DIRECTION('',(1.E0,0.E0,0.E0));
#8033=VECTOR('',#8032,4.751832419091E-1);
#8034=CARTESIAN_POINT('',(-2.508E0,5.3E-1,7.5E-2));
#8035=LINE('',#8034,#8033);
#8036=DIRECTION('',(8.786245095725E-1,-4.775133204199E-1,0.E0));
#8037=VECTOR('',#8036,1.047091209017E-1);
#8038=CARTESIAN_POINT('',(-2.6E0,5.8E-1,7.5E-2));
#8039=LINE('',#8038,#8037);
#8040=DIRECTION('',(0.E0,-1.E0,0.E0));
#8041=VECTOR('',#8040,2.E-2);
#8042=CARTESIAN_POINT('',(-2.6E0,6.E-1,7.5E-2));
#8043=LINE('',#8042,#8041);
#8044=DIRECTION('',(-9.968152785361E-1,-7.974522228289E-2,0.E0));
#8045=VECTOR('',#8044,5.015974481594E-1);
#8046=CARTESIAN_POINT('',(-2.1E0,6.4E-1,7.5E-2));
#8047=LINE('',#8046,#8045);
#8048=DIRECTION('',(-1.E0,0.E0,0.E0));
#8049=VECTOR('',#8048,2.5E-1);
#8050=CARTESIAN_POINT('',(-1.85E0,6.4E-1,7.5E-2));
#8051=LINE('',#8050,#8049);
#8052=CARTESIAN_POINT('',(-1.85E0,6.1E-1,7.5E-2));
#8053=DIRECTION('',(0.E0,0.E0,1.E0));
#8054=DIRECTION('',(1.E0,0.E0,0.E0));
#8055=AXIS2_PLACEMENT_3D('',#8052,#8053,#8054);
#8057=DIRECTION('',(0.E0,1.E0,0.E0));
#8058=VECTOR('',#8057,4.E-2);
#8059=CARTESIAN_POINT('',(-1.82E0,5.7E-1,7.5E-2));
#8060=LINE('',#8059,#8058);
#8061=CARTESIAN_POINT('',(-1.79E0,5.7E-1,7.5E-2));
#8062=DIRECTION('',(0.E0,0.E0,-1.E0));
#8063=DIRECTION('',(0.E0,-1.E0,0.E0));
#8064=AXIS2_PLACEMENT_3D('',#8061,#8062,#8063);
#8066=DIRECTION('',(-1.E0,0.E0,0.E0));
#8067=VECTOR('',#8066,1.84E0);
#8068=CARTESIAN_POINT('',(5.E-2,5.4E-1,7.5E-2));
#8069=LINE('',#8068,#8067);
#8070=DIRECTION('',(0.E0,1.E0,0.E0));
#8071=VECTOR('',#8070,1.5E-1);
#8072=CARTESIAN_POINT('',(5.E-2,3.9E-1,7.5E-2));
#8073=LINE('',#8072,#8071);
#8074=DIRECTION('',(1.E0,0.E0,0.E0));
#8075=VECTOR('',#8074,5.E-2);
#8076=CARTESIAN_POINT('',(0.E0,3.9E-1,7.5E-2));
#8077=LINE('',#8076,#8075);
#8078=DIRECTION('',(0.E0,1.E0,0.E0));
#8079=VECTOR('',#8078,2.6E-1);
#8080=CARTESIAN_POINT('',(0.E0,1.3E-1,7.5E-2));
#8081=LINE('',#8080,#8079);
#8082=DIRECTION('',(-1.E0,0.E0,0.E0));
#8083=VECTOR('',#8082,4.E-1);
#8084=CARTESIAN_POINT('',(4.E-1,1.3E-1,7.5E-2));
#8085=LINE('',#8084,#8083);
#8086=CARTESIAN_POINT('',(-2.1E0,3.E-2,-2.5E-2));
#8087=CARTESIAN_POINT('',(-2.1E0,2.470491502812E-2,-2.5E-2));
#8088=CARTESIAN_POINT('',(-2.097638855602E0,1.675458477368E-2,
-2.618057219900E-2));
#8089=CARTESIAN_POINT('',(-2.091281229081E0,7.977372395764E-3,
-2.935938545925E-2));
#8090=CARTESIAN_POINT('',(-2.082421952399E0,1.997089926357E-3,
-3.378902380025E-2));
#8091=CARTESIAN_POINT('',(-2.074736067977E0,0.E0,-3.763196601125E-2));
#8092=CARTESIAN_POINT('',(-2.07E0,0.E0,-4.E-2));
#8094=DIRECTION('',(0.E0,0.E0,1.E0));
#8095=VECTOR('',#8094,1.E-1);
#8096=CARTESIAN_POINT('',(-2.1E0,3.E-2,-2.5E-2));
#8097=LINE('',#8096,#8095);
#8098=DIRECTION('',(0.E0,-1.E0,0.E0));
#8099=VECTOR('',#8098,2.E-2);
#8100=CARTESIAN_POINT('',(-2.1E0,5.E-2,-2.5E-2));
#8101=LINE('',#8100,#8099);
#8102=DIRECTION('',(0.E0,0.E0,1.E0));
#8103=VECTOR('',#8102,1.E-1);
#8104=CARTESIAN_POINT('',(-2.1E0,5.E-2,-2.5E-2));
#8105=LINE('',#8104,#8103);
#8106=DIRECTION('',(8.044220293001E-1,-4.371858854892E-1,-4.022110146500E-1));
#8107=VECTOR('',#8106,1.143678276440E-1);
#8108=CARTESIAN_POINT('',(-2.6E0,5.8E-1,-2.5E-2));
#8109=LINE('',#8108,#8107);
#8110=DIRECTION('',(0.E0,0.E0,1.E0));
#8111=VECTOR('',#8110,1.E-1);
#8112=CARTESIAN_POINT('',(-2.6E0,5.8E-1,-2.5E-2));
#8113=LINE('',#8112,#8111);
#8114=DIRECTION('',(0.E0,-1.E0,0.E0));
#8115=VECTOR('',#8114,2.E-2);
#8116=CARTESIAN_POINT('',(-2.6E0,6.E-1,-2.5E-2));
#8117=LINE('',#8116,#8115);
#8118=DIRECTION('',(0.E0,0.E0,1.E0));
#8119=VECTOR('',#8118,1.E-1);
#8120=CARTESIAN_POINT('',(-2.6E0,6.E-1,-2.5E-2));
#8121=LINE('',#8120,#8119);
#8122=CARTESIAN_POINT('',(0.E0,3.9E-1,-7.5E-2));
#8123=CARTESIAN_POINT('',(5.E-2,3.9E-1,-7.5E-2));
#8124=VERTEX_POINT('',#8122);
#8125=VERTEX_POINT('',#8123);
#8126=CARTESIAN_POINT('',(5.E-2,5.4E-1,-7.5E-2));
#8127=VERTEX_POINT('',#8126);
#8128=CARTESIAN_POINT('',(-1.79E0,5.4E-1,-7.5E-2));
#8129=VERTEX_POINT('',#8128);
#8130=CARTESIAN_POINT('',(-1.82E0,5.7E-1,-7.5E-2));
#8131=VERTEX_POINT('',#8130);
#8132=CARTESIAN_POINT('',(-1.82E0,6.1E-1,-7.5E-2));
#8133=VERTEX_POINT('',#8132);
#8134=CARTESIAN_POINT('',(-1.85E0,6.4E-1,-7.5E-2));
#8135=VERTEX_POINT('',#8134);
#8136=CARTESIAN_POINT('',(-2.1E0,6.4E-1,-7.5E-2));
#8137=VERTEX_POINT('',#8136);
#8138=CARTESIAN_POINT('',(-2.032816758091E0,5.3E-1,-7.5E-2));
#8139=CARTESIAN_POINT('',(-1.955542691988E0,4.707055236082E-1,-7.5E-2));
#8140=VERTEX_POINT('',#8138);
#8141=VERTEX_POINT('',#8139);
#8142=CARTESIAN_POINT('',(-1.898296291314E0,2.570590477449E-1,-7.5E-2));
#8143=VERTEX_POINT('',#8142);
#8144=CARTESIAN_POINT('',(-1.806698729811E0,2.45E-1,-7.5E-2));
#8145=VERTEX_POINT('',#8144);
#8146=CARTESIAN_POINT('',(-1.751850454238E0,3.4E-1,-7.5E-2));
#8147=VERTEX_POINT('',#8146);
#8148=CARTESIAN_POINT('',(-1.665247913859E0,3.9E-1,-7.5E-2));
#8149=VERTEX_POINT('',#8148);
#8150=CARTESIAN_POINT('',(-7.5E-1,3.9E-1,-7.5E-2));
#8151=VERTEX_POINT('',#8150);
#8152=CARTESIAN_POINT('',(-6.5E-1,3.4E-1,-7.5E-2));
#8153=VERTEX_POINT('',#8152);
#8154=CARTESIAN_POINT('',(-6.5E-1,1.2E-1,-7.5E-2));
#8155=CARTESIAN_POINT('',(-6.5E-1,1.65E-1,-7.5E-2));
#8156=VERTEX_POINT('',#8154);
#8157=VERTEX_POINT('',#8155);
#8158=CARTESIAN_POINT('',(-8.E-1,1.2E-1,-7.5E-2));
#8159=VERTEX_POINT('',#8158);
#8160=CARTESIAN_POINT('',(-1.95E0,1.2E-1,-7.5E-2));
#8161=VERTEX_POINT('',#8160);
#8162=CARTESIAN_POINT('',(-1.5E-1,0.E0,-7.5E-2));
#8163=CARTESIAN_POINT('',(0.E0,-1.2E-1,-7.5E-2));
#8164=VERTEX_POINT('',#8162);
#8165=VERTEX_POINT('',#8163);
#8166=CARTESIAN_POINT('',(0.E0,1.3E-1,-7.5E-2));
#8167=VERTEX_POINT('',#8166);
#8168=CARTESIAN_POINT('',(0.E0,3.9E-1,7.5E-2));
#8169=CARTESIAN_POINT('',(5.E-2,3.9E-1,7.5E-2));
#8170=VERTEX_POINT('',#8168);
#8171=VERTEX_POINT('',#8169);
#8172=CARTESIAN_POINT('',(5.E-2,5.4E-1,7.5E-2));
#8173=VERTEX_POINT('',#8172);
#8174=CARTESIAN_POINT('',(-1.79E0,5.4E-1,7.5E-2));
#8175=VERTEX_POINT('',#8174);
#8176=CARTESIAN_POINT('',(-1.82E0,5.7E-1,7.5E-2));
#8177=VERTEX_POINT('',#8176);
#8178=CARTESIAN_POINT('',(-1.82E0,6.1E-1,7.5E-2));
#8179=VERTEX_POINT('',#8178);
#8180=CARTESIAN_POINT('',(-1.85E0,6.4E-1,7.5E-2));
#8181=VERTEX_POINT('',#8180);
#8182=CARTESIAN_POINT('',(-2.1E0,6.4E-1,7.5E-2));
#8183=VERTEX_POINT('',#8182);
#8184=CARTESIAN_POINT('',(-2.6E0,6.E-1,7.5E-2));
#8185=VERTEX_POINT('',#8184);
#8186=CARTESIAN_POINT('',(-2.6E0,5.8E-1,7.5E-2));
#8187=VERTEX_POINT('',#8186);
#8188=CARTESIAN_POINT('',(-2.508E0,5.3E-1,7.5E-2));
#8189=VERTEX_POINT('',#8188);
#8190=CARTESIAN_POINT('',(-2.032816758091E0,5.3E-1,7.5E-2));
#8191=VERTEX_POINT('',#8190);
#8192=CARTESIAN_POINT('',(-1.955542691988E0,4.707055236082E-1,7.5E-2));
#8193=VERTEX_POINT('',#8192);
#8194=CARTESIAN_POINT('',(-1.898296291314E0,2.570590477449E-1,7.5E-2));
#8195=VERTEX_POINT('',#8194);
#8196=CARTESIAN_POINT('',(-1.806698729811E0,2.45E-1,7.5E-2));
#8197=VERTEX_POINT('',#8196);
#8198=CARTESIAN_POINT('',(-1.751850454238E0,3.4E-1,7.5E-2));
#8199=VERTEX_POINT('',#8198);
#8200=CARTESIAN_POINT('',(-1.665247913859E0,3.9E-1,7.5E-2));
#8201=VERTEX_POINT('',#8200);
#8202=CARTESIAN_POINT('',(-7.5E-1,3.9E-1,7.5E-2));
#8203=VERTEX_POINT('',#8202);
#8204=CARTESIAN_POINT('',(-6.5E-1,3.4E-1,7.5E-2));
#8205=VERTEX_POINT('',#8204);
#8206=CARTESIAN_POINT('',(-6.5E-1,1.2E-1,7.5E-2));
#8207=CARTESIAN_POINT('',(-6.5E-1,1.65E-1,7.5E-2));
#8208=VERTEX_POINT('',#8206);
#8209=VERTEX_POINT('',#8207);
#8210=CARTESIAN_POINT('',(-8.E-1,1.2E-1,7.5E-2));
#8211=VERTEX_POINT('',#8210);
#8212=CARTESIAN_POINT('',(-1.95E0,1.2E-1,7.5E-2));
#8213=VERTEX_POINT('',#8212);
#8214=CARTESIAN_POINT('',(-2.1E0,5.E-2,7.5E-2));
#8215=VERTEX_POINT('',#8214);
#8216=CARTESIAN_POINT('',(-2.1E0,3.E-2,7.5E-2));
#8217=VERTEX_POINT('',#8216);
#8218=CARTESIAN_POINT('',(-2.07E0,0.E0,7.5E-2));
#8219=VERTEX_POINT('',#8218);
#8220=CARTESIAN_POINT('',(-1.5E-1,0.E0,7.5E-2));
#8221=VERTEX_POINT('',#8220);
#8222=CARTESIAN_POINT('',(0.E0,-1.2E-1,7.5E-2));
#8223=VERTEX_POINT('',#8222);
#8224=CARTESIAN_POINT('',(0.E0,1.3E-1,7.5E-2));
#8225=VERTEX_POINT('',#8224);
#8226=CARTESIAN_POINT('',(-2.9E-1,2.4E-1,-7.5E-2));
#8227=CARTESIAN_POINT('',(-2.9E-1,2.4E-1,7.5E-2));
#8228=VERTEX_POINT('',#8226);
#8229=VERTEX_POINT('',#8227);
#8230=CARTESIAN_POINT('',(-3.9E-1,3.4E-1,-7.5E-2));
#8231=CARTESIAN_POINT('',(-3.9E-1,3.4E-1,7.5E-2));
#8232=VERTEX_POINT('',#8230);
#8233=VERTEX_POINT('',#8231);
#8234=CARTESIAN_POINT('',(-3.4E-1,1.2E-1,-7.5E-2));
#8235=CARTESIAN_POINT('',(-3.4E-1,1.2E-1,7.5E-2));
#8236=VERTEX_POINT('',#8234);
#8237=VERTEX_POINT('',#8235);
#8238=CARTESIAN_POINT('',(-2.9E-1,1.7E-1,-7.5E-2));
#8239=CARTESIAN_POINT('',(-2.9E-1,1.7E-1,7.5E-2));
#8240=VERTEX_POINT('',#8238);
#8241=VERTEX_POINT('',#8239);
#8242=CARTESIAN_POINT('',(-2.5E0,5.3E-1,-7.5E-2));
#8243=CARTESIAN_POINT('',(-2.5E0,6.08E-1,-7.5E-2));
#8244=VERTEX_POINT('',#8242);
#8245=VERTEX_POINT('',#8243);
#8246=CARTESIAN_POINT('',(-2.6E0,6.E-1,-2.5E-2));
#8247=VERTEX_POINT('',#8246);
#8248=CARTESIAN_POINT('',(-2.6E0,5.8E-1,-2.5E-2));
#8249=VERTEX_POINT('',#8248);
#8250=CARTESIAN_POINT('',(-2.508E0,5.3E-1,-7.1E-2));
#8251=VERTEX_POINT('',#8250);
#8252=CARTESIAN_POINT('',(-2.E0,9.666666666667E-2,-7.5E-2));
#8253=CARTESIAN_POINT('',(-2.E0,0.E0,-7.5E-2));
#8254=VERTEX_POINT('',#8252);
#8255=VERTEX_POINT('',#8253);
#8256=CARTESIAN_POINT('',(-2.1E0,5.E-2,-2.5E-2));
#8257=VERTEX_POINT('',#8256);
#8258=CARTESIAN_POINT('',(-2.1E0,3.E-2,-2.5E-2));
#8259=VERTEX_POINT('',#8258);
#8260=VERTEX_POINT('',#8092);
#8261=CARTESIAN_POINT('',(4.E-1,1.3E-1,-7.5E-2));
#8262=CARTESIAN_POINT('',(4.E-1,-2.E-2,-7.5E-2));
#8263=VERTEX_POINT('',#8261);
#8264=VERTEX_POINT('',#8262);
#8265=CARTESIAN_POINT('',(3.E-1,-1.2E-1,-7.5E-2));
#8266=VERTEX_POINT('',#8265);
#8267=CARTESIAN_POINT('',(4.E-1,1.3E-1,7.5E-2));
#8268=CARTESIAN_POINT('',(4.E-1,-2.E-2,7.5E-2));
#8269=VERTEX_POINT('',#8267);
#8270=VERTEX_POINT('',#8268);
#8271=CARTESIAN_POINT('',(3.E-1,-1.2E-1,7.5E-2));
#8272=VERTEX_POINT('',#8271);
#8273=CARTESIAN_POINT('',(0.E0,0.E0,-7.5E-2));
#8274=DIRECTION('',(0.E0,0.E0,1.E0));
#8275=DIRECTION('',(1.E0,0.E0,0.E0));
#8276=AXIS2_PLACEMENT_3D('',#8273,#8274,#8275);
#8277=PLANE('',#8276);
#8279=ORIENTED_EDGE('',*,*,#8278,.F.);
#8281=ORIENTED_EDGE('',*,*,#8280,.T.);
#8283=ORIENTED_EDGE('',*,*,#8282,.T.);
#8285=ORIENTED_EDGE('',*,*,#8284,.T.);
#8287=ORIENTED_EDGE('',*,*,#8286,.T.);
#8289=ORIENTED_EDGE('',*,*,#8288,.T.);
#8291=ORIENTED_EDGE('',*,*,#8290,.T.);
#8293=ORIENTED_EDGE('',*,*,#8292,.T.);
#8295=ORIENTED_EDGE('',*,*,#8294,.T.);
#8297=ORIENTED_EDGE('',*,*,#8296,.T.);
#8299=ORIENTED_EDGE('',*,*,#8298,.T.);
#8301=ORIENTED_EDGE('',*,*,#8300,.F.);
#8303=ORIENTED_EDGE('',*,*,#8302,.T.);
#8305=ORIENTED_EDGE('',*,*,#8304,.T.);
#8307=ORIENTED_EDGE('',*,*,#8306,.T.);
#8309=ORIENTED_EDGE('',*,*,#8308,.T.);
#8311=ORIENTED_EDGE('',*,*,#8310,.T.);
#8313=ORIENTED_EDGE('',*,*,#8312,.T.);
#8315=ORIENTED_EDGE('',*,*,#8314,.T.);
#8317=ORIENTED_EDGE('',*,*,#8316,.T.);
#8319=ORIENTED_EDGE('',*,*,#8318,.T.);
#8321=ORIENTED_EDGE('',*,*,#8320,.F.);
#8323=ORIENTED_EDGE('',*,*,#8322,.T.);
#8325=ORIENTED_EDGE('',*,*,#8324,.F.);
#8327=ORIENTED_EDGE('',*,*,#8326,.T.);
#8329=ORIENTED_EDGE('',*,*,#8328,.T.);
#8331=ORIENTED_EDGE('',*,*,#8330,.T.);
#8333=ORIENTED_EDGE('',*,*,#8332,.T.);
#8335=ORIENTED_EDGE('',*,*,#8334,.T.);
#8337=ORIENTED_EDGE('',*,*,#8336,.T.);
#8339=ORIENTED_EDGE('',*,*,#8338,.T.);
#8341=ORIENTED_EDGE('',*,*,#8340,.T.);
#8343=ORIENTED_EDGE('',*,*,#8342,.T.);
#8345=ORIENTED_EDGE('',*,*,#8344,.T.);
#8346=EDGE_LOOP('',(#8279,#8281,#8283,#8285,#8287,#8289,#8291,#8293,#8295,#8297,
#8299,#8301,#8303,#8305,#8307,#8309,#8311,#8313,#8315,#8317,#8319,#8321,#8323,
#8325,#8327,#8329,#8331,#8333,#8335,#8337,#8339,#8341,#8343,#8345));
#8347=FACE_OUTER_BOUND('',#8346,.F.);
#8348=ADVANCED_FACE('',(#8347),#8277,.F.);
#8349=CARTESIAN_POINT('',(4.E-1,1.3E-1,7.5E-2));
#8350=DIRECTION('',(-1.E0,0.E0,0.E0));
#8351=DIRECTION('',(0.E0,-1.E0,0.E0));
#8352=AXIS2_PLACEMENT_3D('',#8349,#8350,#8351);
#8353=PLANE('',#8352);
#8354=ORIENTED_EDGE('',*,*,#8278,.T.);
#8356=ORIENTED_EDGE('',*,*,#8355,.F.);
#8358=ORIENTED_EDGE('',*,*,#8357,.F.);
#8360=ORIENTED_EDGE('',*,*,#8359,.F.);
#8361=EDGE_LOOP('',(#8354,#8356,#8358,#8360));
#8362=FACE_OUTER_BOUND('',#8361,.F.);
#8363=ADVANCED_FACE('',(#8362),#8353,.F.);
#8364=CARTESIAN_POINT('',(3.E-1,-2.E-2,7.5E-2));
#8365=DIRECTION('',(0.E0,0.E0,1.E0));
#8366=DIRECTION('',(1.E0,0.E0,0.E0));
#8367=AXIS2_PLACEMENT_3D('',#8364,#8365,#8366);
#8368=CYLINDRICAL_SURFACE('',#8367,1.E-1);
#8369=ORIENTED_EDGE('',*,*,#8344,.F.);
#8371=ORIENTED_EDGE('',*,*,#8370,.T.);
#8373=ORIENTED_EDGE('',*,*,#8372,.T.);
#8374=ORIENTED_EDGE('',*,*,#8355,.T.);
#8375=EDGE_LOOP('',(#8369,#8371,#8373,#8374));
#8376=FACE_OUTER_BOUND('',#8375,.F.);
#8377=ADVANCED_FACE('',(#8376),#8368,.T.);
#8378=CARTESIAN_POINT('',(0.E0,-1.2E-1,-7.5E-2));
#8379=DIRECTION('',(0.E0,-1.E0,0.E0));
#8380=DIRECTION('',(1.E0,0.E0,0.E0));
#8381=AXIS2_PLACEMENT_3D('',#8378,#8379,#8380);
#8382=PLANE('',#8381);
#8383=ORIENTED_EDGE('',*,*,#8370,.F.);
#8384=ORIENTED_EDGE('',*,*,#8342,.F.);
#8386=ORIENTED_EDGE('',*,*,#8385,.T.);
#8388=ORIENTED_EDGE('',*,*,#8387,.T.);
#8389=EDGE_LOOP('',(#8383,#8384,#8386,#8388));
#8390=FACE_OUTER_BOUND('',#8389,.F.);
#8391=ADVANCED_FACE('',(#8390),#8382,.T.);
#8392=CARTESIAN_POINT('',(-1.5E-1,0.E0,-7.5E-2));
#8393=DIRECTION('',(-6.246950475544E-1,-7.808688094430E-1,0.E0));
#8394=DIRECTION('',(7.808688094430E-1,-6.246950475544E-1,0.E0));
#8395=AXIS2_PLACEMENT_3D('',#8392,#8393,#8394);
#8396=PLANE('',#8395);
#8397=ORIENTED_EDGE('',*,*,#8340,.F.);
#8399=ORIENTED_EDGE('',*,*,#8398,.T.);
#8401=ORIENTED_EDGE('',*,*,#8400,.T.);
#8402=ORIENTED_EDGE('',*,*,#8385,.F.);
#8403=EDGE_LOOP('',(#8397,#8399,#8401,#8402));
#8404=FACE_OUTER_BOUND('',#8403,.F.);
#8405=ADVANCED_FACE('',(#8404),#8396,.T.);
#8406=CARTESIAN_POINT('',(-2.07E0,0.E0,-7.5E-2));
#8407=DIRECTION('',(0.E0,-1.E0,0.E0));
#8408=DIRECTION('',(1.E0,0.E0,0.E0));
#8409=AXIS2_PLACEMENT_3D('',#8406,#8407,#8408);
#8410=PLANE('',#8409);
#8412=ORIENTED_EDGE('',*,*,#8411,.F.);
#8414=ORIENTED_EDGE('',*,*,#8413,.T.);
#8416=ORIENTED_EDGE('',*,*,#8415,.T.);
#8417=ORIENTED_EDGE('',*,*,#8398,.F.);
#8418=ORIENTED_EDGE('',*,*,#8338,.F.);
#8419=EDGE_LOOP('',(#8412,#8414,#8416,#8417,#8418));
#8420=FACE_OUTER_BOUND('',#8419,.F.);
#8421=ADVANCED_FACE('',(#8420),#8410,.T.);
#8422=CARTESIAN_POINT('',(-2.E0,0.E0,-7.5E-2));
#8423=DIRECTION('',(4.472135955E-1,0.E0,8.944271909999E-1));
#8424=DIRECTION('',(-8.944271909999E-1,0.E0,4.472135955E-1));
#8425=AXIS2_PLACEMENT_3D('',#8422,#8423,#8424);
#8426=PLANE('',#8425);
#8428=ORIENTED_EDGE('',*,*,#8427,.T.);
#8430=ORIENTED_EDGE('',*,*,#8429,.T.);
#8432=ORIENTED_EDGE('',*,*,#8431,.T.);
#8433=ORIENTED_EDGE('',*,*,#8411,.T.);
#8434=ORIENTED_EDGE('',*,*,#8336,.F.);
#8435=EDGE_LOOP('',(#8428,#8430,#8432,#8433,#8434));
#8436=FACE_OUTER_BOUND('',#8435,.F.);
#8437=ADVANCED_FACE('',(#8436),#8426,.F.);
#8438=CARTESIAN_POINT('',(-1.95E0,1.2E-1,-7.5E-2));
#8439=DIRECTION('',(-4.228854653311E-1,9.061831399953E-1,0.E0));
#8440=DIRECTION('',(-9.061831399953E-1,-4.228854653311E-1,0.E0));
#8441=AXIS2_PLACEMENT_3D('',#8438,#8439,#8440);
#8442=PLANE('',#8441);
#8443=ORIENTED_EDGE('',*,*,#8427,.F.);
#8444=ORIENTED_EDGE('',*,*,#8334,.F.);
#8446=ORIENTED_EDGE('',*,*,#8445,.T.);
#8448=ORIENTED_EDGE('',*,*,#8447,.T.);
#8450=ORIENTED_EDGE('',*,*,#8449,.F.);
#8451=EDGE_LOOP('',(#8443,#8444,#8446,#8448,#8450));
#8452=FACE_OUTER_BOUND('',#8451,.F.);
#8453=ADVANCED_FACE('',(#8452),#8442,.T.);
#8454=CARTESIAN_POINT('',(-8.E-1,1.2E-1,-7.5E-2));
#8455=DIRECTION('',(0.E0,1.E0,0.E0));
#8456=DIRECTION('',(-1.E0,0.E0,0.E0));
#8457=AXIS2_PLACEMENT_3D('',#8454,#8455,#8456);
#8458=PLANE('',#8457);
#8459=ORIENTED_EDGE('',*,*,#8332,.F.);
#8461=ORIENTED_EDGE('',*,*,#8460,.T.);
#8463=ORIENTED_EDGE('',*,*,#8462,.T.);
#8464=ORIENTED_EDGE('',*,*,#8445,.F.);
#8465=EDGE_LOOP('',(#8459,#8461,#8463,#8464));
#8466=FACE_OUTER_BOUND('',#8465,.F.);
#8467=ADVANCED_FACE('',(#8466),#8458,.T.);
#8468=CARTESIAN_POINT('',(-6.5E-1,1.65E-1,-7.5E-2));
#8469=DIRECTION('',(-2.873478855663E-1,9.578262852212E-1,0.E0));
#8470=DIRECTION('',(-9.578262852212E-1,-2.873478855663E-1,0.E0));
#8471=AXIS2_PLACEMENT_3D('',#8468,#8469,#8470);
#8472=PLANE('',#8471);
#8473=ORIENTED_EDGE('',*,*,#8330,.F.);
#8475=ORIENTED_EDGE('',*,*,#8474,.T.);
#8477=ORIENTED_EDGE('',*,*,#8476,.T.);
#8478=ORIENTED_EDGE('',*,*,#8460,.F.);
#8479=EDGE_LOOP('',(#8473,#8475,#8477,#8478));
#8480=FACE_OUTER_BOUND('',#8479,.F.);
#8481=ADVANCED_FACE('',(#8480),#8472,.T.);
#8482=CARTESIAN_POINT('',(-6.5E-1,1.2E-1,-7.5E-2));
#8483=DIRECTION('',(1.E0,0.E0,0.E0));
#8484=DIRECTION('',(0.E0,1.E0,0.E0));
#8485=AXIS2_PLACEMENT_3D('',#8482,#8483,#8484);
#8486=PLANE('',#8485);
#8487=ORIENTED_EDGE('',*,*,#8328,.F.);
#8489=ORIENTED_EDGE('',*,*,#8488,.T.);
#8491=ORIENTED_EDGE('',*,*,#8490,.T.);
#8492=ORIENTED_EDGE('',*,*,#8474,.F.);
#8493=EDGE_LOOP('',(#8487,#8489,#8491,#8492));
#8494=FACE_OUTER_BOUND('',#8493,.F.);
#8495=ADVANCED_FACE('',(#8494),#8486,.T.);
#8496=CARTESIAN_POINT('',(-2.9E-1,1.2E-1,-7.5E-2));
#8497=DIRECTION('',(0.E0,1.E0,0.E0));
#8498=DIRECTION('',(-1.E0,0.E0,0.E0));
#8499=AXIS2_PLACEMENT_3D('',#8496,#8497,#8498);
#8500=PLANE('',#8499);
#8502=ORIENTED_EDGE('',*,*,#8501,.T.);
#8504=ORIENTED_EDGE('',*,*,#8503,.T.);
#8505=ORIENTED_EDGE('',*,*,#8488,.F.);
#8506=ORIENTED_EDGE('',*,*,#8326,.F.);
#8507=EDGE_LOOP('',(#8502,#8504,#8505,#8506));
#8508=FACE_OUTER_BOUND('',#8507,.F.);
#8509=ADVANCED_FACE('',(#8508),#8500,.T.);
#8510=CARTESIAN_POINT('',(-3.4E-1,1.7E-1,-7.968115162490E-2));
#8511=DIRECTION('',(0.E0,0.E0,1.E0));
#8512=DIRECTION('',(0.E0,-1.E0,0.E0));
#8513=AXIS2_PLACEMENT_3D('',#8510,#8511,#8512);
#8514=CYLINDRICAL_SURFACE('',#8513,5.E-2);
#8515=ORIENTED_EDGE('',*,*,#8501,.F.);
#8516=ORIENTED_EDGE('',*,*,#8324,.T.);
#8518=ORIENTED_EDGE('',*,*,#8517,.T.);
#8520=ORIENTED_EDGE('',*,*,#8519,.T.);
#8521=EDGE_LOOP('',(#8515,#8516,#8518,#8520));
#8522=FACE_OUTER_BOUND('',#8521,.F.);
#8523=ADVANCED_FACE('',(#8522),#8514,.F.);
#8524=CARTESIAN_POINT('',(-2.9E-1,3.4E-1,-7.5E-2));
#8525=DIRECTION('',(-1.E0,0.E0,0.E0));
#8526=DIRECTION('',(0.E0,-1.E0,0.E0));
#8527=AXIS2_PLACEMENT_3D('',#8524,#8525,#8526);
#8528=PLANE('',#8527);
#8530=ORIENTED_EDGE('',*,*,#8529,.T.);
#8532=ORIENTED_EDGE('',*,*,#8531,.T.);
#8533=ORIENTED_EDGE('',*,*,#8517,.F.);
#8534=ORIENTED_EDGE('',*,*,#8322,.F.);
#8535=EDGE_LOOP('',(#8530,#8532,#8533,#8534));
#8536=FACE_OUTER_BOUND('',#8535,.F.);
#8537=ADVANCED_FACE('',(#8536),#8528,.T.);
#8538=CARTESIAN_POINT('',(-3.9E-1,2.4E-1,-7.968115162490E-2));
#8539=DIRECTION('',(0.E0,0.E0,1.E0));
#8540=DIRECTION('',(1.E0,0.E0,0.E0));
#8541=AXIS2_PLACEMENT_3D('',#8538,#8539,#8540);
#8542=CYLINDRICAL_SURFACE('',#8541,1.E-1);
#8543=ORIENTED_EDGE('',*,*,#8529,.F.);
#8544=ORIENTED_EDGE('',*,*,#8320,.T.);
#8546=ORIENTED_EDGE('',*,*,#8545,.T.);
#8548=ORIENTED_EDGE('',*,*,#8547,.T.);
#8549=EDGE_LOOP('',(#8543,#8544,#8546,#8548));
#8550=FACE_OUTER_BOUND('',#8549,.F.);
#8551=ADVANCED_FACE('',(#8550),#8542,.F.);
#8552=CARTESIAN_POINT('',(-6.5E-1,3.4E-1,-7.5E-2));
#8553=DIRECTION('',(0.E0,-1.E0,0.E0));
#8554=DIRECTION('',(1.E0,0.E0,0.E0));
#8555=AXIS2_PLACEMENT_3D('',#8552,#8553,#8554);
#8556=PLANE('',#8555);
#8557=ORIENTED_EDGE('',*,*,#8545,.F.);
#8558=ORIENTED_EDGE('',*,*,#8318,.F.);
#8560=ORIENTED_EDGE('',*,*,#8559,.T.);
#8562=ORIENTED_EDGE('',*,*,#8561,.T.);
#8563=EDGE_LOOP('',(#8557,#8558,#8560,#8562));
#8564=FACE_OUTER_BOUND('',#8563,.F.);
#8565=ADVANCED_FACE('',(#8564),#8556,.T.);
#8566=CARTESIAN_POINT('',(-7.5E-1,3.9E-1,-7.5E-2));
#8567=DIRECTION('',(-4.472135955E-1,-8.944271909999E-1,0.E0));
#8568=DIRECTION('',(8.944271909999E-1,-4.472135955E-1,0.E0));
#8569=AXIS2_PLACEMENT_3D('',#8566,#8567,#8568);
#8570=PLANE('',#8569);
#8571=ORIENTED_EDGE('',*,*,#8316,.F.);
#8573=ORIENTED_EDGE('',*,*,#8572,.T.);
#8575=ORIENTED_EDGE('',*,*,#8574,.T.);
#8576=ORIENTED_EDGE('',*,*,#8559,.F.);
#8577=EDGE_LOOP('',(#8571,#8573,#8575,#8576));
#8578=FACE_OUTER_BOUND('',#8577,.F.);
#8579=ADVANCED_FACE('',(#8578),#8570,.T.);
#8580=CARTESIAN_POINT('',(-1.665247913859E0,3.9E-1,-7.5E-2));
#8581=DIRECTION('',(0.E0,-1.E0,0.E0));
#8582=DIRECTION('',(1.E0,0.E0,0.E0));
#8583=AXIS2_PLACEMENT_3D('',#8580,#8581,#8582);
#8584=PLANE('',#8583);
#8585=ORIENTED_EDGE('',*,*,#8314,.F.);
#8587=ORIENTED_EDGE('',*,*,#8586,.T.);
#8589=ORIENTED_EDGE('',*,*,#8588,.T.);
#8590=ORIENTED_EDGE('',*,*,#8572,.F.);
#8591=EDGE_LOOP('',(#8585,#8587,#8589,#8590));
#8592=FACE_OUTER_BOUND('',#8591,.F.);
#8593=ADVANCED_FACE('',(#8592),#8584,.T.);
#8594=CARTESIAN_POINT('',(-1.665247913859E0,2.9E-1,-7.5E-2));
#8595=DIRECTION('',(0.E0,0.E0,1.E0));
#8596=DIRECTION('',(1.E0,0.E0,0.E0));
#8597=AXIS2_PLACEMENT_3D('',#8594,#8595,#8596);
#8598=CYLINDRICAL_SURFACE('',#8597,1.E-1);
#8599=ORIENTED_EDGE('',*,*,#8312,.F.);
#8601=ORIENTED_EDGE('',*,*,#8600,.T.);
#8603=ORIENTED_EDGE('',*,*,#8602,.T.);
#8604=ORIENTED_EDGE('',*,*,#8586,.F.);
#8605=EDGE_LOOP('',(#8599,#8601,#8603,#8604));
#8606=FACE_OUTER_BOUND('',#8605,.F.);
#8607=ADVANCED_FACE('',(#8606),#8598,.F.);
#8608=CARTESIAN_POINT('',(-1.806698729811E0,2.45E-1,-7.5E-2));
#8609=DIRECTION('',(8.660254037844E-1,-5.E-1,0.E0));
#8610=DIRECTION('',(5.E-1,8.660254037844E-1,0.E0));
#8611=AXIS2_PLACEMENT_3D('',#8608,#8609,#8610);
#8612=PLANE('',#8611);
#8613=ORIENTED_EDGE('',*,*,#8310,.F.);
#8615=ORIENTED_EDGE('',*,*,#8614,.T.);
#8617=ORIENTED_EDGE('',*,*,#8616,.T.);
#8618=ORIENTED_EDGE('',*,*,#8600,.F.);
#8619=EDGE_LOOP('',(#8613,#8615,#8617,#8618));
#8620=FACE_OUTER_BOUND('',#8619,.F.);
#8621=ADVANCED_FACE('',(#8620),#8612,.T.);
#8622=CARTESIAN_POINT('',(-1.85E0,2.7E-1,-7.5E-2));
#8623=DIRECTION('',(0.E0,0.E0,1.E0));
#8624=DIRECTION('',(1.E0,0.E0,0.E0));
#8625=AXIS2_PLACEMENT_3D('',#8622,#8623,#8624);
#8626=CYLINDRICAL_SURFACE('',#8625,5.E-2);
#8627=ORIENTED_EDGE('',*,*,#8308,.F.);
#8629=ORIENTED_EDGE('',*,*,#8628,.T.);
#8631=ORIENTED_EDGE('',*,*,#8630,.T.);
#8632=ORIENTED_EDGE('',*,*,#8614,.F.);
#8633=EDGE_LOOP('',(#8627,#8629,#8631,#8632));
#8634=FACE_OUTER_BOUND('',#8633,.F.);
#8635=ADVANCED_FACE('',(#8634),#8626,.T.);
#8636=CARTESIAN_POINT('',(-1.955542691988E0,4.707055236082E-1,-7.5E-2));
#8637=DIRECTION('',(-9.659258262891E-1,-2.588190451025E-1,0.E0));
#8638=DIRECTION('',(2.588190451025E-1,-9.659258262891E-1,0.E0));
#8639=AXIS2_PLACEMENT_3D('',#8636,#8637,#8638);
#8640=PLANE('',#8639);
#8641=ORIENTED_EDGE('',*,*,#8306,.F.);
#8643=ORIENTED_EDGE('',*,*,#8642,.T.);
#8645=ORIENTED_EDGE('',*,*,#8644,.T.);
#8646=ORIENTED_EDGE('',*,*,#8628,.F.);
#8647=EDGE_LOOP('',(#8641,#8643,#8645,#8646));
#8648=FACE_OUTER_BOUND('',#8647,.F.);
#8649=ADVANCED_FACE('',(#8648),#8640,.T.);
#8650=CARTESIAN_POINT('',(-2.032816758091E0,4.5E-1,-7.5E-2));
#8651=DIRECTION('',(0.E0,0.E0,1.E0));
#8652=DIRECTION('',(1.E0,0.E0,0.E0));
#8653=AXIS2_PLACEMENT_3D('',#8650,#8651,#8652);
#8654=CYLINDRICAL_SURFACE('',#8653,8.E-2);
#8655=ORIENTED_EDGE('',*,*,#8304,.F.);
#8657=ORIENTED_EDGE('',*,*,#8656,.T.);
#8659=ORIENTED_EDGE('',*,*,#8658,.T.);
#8660=ORIENTED_EDGE('',*,*,#8642,.F.);
#8661=EDGE_LOOP('',(#8655,#8657,#8659,#8660));
#8662=FACE_OUTER_BOUND('',#8661,.F.);
#8663=ADVANCED_FACE('',(#8662),#8654,.F.);
#8664=CARTESIAN_POINT('',(-2.508E0,5.3E-1,-7.5E-2));
#8665=DIRECTION('',(0.E0,-1.E0,0.E0));
#8666=DIRECTION('',(1.E0,0.E0,0.E0));
#8667=AXIS2_PLACEMENT_3D('',#8664,#8665,#8666);
#8668=PLANE('',#8667);
#8670=ORIENTED_EDGE('',*,*,#8669,.F.);
#8672=ORIENTED_EDGE('',*,*,#8671,.T.);
#8674=ORIENTED_EDGE('',*,*,#8673,.T.);
#8675=ORIENTED_EDGE('',*,*,#8656,.F.);
#8676=ORIENTED_EDGE('',*,*,#8302,.F.);
#8677=EDGE_LOOP('',(#8670,#8672,#8674,#8675,#8676));
#8678=FACE_OUTER_BOUND('',#8677,.F.);
#8679=ADVANCED_FACE('',(#8678),#8668,.T.);
#8680=CARTESIAN_POINT('',(-2.6E0,6.4E-1,-2.5E-2));
#8681=DIRECTION('',(4.472135955E-1,0.E0,8.944271909999E-1));
#8682=DIRECTION('',(8.944271909999E-1,0.E0,-4.472135955E-1));
#8683=AXIS2_PLACEMENT_3D('',#8680,#8681,#8682);
#8684=PLANE('',#8683);
#8686=ORIENTED_EDGE('',*,*,#8685,.F.);
#8688=ORIENTED_EDGE('',*,*,#8687,.T.);
#8690=ORIENTED_EDGE('',*,*,#8689,.T.);
#8691=ORIENTED_EDGE('',*,*,#8669,.T.);
#8692=ORIENTED_EDGE('',*,*,#8300,.T.);
#8693=EDGE_LOOP('',(#8686,#8688,#8690,#8691,#8692));
#8694=FACE_OUTER_BOUND('',#8693,.F.);
#8695=ADVANCED_FACE('',(#8694),#8684,.F.);
#8696=CARTESIAN_POINT('',(-2.1E0,6.4E-1,-7.5E-2));
#8697=DIRECTION('',(-7.974522228289E-2,9.968152785361E-1,0.E0));
#8698=DIRECTION('',(-9.968152785361E-1,-7.974522228289E-2,0.E0));
#8699=AXIS2_PLACEMENT_3D('',#8696,#8697,#8698);
#8700=PLANE('',#8699);
#8701=ORIENTED_EDGE('',*,*,#8685,.T.);
#8702=ORIENTED_EDGE('',*,*,#8298,.F.);
#8704=ORIENTED_EDGE('',*,*,#8703,.T.);
#8706=ORIENTED_EDGE('',*,*,#8705,.T.);
#8708=ORIENTED_EDGE('',*,*,#8707,.F.);
#8709=EDGE_LOOP('',(#8701,#8702,#8704,#8706,#8708));
#8710=FACE_OUTER_BOUND('',#8709,.F.);
#8711=ADVANCED_FACE('',(#8710),#8700,.T.);
#8712=CARTESIAN_POINT('',(-1.85E0,6.4E-1,-7.5E-2));
#8713=DIRECTION('',(0.E0,1.E0,0.E0));
#8714=DIRECTION('',(-1.E0,0.E0,0.E0));
#8715=AXIS2_PLACEMENT_3D('',#8712,#8713,#8714);
#8716=PLANE('',#8715);
#8717=ORIENTED_EDGE('',*,*,#8296,.F.);
#8719=ORIENTED_EDGE('',*,*,#8718,.T.);
#8721=ORIENTED_EDGE('',*,*,#8720,.T.);
#8722=ORIENTED_EDGE('',*,*,#8703,.F.);
#8723=EDGE_LOOP('',(#8717,#8719,#8721,#8722));
#8724=FACE_OUTER_BOUND('',#8723,.F.);
#8725=ADVANCED_FACE('',(#8724),#8716,.T.);
#8726=CARTESIAN_POINT('',(-1.85E0,6.1E-1,-7.5E-2));
#8727=DIRECTION('',(0.E0,0.E0,1.E0));
#8728=DIRECTION('',(1.E0,0.E0,0.E0));
#8729=AXIS2_PLACEMENT_3D('',#8726,#8727,#8728);
#8730=CYLINDRICAL_SURFACE('',#8729,3.E-2);
#8731=ORIENTED_EDGE('',*,*,#8294,.F.);
#8733=ORIENTED_EDGE('',*,*,#8732,.T.);
#8735=ORIENTED_EDGE('',*,*,#8734,.T.);
#8736=ORIENTED_EDGE('',*,*,#8718,.F.);
#8737=EDGE_LOOP('',(#8731,#8733,#8735,#8736));
#8738=FACE_OUTER_BOUND('',#8737,.F.);
#8739=ADVANCED_FACE('',(#8738),#8730,.T.);
#8740=CARTESIAN_POINT('',(-1.82E0,5.7E-1,-7.5E-2));
#8741=DIRECTION('',(1.E0,0.E0,0.E0));
#8742=DIRECTION('',(0.E0,1.E0,0.E0));
#8743=AXIS2_PLACEMENT_3D('',#8740,#8741,#8742);
#8744=PLANE('',#8743);
#8745=ORIENTED_EDGE('',*,*,#8292,.F.);
#8747=ORIENTED_EDGE('',*,*,#8746,.T.);
#8749=ORIENTED_EDGE('',*,*,#8748,.T.);
#8750=ORIENTED_EDGE('',*,*,#8732,.F.);
#8751=EDGE_LOOP('',(#8745,#8747,#8749,#8750));
#8752=FACE_OUTER_BOUND('',#8751,.F.);
#8753=ADVANCED_FACE('',(#8752),#8744,.T.);
#8754=CARTESIAN_POINT('',(-1.79E0,5.7E-1,-7.5E-2));
#8755=DIRECTION('',(0.E0,0.E0,1.E0));
#8756=DIRECTION('',(1.E0,0.E0,0.E0));
#8757=AXIS2_PLACEMENT_3D('',#8754,#8755,#8756);
#8758=CYLINDRICAL_SURFACE('',#8757,3.E-2);
#8759=ORIENTED_EDGE('',*,*,#8290,.F.);
#8761=ORIENTED_EDGE('',*,*,#8760,.T.);
#8763=ORIENTED_EDGE('',*,*,#8762,.T.);
#8764=ORIENTED_EDGE('',*,*,#8746,.F.);
#8765=EDGE_LOOP('',(#8759,#8761,#8763,#8764));
#8766=FACE_OUTER_BOUND('',#8765,.F.);
#8767=ADVANCED_FACE('',(#8766),#8758,.F.);
#8768=CARTESIAN_POINT('',(5.E-2,5.4E-1,-7.5E-2));
#8769=DIRECTION('',(0.E0,1.E0,0.E0));
#8770=DIRECTION('',(-1.E0,0.E0,0.E0));
#8771=AXIS2_PLACEMENT_3D('',#8768,#8769,#8770);
#8772=PLANE('',#8771);
#8773=ORIENTED_EDGE('',*,*,#8288,.F.);
#8775=ORIENTED_EDGE('',*,*,#8774,.T.);
#8777=ORIENTED_EDGE('',*,*,#8776,.T.);
#8778=ORIENTED_EDGE('',*,*,#8760,.F.);
#8779=EDGE_LOOP('',(#8773,#8775,#8777,#8778));
#8780=FACE_OUTER_BOUND('',#8779,.F.);
#8781=ADVANCED_FACE('',(#8780),#8772,.T.);
#8782=CARTESIAN_POINT('',(5.E-2,3.9E-1,-7.5E-2));
#8783=DIRECTION('',(1.E0,0.E0,0.E0));
#8784=DIRECTION('',(0.E0,1.E0,0.E0));
#8785=AXIS2_PLACEMENT_3D('',#8782,#8783,#8784);
#8786=PLANE('',#8785);
#8787=ORIENTED_EDGE('',*,*,#8286,.F.);
#8789=ORIENTED_EDGE('',*,*,#8788,.T.);
#8791=ORIENTED_EDGE('',*,*,#8790,.T.);
#8792=ORIENTED_EDGE('',*,*,#8774,.F.);
#8793=EDGE_LOOP('',(#8787,#8789,#8791,#8792));
#8794=FACE_OUTER_BOUND('',#8793,.F.);
#8795=ADVANCED_FACE('',(#8794),#8786,.T.);
#8796=CARTESIAN_POINT('',(0.E0,3.9E-1,-7.5E-2));
#8797=DIRECTION('',(0.E0,-1.E0,0.E0));
#8798=DIRECTION('',(1.E0,0.E0,0.E0));
#8799=AXIS2_PLACEMENT_3D('',#8796,#8797,#8798);
#8800=PLANE('',#8799);
#8801=ORIENTED_EDGE('',*,*,#8284,.F.);
#8803=ORIENTED_EDGE('',*,*,#8802,.T.);
#8805=ORIENTED_EDGE('',*,*,#8804,.T.);
#8806=ORIENTED_EDGE('',*,*,#8788,.F.);
#8807=EDGE_LOOP('',(#8801,#8803,#8805,#8806));
#8808=FACE_OUTER_BOUND('',#8807,.F.);
#8809=ADVANCED_FACE('',(#8808),#8800,.T.);
#8810=CARTESIAN_POINT('',(0.E0,1.3E-1,-7.5E-2));
#8811=DIRECTION('',(1.E0,0.E0,0.E0));
#8812=DIRECTION('',(0.E0,1.E0,0.E0));
#8813=AXIS2_PLACEMENT_3D('',#8810,#8811,#8812);
#8814=PLANE('',#8813);
#8815=ORIENTED_EDGE('',*,*,#8282,.F.);
#8817=ORIENTED_EDGE('',*,*,#8816,.T.);
#8819=ORIENTED_EDGE('',*,*,#8818,.T.);
#8820=ORIENTED_EDGE('',*,*,#8802,.F.);
#8821=EDGE_LOOP('',(#8815,#8817,#8819,#8820));
#8822=FACE_OUTER_BOUND('',#8821,.F.);
#8823=ADVANCED_FACE('',(#8822),#8814,.T.);
#8824=CARTESIAN_POINT('',(8.E-1,1.3E-1,-7.5E-2));
#8825=DIRECTION('',(0.E0,1.E0,0.E0));
#8826=DIRECTION('',(-1.E0,0.E0,0.E0));
#8827=AXIS2_PLACEMENT_3D('',#8824,#8825,#8826);
#8828=PLANE('',#8827);
#8829=ORIENTED_EDGE('',*,*,#8359,.T.);
#8831=ORIENTED_EDGE('',*,*,#8830,.T.);
#8832=ORIENTED_EDGE('',*,*,#8816,.F.);
#8833=ORIENTED_EDGE('',*,*,#8280,.F.);
#8834=EDGE_LOOP('',(#8829,#8831,#8832,#8833));
#8835=FACE_OUTER_BOUND('',#8834,.F.);
#8836=ADVANCED_FACE('',(#8835),#8828,.T.);
#8837=CARTESIAN_POINT('',(0.E0,0.E0,7.5E-2));
#8838=DIRECTION('',(0.E0,0.E0,1.E0));
#8839=DIRECTION('',(1.E0,0.E0,0.E0));
#8840=AXIS2_PLACEMENT_3D('',#8837,#8838,#8839);
#8841=PLANE('',#8840);
#8842=ORIENTED_EDGE('',*,*,#8357,.T.);
#8843=ORIENTED_EDGE('',*,*,#8372,.F.);
#8844=ORIENTED_EDGE('',*,*,#8387,.F.);
#8845=ORIENTED_EDGE('',*,*,#8400,.F.);
#8846=ORIENTED_EDGE('',*,*,#8415,.F.);
#8848=ORIENTED_EDGE('',*,*,#8847,.F.);
#8850=ORIENTED_EDGE('',*,*,#8849,.F.);
#8851=ORIENTED_EDGE('',*,*,#8447,.F.);
#8852=ORIENTED_EDGE('',*,*,#8462,.F.);
#8853=ORIENTED_EDGE('',*,*,#8476,.F.);
#8854=ORIENTED_EDGE('',*,*,#8490,.F.);
#8855=ORIENTED_EDGE('',*,*,#8503,.F.);
#8856=ORIENTED_EDGE('',*,*,#8519,.F.);
#8857=ORIENTED_EDGE('',*,*,#8531,.F.);
#8858=ORIENTED_EDGE('',*,*,#8547,.F.);
#8859=ORIENTED_EDGE('',*,*,#8561,.F.);
#8860=ORIENTED_EDGE('',*,*,#8574,.F.);
#8861=ORIENTED_EDGE('',*,*,#8588,.F.);
#8862=ORIENTED_EDGE('',*,*,#8602,.F.);
#8863=ORIENTED_EDGE('',*,*,#8616,.F.);
#8864=ORIENTED_EDGE('',*,*,#8630,.F.);
#8865=ORIENTED_EDGE('',*,*,#8644,.F.);
#8866=ORIENTED_EDGE('',*,*,#8658,.F.);
#8867=ORIENTED_EDGE('',*,*,#8673,.F.);
#8869=ORIENTED_EDGE('',*,*,#8868,.F.);
#8871=ORIENTED_EDGE('',*,*,#8870,.F.);
#8872=ORIENTED_EDGE('',*,*,#8705,.F.);
#8873=ORIENTED_EDGE('',*,*,#8720,.F.);
#8874=ORIENTED_EDGE('',*,*,#8734,.F.);
#8875=ORIENTED_EDGE('',*,*,#8748,.F.);
#8876=ORIENTED_EDGE('',*,*,#8762,.F.);
#8877=ORIENTED_EDGE('',*,*,#8776,.F.);
#8878=ORIENTED_EDGE('',*,*,#8790,.F.);
#8879=ORIENTED_EDGE('',*,*,#8804,.F.);
#8880=ORIENTED_EDGE('',*,*,#8818,.F.);
#8881=ORIENTED_EDGE('',*,*,#8830,.F.);
#8882=EDGE_LOOP('',(#8842,#8843,#8844,#8845,#8846,#8848,#8850,#8851,#8852,#8853,
#8854,#8855,#8856,#8857,#8858,#8859,#8860,#8861,#8862,#8863,#8864,#8865,#8866,
#8867,#8869,#8871,#8872,#8873,#8874,#8875,#8876,#8877,#8878,#8879,#8880,#8881));
#8883=FACE_OUTER_BOUND('',#8882,.F.);
#8884=ADVANCED_FACE('',(#8883),#8841,.T.);
#8885=CARTESIAN_POINT('',(-2.07E0,3.E-2,-7.5E-2));
#8886=DIRECTION('',(0.E0,0.E0,1.E0));
#8887=DIRECTION('',(1.E0,0.E0,0.E0));
#8888=AXIS2_PLACEMENT_3D('',#8885,#8886,#8887);
#8889=CYLINDRICAL_SURFACE('',#8888,3.E-2);
#8890=ORIENTED_EDGE('',*,*,#8431,.F.);
#8892=ORIENTED_EDGE('',*,*,#8891,.T.);
#8893=ORIENTED_EDGE('',*,*,#8847,.T.);
#8894=ORIENTED_EDGE('',*,*,#8413,.F.);
#8895=EDGE_LOOP('',(#8890,#8892,#8893,#8894));
#8896=FACE_OUTER_BOUND('',#8895,.F.);
#8897=ADVANCED_FACE('',(#8896),#8889,.T.);
#8898=CARTESIAN_POINT('',(-2.1E0,5.E-2,-7.5E-2));
#8899=DIRECTION('',(-1.E0,0.E0,0.E0));
#8900=DIRECTION('',(0.E0,-1.E0,0.E0));
#8901=AXIS2_PLACEMENT_3D('',#8898,#8899,#8900);
#8902=PLANE('',#8901);
#8903=ORIENTED_EDGE('',*,*,#8429,.F.);
#8904=ORIENTED_EDGE('',*,*,#8449,.T.);
#8905=ORIENTED_EDGE('',*,*,#8849,.T.);
#8906=ORIENTED_EDGE('',*,*,#8891,.F.);
#8907=EDGE_LOOP('',(#8903,#8904,#8905,#8906));
#8908=FACE_OUTER_BOUND('',#8907,.F.);
#8909=ADVANCED_FACE('',(#8908),#8902,.T.);
#8910=CARTESIAN_POINT('',(-2.6E0,5.8E-1,-7.5E-2));
#8911=DIRECTION('',(-4.775133204199E-1,-8.786245095725E-1,0.E0));
#8912=DIRECTION('',(8.786245095725E-1,-4.775133204199E-1,0.E0));
#8913=AXIS2_PLACEMENT_3D('',#8910,#8911,#8912);
#8914=PLANE('',#8913);
#8915=ORIENTED_EDGE('',*,*,#8689,.F.);
#8917=ORIENTED_EDGE('',*,*,#8916,.T.);
#8918=ORIENTED_EDGE('',*,*,#8868,.T.);
#8919=ORIENTED_EDGE('',*,*,#8671,.F.);
#8920=EDGE_LOOP('',(#8915,#8917,#8918,#8919));
#8921=FACE_OUTER_BOUND('',#8920,.F.);
#8922=ADVANCED_FACE('',(#8921),#8914,.T.);
#8923=CARTESIAN_POINT('',(-2.6E0,6.E-1,-7.5E-2));
#8924=DIRECTION('',(-1.E0,0.E0,0.E0));
#8925=DIRECTION('',(0.E0,-1.E0,0.E0));
#8926=AXIS2_PLACEMENT_3D('',#8923,#8924,#8925);
#8927=PLANE('',#8926);
#8928=ORIENTED_EDGE('',*,*,#8687,.F.);
#8929=ORIENTED_EDGE('',*,*,#8707,.T.);
#8930=ORIENTED_EDGE('',*,*,#8870,.T.);
#8931=ORIENTED_EDGE('',*,*,#8916,.F.);
#8932=EDGE_LOOP('',(#8928,#8929,#8930,#8931));
#8933=FACE_OUTER_BOUND('',#8932,.F.);
#8934=ADVANCED_FACE('',(#8933),#8927,.T.);
#8935=CLOSED_SHELL('',(#8348,#8363,#8377,#8391,#8405,#8421,#8437,#8453,#8467,
#8481,#8495,#8509,#8523,#8537,#8551,#8565,#8579,#8593,#8607,#8621,#8635,#8649,
#8663,#8679,#8695,#8711,#8725,#8739,#8753,#8767,#8781,#8795,#8809,#8823,#8836,
#8884,#8897,#8909,#8922,#8934));
#8936=MANIFOLD_SOLID_BREP('',#8935);
#8937=(LENGTH_UNIT()NAMED_UNIT(*)SI_UNIT(.MILLI.,.METRE.));
#8938=DIMENSIONAL_EXPONENTS(0.E0,0.E0,0.E0,0.E0,0.E0,0.E0,0.E0);
#8939=(NAMED_UNIT(*)PLANE_ANGLE_UNIT()SI_UNIT($,.RADIAN.));
#8940=PLANE_ANGLE_MEASURE_WITH_UNIT(PLANE_ANGLE_MEASURE(1.745329251994E-2),
#8939);
#8941=(CONVERSION_BASED_UNIT('DEGREE',#8940)NAMED_UNIT(#8938)PLANE_ANGLE_UNIT(
));
#8942=(NAMED_UNIT(*)SI_UNIT($,.STERADIAN.)SOLID_ANGLE_UNIT());
#8943=UNCERTAINTY_MEASURE_WITH_UNIT(LENGTH_MEASURE(3.501130575676E-4),#8937,
'closure',
'Maximum model space distance between geometric entities at asserted connectivities');
#8944=(GEOMETRIC_REPRESENTATION_CONTEXT(3)GLOBAL_UNCERTAINTY_ASSIGNED_CONTEXT((
#8943))GLOBAL_UNIT_ASSIGNED_CONTEXT((#8937,#8941,#8942))REPRESENTATION_CONTEXT(
'ID2','3'));
#8945=CARTESIAN_POINT('',(0.E0,0.E0,0.E0));
#8946=DIRECTION('',(0.E0,0.E0,1.E0));
#8947=DIRECTION('',(1.E0,0.E0,0.E0));
#8950=MECHANICAL_CONTEXT('',#7623,'mechanical');
#8951=PRODUCT('CONTACT_U','CONTACT_U','NOT SPECIFIED',(#8950));
#8952=PRODUCT_DEFINITION_FORMATION_WITH_SPECIFIED_SOURCE('13','LAST_VERSION',
#8951,.MADE.);
#8958=CARTESIAN_POINT('',(1.E0,1.E-1,3.2E0));
#8959=DIRECTION('',(-1.E0,0.E0,0.E0));
#8960=DIRECTION('',(0.E0,0.E0,1.E0));
#8961=AXIS2_PLACEMENT_3D('',#8958,#8959,#8960);
#8962=ITEM_DEFINED_TRANSFORMATION('','',#8948,#8961);
#8963=(REPRESENTATION_RELATIONSHIP('','',#8949,#7634)REPRESENTATION_RELATIONSHIP_WITH_TRANSFORMATION(#8962)SHAPE_REPRESENTATION_RELATIONSHIP());
#8964=CONTEXT_DEPENDENT_SHAPE_REPRESENTATION(#8963,#8957);
#8967=CARTESIAN_POINT('',(5.E-1,1.E-1,3.2E0));
#8968=DIRECTION('',(-1.E0,0.E0,0.E0));
#8969=DIRECTION('',(0.E0,0.E0,1.E0));
#8970=AXIS2_PLACEMENT_3D('',#8967,#8968,#8969);
#8971=ITEM_DEFINED_TRANSFORMATION('','',#8948,#8970);
#8972=(REPRESENTATION_RELATIONSHIP('','',#8949,#7634)REPRESENTATION_RELATIONSHIP_WITH_TRANSFORMATION(#8971)SHAPE_REPRESENTATION_RELATIONSHIP());
#8973=CONTEXT_DEPENDENT_SHAPE_REPRESENTATION(#8972,#8966);
#8976=CARTESIAN_POINT('',(0.E0,1.E-1,3.2E0));
#8977=DIRECTION('',(-1.E0,0.E0,0.E0));
#8978=DIRECTION('',(0.E0,0.E0,1.E0));
#8979=AXIS2_PLACEMENT_3D('',#8976,#8977,#8978);
#8980=ITEM_DEFINED_TRANSFORMATION('','',#8948,#8979);
#8981=(REPRESENTATION_RELATIONSHIP('','',#8949,#7634)REPRESENTATION_RELATIONSHIP_WITH_TRANSFORMATION(#8980)SHAPE_REPRESENTATION_RELATIONSHIP());
#8982=CONTEXT_DEPENDENT_SHAPE_REPRESENTATION(#8981,#8975);
#8985=CARTESIAN_POINT('',(-5.E-1,1.E-1,3.2E0));
#8986=DIRECTION('',(-1.E0,0.E0,0.E0));
#8987=DIRECTION('',(0.E0,0.E0,1.E0));
#8988=AXIS2_PLACEMENT_3D('',#8985,#8986,#8987);
#8989=ITEM_DEFINED_TRANSFORMATION('','',#8948,#8988);
#8990=(REPRESENTATION_RELATIONSHIP('','',#8949,#7634)REPRESENTATION_RELATIONSHIP_WITH_TRANSFORMATION(#8989)SHAPE_REPRESENTATION_RELATIONSHIP());
#8991=CONTEXT_DEPENDENT_SHAPE_REPRESENTATION(#8990,#8984);
#8994=CARTESIAN_POINT('',(-1.E0,1.E-1,3.2E0));
#8995=DIRECTION('',(-1.E0,0.E0,0.E0));
#8996=DIRECTION('',(0.E0,0.E0,1.E0));
#8997=AXIS2_PLACEMENT_3D('',#8994,#8995,#8996);
#8998=ITEM_DEFINED_TRANSFORMATION('','',#8948,#8997);
#8999=(REPRESENTATION_RELATIONSHIP('','',#8949,#7634)REPRESENTATION_RELATIONSHIP_WITH_TRANSFORMATION(#8998)SHAPE_REPRESENTATION_RELATIONSHIP());
#9000=CONTEXT_DEPENDENT_SHAPE_REPRESENTATION(#8999,#8993);
#9002=DIRECTION('',(0.E0,0.E0,-1.E0));
#9003=VECTOR('',#9002,5.444837038703E-1);
#9004=CARTESIAN_POINT('',(-1.86E0,1.8E-1,-1.551629612967E-2));
#9005=LINE('',#9004,#9003);
#9006=CARTESIAN_POINT('',(-1.86E0,8.E-2,-3.3E-1));
#9007=DIRECTION('',(1.E0,0.E0,0.E0));
#9008=DIRECTION('',(0.E0,3.030303030303E-1,9.529809208192E-1));
#9009=AXIS2_PLACEMENT_3D('',#9006,#9007,#9008);
#9011=DIRECTION('',(0.E0,-1.E0,0.E0));
#9012=VECTOR('',#9011,9.999999999999E-4);
#9013=CARTESIAN_POINT('',(-1.86E0,8.E-2,0.E0));
#9014=LINE('',#9013,#9012);
#9015=CARTESIAN_POINT('',(-1.86E0,7.9E-2,-7.9E-2));
#9016=DIRECTION('',(1.E0,0.E0,0.E0));
#9017=DIRECTION('',(0.E0,0.E0,1.E0));
#9018=AXIS2_PLACEMENT_3D('',#9015,#9016,#9017);
#9020=DIRECTION('',(0.E0,0.E0,-1.E0));
#9021=VECTOR('',#9020,3.81E-1);
#9022=CARTESIAN_POINT('',(-1.86E0,0.E0,-7.9E-2));
#9023=LINE('',#9022,#9021);
#9024=DIRECTION('',(0.E0,-7.071067811865E-1,7.071067811865E-1));
#9025=VECTOR('',#9024,1.414213562373E-1);
#9026=CARTESIAN_POINT('',(-1.86E0,1.E-1,-5.6E-1));
#9027=LINE('',#9026,#9025);
#9028=DIRECTION('',(0.E0,1.E0,0.E0));
#9029=VECTOR('',#9028,8.E-2);
#9030=CARTESIAN_POINT('',(-1.86E0,1.E-1,-5.6E-1));
#9031=LINE('',#9030,#9029);
#9032=DIRECTION('',(0.E0,0.E0,-1.E0));
#9033=VECTOR('',#9032,5.444837038703E-1);
#9034=CARTESIAN_POINT('',(-1.71E0,1.8E-1,-1.551629612967E-2));
#9035=LINE('',#9034,#9033);
#9036=DIRECTION('',(0.E0,0.E0,1.E0));
#9037=VECTOR('',#9036,5.444837038703E-1);
#9038=CARTESIAN_POINT('',(1.71E0,1.8E-1,-5.6E-1));
#9039=LINE('',#9038,#9037);
#9040=DIRECTION('',(1.E0,0.E0,0.E0));
#9041=VECTOR('',#9040,1.5E-1);
#9042=CARTESIAN_POINT('',(-1.86E0,1.8E-1,-5.6E-1));
#9043=LINE('',#9042,#9041);
#9044=DIRECTION('',(1.E0,0.E0,0.E0));
#9045=VECTOR('',#9044,3.6E-1);
#9046=CARTESIAN_POINT('',(-1.86E0,1.E-1,-5.6E-1));
#9047=LINE('',#9046,#9045);
#9048=DIRECTION('',(0.E0,-1.E0,0.E0));
#9049=VECTOR('',#9048,2.3E-1);
#9050=CARTESIAN_POINT('',(-1.71E0,4.1E-1,-5.6E-1));
#9051=LINE('',#9050,#9049);
#9052=DIRECTION('',(0.E0,7.071067811865E-1,-7.071067811865E-1));
#9053=VECTOR('',#9052,1.414213562373E-1);
#9054=CARTESIAN_POINT('',(-1.5E0,0.E0,-4.6E-1));
#9055=LINE('',#9054,#9053);
#9056=DIRECTION('',(1.E0,0.E0,0.E0));
#9057=VECTOR('',#9056,2.E-1);
#9058=CARTESIAN_POINT('',(-3.5E-1,0.E0,-2.43E0));
#9059=LINE('',#9058,#9057);
#9060=DIRECTION('',(0.E0,0.E0,-1.E0));
#9061=VECTOR('',#9060,2.07E0);
#9062=CARTESIAN_POINT('',(-3.5E-1,0.E0,-3.6E-1));
#9063=LINE('',#9062,#9061);
#9064=DIRECTION('',(0.E0,0.E0,1.E0));
#9065=VECTOR('',#9064,2.14E0);
#9066=CARTESIAN_POINT('',(-6.5E-1,0.E0,-2.5E0));
#9067=LINE('',#9066,#9065);
#9068=DIRECTION('',(1.E0,0.E0,0.E0));
#9069=VECTOR('',#9068,2.E-1);
#9070=CARTESIAN_POINT('',(-8.5E-1,0.E0,-2.5E0));
#9071=LINE('',#9070,#9069);
#9072=DIRECTION('',(0.E0,0.E0,-1.E0));
#9073=VECTOR('',#9072,2.14E0);
#9074=CARTESIAN_POINT('',(-8.5E-1,0.E0,-3.6E-1));
#9075=LINE('',#9074,#9073);
#9076=DIRECTION('',(0.E0,0.E0,1.E0));
#9077=VECTOR('',#9076,1.2E0);
#9078=CARTESIAN_POINT('',(-1.15E0,0.E0,-1.56E0));
#9079=LINE('',#9078,#9077);
#9080=DIRECTION('',(1.E0,0.E0,0.E0));
#9081=VECTOR('',#9080,5.E-2);
#9082=CARTESIAN_POINT('',(-1.2E0,0.E0,-1.56E0));
#9083=LINE('',#9082,#9081);
#9084=CARTESIAN_POINT('',(-1.2E0,0.E0,-1.61E0));
#9085=DIRECTION('',(0.E0,1.E0,0.E0));
#9086=DIRECTION('',(-1.E0,0.E0,2.664535259100E-14));
#9087=AXIS2_PLACEMENT_3D('',#9084,#9085,#9086);
#9089=DIRECTION('',(0.E0,0.E0,1.E0));
#9090=VECTOR('',#9089,7.5E-1);
#9091=CARTESIAN_POINT('',(-1.25E0,0.E0,-2.36E0));
#9092=LINE('',#9091,#9090);
#9093=DIRECTION('',(1.E0,0.E0,0.E0));
#9094=VECTOR('',#9093,2.5E-1);
#9095=CARTESIAN_POINT('',(-1.5E0,0.E0,-2.36E0));
#9096=LINE('',#9095,#9094);
#9097=DIRECTION('',(0.E0,0.E0,-1.E0));
#9098=VECTOR('',#9097,2.3E-1);
#9099=CARTESIAN_POINT('',(-1.5E0,0.E0,-2.13E0));
#9100=LINE('',#9099,#9098);
#9101=DIRECTION('',(-1.E0,0.E0,0.E0));
#9102=VECTOR('',#9101,2.5E-1);
#9103=CARTESIAN_POINT('',(-1.25E0,0.E0,-7.4E-1));
#9104=LINE('',#9103,#9102);
#9105=DIRECTION('',(0.E0,0.E0,-1.E0));
#9106=VECTOR('',#9105,3.6E-1);
#9107=CARTESIAN_POINT('',(-1.25E0,0.E0,-3.8E-1));
#9108=LINE('',#9107,#9106);
#9109=DIRECTION('',(-1.E0,0.E0,0.E0));
#9110=VECTOR('',#9109,2.5E-1);
#9111=CARTESIAN_POINT('',(-1.25E0,0.E0,-3.8E-1));
#9112=LINE('',#9111,#9110);
#9113=DIRECTION('',(0.E0,0.E0,-1.E0));
#9114=VECTOR('',#9113,8.E-2);
#9115=CARTESIAN_POINT('',(-1.5E0,0.E0,-3.8E-1));
#9116=LINE('',#9115,#9114);
#9117=DIRECTION('',(1.E0,0.E0,0.E0));
#9118=VECTOR('',#9117,3.6E-1);
#9119=CARTESIAN_POINT('',(-1.86E0,0.E0,-4.6E-1));
#9120=LINE('',#9119,#9118);
#9121=DIRECTION('',(1.E0,0.E0,0.E0));
#9122=VECTOR('',#9121,6.1E-1);
#9123=CARTESIAN_POINT('',(-1.86E0,0.E0,-7.9E-2));
#9124=LINE('',#9123,#9122);
#9125=DIRECTION('',(0.E0,0.E0,-1.E0));
#9126=VECTOR('',#9125,6.E-2);
#9127=CARTESIAN_POINT('',(-1.25E0,0.E0,-7.9E-2));
#9128=LINE('',#9127,#9126);
#9129=DIRECTION('',(0.E0,0.E0,-1.E0));
#9130=VECTOR('',#9129,6.E-2);
#9131=CARTESIAN_POINT('',(1.25E0,0.E0,-7.9E-2));
#9132=LINE('',#9131,#9130);
#9133=DIRECTION('',(1.E0,0.E0,0.E0));
#9134=VECTOR('',#9133,6.1E-1);
#9135=CARTESIAN_POINT('',(1.25E0,0.E0,-7.9E-2));
#9136=LINE('',#9135,#9134);
#9137=DIRECTION('',(1.E0,0.E0,0.E0));
#9138=VECTOR('',#9137,3.6E-1);
#9139=CARTESIAN_POINT('',(1.5E0,0.E0,-4.6E-1));
#9140=LINE('',#9139,#9138);
#9141=DIRECTION('',(0.E0,0.E0,-1.E0));
#9142=VECTOR('',#9141,8.E-2);
#9143=CARTESIAN_POINT('',(1.5E0,0.E0,-3.8E-1));
#9144=LINE('',#9143,#9142);
#9145=DIRECTION('',(1.E0,0.E0,0.E0));
#9146=VECTOR('',#9145,2.5E-1);
#9147=CARTESIAN_POINT('',(1.25E0,0.E0,-3.8E-1));
#9148=LINE('',#9147,#9146);
#9149=DIRECTION('',(0.E0,0.E0,-1.E0));
#9150=VECTOR('',#9149,3.6E-1);
#9151=CARTESIAN_POINT('',(1.25E0,0.E0,-3.8E-1));
#9152=LINE('',#9151,#9150);
#9153=DIRECTION('',(1.E0,0.E0,0.E0));
#9154=VECTOR('',#9153,2.5E-1);
#9155=CARTESIAN_POINT('',(1.25E0,0.E0,-7.4E-1));
#9156=LINE('',#9155,#9154);
#9157=DIRECTION('',(0.E0,0.E0,-1.E0));
#9158=VECTOR('',#9157,2.3E-1);
#9159=CARTESIAN_POINT('',(1.5E0,0.E0,-2.13E0));
#9160=LINE('',#9159,#9158);
#9161=DIRECTION('',(1.E0,0.E0,0.E0));
#9162=VECTOR('',#9161,2.5E-1);
#9163=CARTESIAN_POINT('',(1.25E0,0.E0,-2.36E0));
#9164=LINE('',#9163,#9162);
#9165=DIRECTION('',(0.E0,0.E0,-1.E0));
#9166=VECTOR('',#9165,7.5E-1);
#9167=CARTESIAN_POINT('',(1.25E0,0.E0,-1.61E0));
#9168=LINE('',#9167,#9166);
#9169=CARTESIAN_POINT('',(1.2E0,0.E0,-1.61E0));
#9170=DIRECTION('',(0.E0,1.E0,0.E0));
#9171=DIRECTION('',(2.664535259100E-14,0.E0,1.E0));
#9172=AXIS2_PLACEMENT_3D('',#9169,#9170,#9171);
#9174=DIRECTION('',(1.E0,0.E0,0.E0));
#9175=VECTOR('',#9174,5.E-2);
#9176=CARTESIAN_POINT('',(1.15E0,0.E0,-1.56E0));
#9177=LINE('',#9176,#9175);
#9178=DIRECTION('',(0.E0,0.E0,-1.E0));
#9179=VECTOR('',#9178,1.2E0);
#9180=CARTESIAN_POINT('',(1.15E0,0.E0,-3.6E-1));
#9181=LINE('',#9180,#9179);
#9182=DIRECTION('',(0.E0,0.E0,1.E0));
#9183=VECTOR('',#9182,2.14E0);
#9184=CARTESIAN_POINT('',(8.5E-1,0.E0,-2.5E0));
#9185=LINE('',#9184,#9183);
#9186=DIRECTION('',(1.E0,0.E0,0.E0));
#9187=VECTOR('',#9186,2.E-1);
#9188=CARTESIAN_POINT('',(6.5E-1,0.E0,-2.5E0));
#9189=LINE('',#9188,#9187);
#9190=DIRECTION('',(0.E0,0.E0,-1.E0));
#9191=VECTOR('',#9190,2.14E0);
#9192=CARTESIAN_POINT('',(6.5E-1,0.E0,-3.6E-1));
#9193=LINE('',#9192,#9191);
#9194=DIRECTION('',(0.E0,0.E0,1.E0));
#9195=VECTOR('',#9194,2.07E0);
#9196=CARTESIAN_POINT('',(3.5E-1,0.E0,-2.43E0));
#9197=LINE('',#9196,#9195);
#9198=DIRECTION('',(1.E0,0.E0,0.E0));
#9199=VECTOR('',#9198,2.E-1);
#9200=CARTESIAN_POINT('',(1.5E-1,0.E0,-2.43E0));
#9201=LINE('',#9200,#9199);
#9202=DIRECTION('',(0.E0,0.E0,-1.E0));
#9203=VECTOR('',#9202,2.07E0);
#9204=CARTESIAN_POINT('',(1.5E-1,0.E0,-3.6E-1));
#9205=LINE('',#9204,#9203);
#9206=DIRECTION('',(0.E0,0.E0,1.E0));
#9207=VECTOR('',#9206,2.07E0);
#9208=CARTESIAN_POINT('',(-1.5E-1,0.E0,-2.43E0));
#9209=LINE('',#9208,#9207);
#9210=DIRECTION('',(5.773502691896E-1,5.773502691896E-1,-5.773502691896E-1));
#9211=VECTOR('',#9210,5.196152422707E-2);
#9212=CARTESIAN_POINT('',(-1.5E-1,0.E0,-2.43E0));
#9213=LINE('',#9212,#9211);
#9214=CARTESIAN_POINT('',(-1.5E-1,0.E0,-3.6E-1));
#9215=CARTESIAN_POINT('',(-1.5E-1,0.E0,-3.660355339059E-1));
#9216=CARTESIAN_POINT('',(-1.471927214869E-1,2.807278513091E-3,
-3.741365103712E-1));
#9217=CARTESIAN_POINT('',(-1.382025706830E-1,1.179742931699E-2,
-3.855646528003E-1));
#9218=CARTESIAN_POINT('',(-1.285355339059E-1,2.146446609407E-2,-3.9E-1));
#9219=CARTESIAN_POINT('',(-1.2E-1,3.E-2,-3.9E-1));
#9221=DIRECTION('',(1.E0,0.E0,0.E0));
#9222=VECTOR('',#9221,3.E-1);
#9223=CARTESIAN_POINT('',(-1.5E-1,0.E0,-3.6E-1));
#9224=LINE('',#9223,#9222);
#9225=DIRECTION('',(5.773502691896E-1,-5.773502691896E-1,5.773502691896E-1));
#9226=VECTOR('',#9225,5.196152422707E-2);
#9227=CARTESIAN_POINT('',(1.2E-1,3.E-2,-2.46E0));
#9228=LINE('',#9227,#9226);
#9229=CARTESIAN_POINT('',(1.2E-1,3.E-2,-3.9E-1));
#9230=CARTESIAN_POINT('',(1.285355339059E-1,2.146446609407E-2,-3.9E-1));
#9231=CARTESIAN_POINT('',(1.382025706830E-1,1.179742931699E-2,
-3.855646528003E-1));
#9232=CARTESIAN_POINT('',(1.471927214869E-1,2.807278513091E-3,
-3.741365103712E-1));
#9233=CARTESIAN_POINT('',(1.5E-1,0.E0,-3.660355339059E-1));
#9234=CARTESIAN_POINT('',(1.5E-1,0.E0,-3.6E-1));
#9236=DIRECTION('',(-5.773502691896E-1,-5.773502691896E-1,5.773502691896E-1));
#9237=VECTOR('',#9236,5.196152422707E-2);
#9238=CARTESIAN_POINT('',(3.8E-1,3.E-2,-2.46E0));
#9239=LINE('',#9238,#9237);
#9240=DIRECTION('',(1.E0,0.E0,0.E0));
#9241=VECTOR('',#9240,2.6E-1);
#9242=CARTESIAN_POINT('',(1.2E-1,3.E-2,-2.46E0));
#9243=LINE('',#9242,#9241);
#9244=DIRECTION('',(1.E0,0.E0,0.E0));
#9245=VECTOR('',#9244,2.6E-1);
#9246=CARTESIAN_POINT('',(-3.8E-1,3.E-2,-2.46E0));
#9247=LINE('',#9246,#9245);
#9248=DIRECTION('',(0.E0,0.E0,1.E0));
#9249=VECTOR('',#9248,2.07E0);
#9250=CARTESIAN_POINT('',(3.8E-1,3.E-2,-2.46E0));
#9251=LINE('',#9250,#9249);
#9252=DIRECTION('',(0.E0,1.E0,0.E0));
#9253=VECTOR('',#9252,5.E-2);
#9254=CARTESIAN_POINT('',(3.8E-1,3.E-2,-3.9E-1));
#9255=LINE('',#9254,#9253);
#9256=CARTESIAN_POINT('',(3.8E-1,8.E-2,-3.2E-1));
#9257=DIRECTION('',(1.E0,0.E0,0.E0));
#9258=DIRECTION('',(0.E0,0.E0,-1.E0));
#9259=AXIS2_PLACEMENT_3D('',#9256,#9257,#9258);
#9261=DIRECTION('',(0.E0,0.E0,1.E0));
#9262=VECTOR('',#9261,1.9E-1);
#9263=CARTESIAN_POINT('',(3.8E-1,1.5E-1,-3.2E-1));
#9264=LINE('',#9263,#9262);
#9265=CARTESIAN_POINT('',(3.8E-1,8.E-2,-1.3E-1));
#9266=DIRECTION('',(1.E0,0.E0,0.E0));
#9267=DIRECTION('',(0.E0,1.E0,0.E0));
#9268=AXIS2_PLACEMENT_3D('',#9265,#9266,#9267);
#9270=CARTESIAN_POINT('',(3.8E-1,8.E-2,-3.899980079602E-1));
#9271=DIRECTION('',(1.E0,0.E0,0.E0));
#9272=DIRECTION('',(0.E0,1.E0,0.E0));
#9273=AXIS2_PLACEMENT_3D('',#9270,#9271,#9272);
#9275=DIRECTION('',(0.E0,-1.E0,0.E0));
#9276=VECTOR('',#9275,1.2E-1);
#9277=CARTESIAN_POINT('',(3.8E-1,4.1E-1,-6.9E-1));
#9278=LINE('',#9277,#9276);
#9279=DIRECTION('',(0.E0,0.E0,-1.E0));
#9280=VECTOR('',#9279,1.77E0);
#9281=CARTESIAN_POINT('',(3.8E-1,2.9E-1,-6.9E-1));
#9282=LINE('',#9281,#9280);
#9283=DIRECTION('',(0.E0,1.E0,0.E0));
#9284=VECTOR('',#9283,2.6E-1);
#9285=CARTESIAN_POINT('',(3.8E-1,3.E-2,-2.46E0));
#9286=LINE('',#9285,#9284);
#9287=CARTESIAN_POINT('',(3.5E-1,0.E0,-3.6E-1));
#9288=CARTESIAN_POINT('',(3.5E-1,0.E0,-3.660355339059E-1));
#9289=CARTESIAN_POINT('',(3.528072785131E-1,2.807278513091E-3,
-3.741365103712E-1));
#9290=CARTESIAN_POINT('',(3.617974293170E-1,1.179742931699E-2,
-3.855646528003E-1));
#9291=CARTESIAN_POINT('',(3.714644660941E-1,2.146446609407E-2,-3.9E-1));
#9292=CARTESIAN_POINT('',(3.8E-1,3.E-2,-3.9E-1));
#9294=DIRECTION('',(1.E0,0.E0,0.E0));
#9295=VECTOR('',#9294,3.E-1);
#9296=CARTESIAN_POINT('',(3.5E-1,0.E0,-3.6E-1));
#9297=LINE('',#9296,#9295);
#9298=CARTESIAN_POINT('',(6.2E-1,3.E-2,-3.9E-1));
#9299=CARTESIAN_POINT('',(6.285355339059E-1,2.146446609407E-2,-3.9E-1));
#9300=CARTESIAN_POINT('',(6.382025706830E-1,1.179742931699E-2,
-3.855646528003E-1));
#9301=CARTESIAN_POINT('',(6.471927214869E-1,2.807278513091E-3,
-3.741365103712E-1));
#9302=CARTESIAN_POINT('',(6.5E-1,0.E0,-3.660355339059E-1));
#9303=CARTESIAN_POINT('',(6.5E-1,0.E0,-3.6E-1));
#9305=DIRECTION('',(-5.773502691896E-1,5.773502691896E-1,-5.773502691896E-1));
#9306=VECTOR('',#9305,5.196152422707E-2);
#9307=CARTESIAN_POINT('',(6.5E-1,0.E0,-2.5E0));
#9308=LINE('',#9307,#9306);
#9309=CARTESIAN_POINT('',(6.2E-1,2.4E-1,-2.63E0));
#9310=DIRECTION('',(-1.E0,0.E0,0.E0));
#9311=DIRECTION('',(0.E0,0.E0,-1.E0));
#9312=AXIS2_PLACEMENT_3D('',#9309,#9310,#9311);
#9314=DIRECTION('',(0.E0,1.E0,0.E0));
#9315=VECTOR('',#9314,1.7E-1);
#9316=CARTESIAN_POINT('',(6.2E-1,2.4E-1,-2.66E0));
#9317=LINE('',#9316,#9315);
#9318=DIRECTION('',(0.E0,0.E0,1.E0));
#9319=VECTOR('',#9318,1.92E0);
#9320=CARTESIAN_POINT('',(6.2E-1,2.9E-1,-2.61E0));
#9321=LINE('',#9320,#9319);
#9322=DIRECTION('',(0.E0,-1.E0,0.E0));
#9323=VECTOR('',#9322,1.2E-1);
#9324=CARTESIAN_POINT('',(6.2E-1,4.1E-1,-6.9E-1));
#9325=LINE('',#9324,#9323);
#9326=CARTESIAN_POINT('',(6.2E-1,8.E-2,-3.899980079602E-1));
#9327=DIRECTION('',(1.E0,0.E0,0.E0));
#9328=DIRECTION('',(0.E0,1.E0,0.E0));
#9329=AXIS2_PLACEMENT_3D('',#9326,#9327,#9328);
#9331=CARTESIAN_POINT('',(6.2E-1,8.E-2,-1.3E-1));
#9332=DIRECTION('',(1.E0,0.E0,0.E0));
#9333=DIRECTION('',(0.E0,1.E0,0.E0));
#9334=AXIS2_PLACEMENT_3D('',#9331,#9332,#9333);
#9336=DIRECTION('',(0.E0,0.E0,1.E0));
#9337=VECTOR('',#9336,1.9E-1);
#9338=CARTESIAN_POINT('',(6.2E-1,1.5E-1,-3.2E-1));
#9339=LINE('',#9338,#9337);
#9340=CARTESIAN_POINT('',(6.2E-1,8.E-2,-3.2E-1));
#9341=DIRECTION('',(1.E0,0.E0,0.E0));
#9342=DIRECTION('',(0.E0,0.E0,-1.E0));
#9343=AXIS2_PLACEMENT_3D('',#9340,#9341,#9342);
#9345=DIRECTION('',(0.E0,1.E0,0.E0));
#9346=VECTOR('',#9345,5.E-2);
#9347=CARTESIAN_POINT('',(6.2E-1,3.E-2,-3.9E-1));
#9348=LINE('',#9347,#9346);
#9349=DIRECTION('',(0.E0,0.E0,-1.E0));
#9350=VECTOR('',#9349,2.14E0);
#9351=CARTESIAN_POINT('',(6.2E-1,3.E-2,-3.9E-1));
#9352=LINE('',#9351,#9350);
#9353=DIRECTION('',(0.E0,1.E0,0.E0));
#9354=VECTOR('',#9353,1.8E-1);
#9355=CARTESIAN_POINT('',(6.2E-1,3.E-2,-2.53E0));
#9356=LINE('',#9355,#9354);
#9357=DIRECTION('',(1.E0,0.E0,0.E0));
#9358=VECTOR('',#9357,2.6E-1);
#9359=CARTESIAN_POINT('',(-8.8E-1,2.1E-1,-2.63E0));
#9360=LINE('',#9359,#9358);
#9361=DIRECTION('',(0.E0,0.E0,-1.E0));
#9362=VECTOR('',#9361,1.E-1);
#9363=CARTESIAN_POINT('',(-8.8E-1,2.1E-1,-2.53E0));
#9364=LINE('',#9363,#9362);
#9365=DIRECTION('',(0.E0,0.E0,1.E0));
#9366=VECTOR('',#9365,1.E-1);
#9367=CARTESIAN_POINT('',(-6.2E-1,2.1E-1,-2.63E0));
#9368=LINE('',#9367,#9366);
#9369=DIRECTION('',(1.E0,0.E0,0.E0));
#9370=VECTOR('',#9369,2.6E-1);
#9371=CARTESIAN_POINT('',(6.2E-1,2.1E-1,-2.63E0));
#9372=LINE('',#9371,#9370);
#9373=DIRECTION('',(0.E0,0.E0,-1.E0));
#9374=VECTOR('',#9373,1.E-1);
#9375=CARTESIAN_POINT('',(6.2E-1,2.1E-1,-2.53E0));
#9376=LINE('',#9375,#9374);
#9377=DIRECTION('',(0.E0,0.E0,1.E0));
#9378=VECTOR('',#9377,1.E-1);
#9379=CARTESIAN_POINT('',(8.8E-1,2.1E-1,-2.63E0));
#9380=LINE('',#9379,#9378);
#9381=CARTESIAN_POINT('',(-6.2E-1,2.4E-1,-2.63E0));
#9382=DIRECTION('',(1.E0,0.E0,0.E0));
#9383=DIRECTION('',(0.E0,-1.E0,0.E0));
#9384=AXIS2_PLACEMENT_3D('',#9381,#9382,#9383);
#9386=DIRECTION('',(0.E0,1.E0,0.E0));
#9387=VECTOR('',#9386,1.8E-1);
#9388=CARTESIAN_POINT('',(-6.2E-1,3.E-2,-2.53E0));
#9389=LINE('',#9388,#9387);
#9390=DIRECTION('',(0.E0,0.E0,1.E0));
#9391=VECTOR('',#9390,2.14E0);
#9392=CARTESIAN_POINT('',(-6.2E-1,3.E-2,-2.53E0));
#9393=LINE('',#9392,#9391);
#9394=DIRECTION('',(0.E0,1.E0,0.E0));
#9395=VECTOR('',#9394,5.E-2);
#9396=CARTESIAN_POINT('',(-6.2E-1,3.E-2,-3.9E-1));
#9397=LINE('',#9396,#9395);
#9398=CARTESIAN_POINT('',(-6.2E-1,8.E-2,-3.2E-1));
#9399=DIRECTION('',(1.E0,0.E0,0.E0));
#9400=DIRECTION('',(0.E0,0.E0,-1.E0));
#9401=AXIS2_PLACEMENT_3D('',#9398,#9399,#9400);
#9403=DIRECTION('',(0.E0,0.E0,1.E0));
#9404=VECTOR('',#9403,1.9E-1);
#9405=CARTESIAN_POINT('',(-6.2E-1,1.5E-1,-3.2E-1));
#9406=LINE('',#9405,#9404);
#9407=CARTESIAN_POINT('',(-6.2E-1,8.E-2,-1.3E-1));
#9408=DIRECTION('',(1.E0,0.E0,0.E0));
#9409=DIRECTION('',(0.E0,1.E0,0.E0));
#9410=AXIS2_PLACEMENT_3D('',#9407,#9408,#9409);
#9412=CARTESIAN_POINT('',(-6.2E-1,8.E-2,-3.899980079602E-1));
#9413=DIRECTION('',(1.E0,0.E0,0.E0));
#9414=DIRECTION('',(0.E0,1.E0,0.E0));
#9415=AXIS2_PLACEMENT_3D('',#9412,#9413,#9414);
#9417=DIRECTION('',(0.E0,-1.E0,0.E0));
#9418=VECTOR('',#9417,1.2E-1);
#9419=CARTESIAN_POINT('',(-6.2E-1,4.1E-1,-6.9E-1));
#9420=LINE('',#9419,#9418);
#9421=DIRECTION('',(0.E0,0.E0,-1.E0));
#9422=VECTOR('',#9421,1.92E0);
#9423=CARTESIAN_POINT('',(-6.2E-1,2.9E-1,-6.9E-1));
#9424=LINE('',#9423,#9422);
#9425=DIRECTION('',(0.E0,1.E0,0.E0));
#9426=VECTOR('',#9425,1.2E-1);
#9427=CARTESIAN_POINT('',(-6.2E-1,2.9E-1,-2.61E0));
#9428=LINE('',#9427,#9426);
#9429=DIRECTION('',(0.E0,-1.E0,0.E0));
#9430=VECTOR('',#9429,1.7E-1);
#9431=CARTESIAN_POINT('',(-6.2E-1,4.1E-1,-2.66E0));
#9432=LINE('',#9431,#9430);
#9433=DIRECTION('',(1.E0,0.E0,0.E0));
#9434=VECTOR('',#9433,2.6E-1);
#9435=CARTESIAN_POINT('',(-8.8E-1,3.E-2,-2.53E0));
#9436=LINE('',#9435,#9434);
#9437=DIRECTION('',(-1.E0,0.E0,0.E0));
#9438=VECTOR('',#9437,2.6E-1);
#9439=CARTESIAN_POINT('',(-6.2E-1,2.1E-1,-2.53E0));
#9440=LINE('',#9439,#9438);
#9441=DIRECTION('',(-5.773502691896E-1,-5.773502691896E-1,5.773502691896E-1));
#9442=VECTOR('',#9441,5.196152422707E-2);
#9443=CARTESIAN_POINT('',(-6.2E-1,3.E-2,-2.53E0));
#9444=LINE('',#9443,#9442);
#9445=DIRECTION('',(5.773502691896E-1,-5.773502691896E-1,5.773502691896E-1));
#9446=VECTOR('',#9445,5.196152422707E-2);
#9447=CARTESIAN_POINT('',(-8.8E-1,3.E-2,-2.53E0));
#9448=LINE('',#9447,#9446);
#9449=CARTESIAN_POINT('',(-8.8E-1,3.E-2,-3.9E-1));
#9450=CARTESIAN_POINT('',(-8.714644660941E-1,2.146446609407E-2,-3.9E-1));
#9451=CARTESIAN_POINT('',(-8.617974293170E-1,1.179742931698E-2,
-3.855646528003E-1));
#9452=CARTESIAN_POINT('',(-8.528072785131E-1,2.807278513091E-3,
-3.741365103712E-1));
#9453=CARTESIAN_POINT('',(-8.5E-1,0.E0,-3.660355339059E-1));
#9454=CARTESIAN_POINT('',(-8.5E-1,0.E0,-3.6E-1));
#9456=CARTESIAN_POINT('',(-8.8E-1,2.4E-1,-2.63E0));
#9457=DIRECTION('',(-1.E0,0.E0,0.E0));
#9458=DIRECTION('',(0.E0,0.E0,-1.E0));
#9459=AXIS2_PLACEMENT_3D('',#9456,#9457,#9458);
#9461=DIRECTION('',(0.E0,0.E0,1.E0));
#9462=VECTOR('',#9461,1.97E0);
#9463=CARTESIAN_POINT('',(-8.8E-1,2.9E-1,-2.66E0));
#9464=LINE('',#9463,#9462);
#9465=DIRECTION('',(0.E0,-1.E0,0.E0));
#9466=VECTOR('',#9465,1.2E-1);
#9467=CARTESIAN_POINT('',(-8.8E-1,4.1E-1,-6.9E-1));
#9468=LINE('',#9467,#9466);
#9469=CARTESIAN_POINT('',(-8.8E-1,8.E-2,-3.899980079602E-1));
#9470=DIRECTION('',(1.E0,0.E0,0.E0));
#9471=DIRECTION('',(0.E0,1.E0,0.E0));
#9472=AXIS2_PLACEMENT_3D('',#9469,#9470,#9471);
#9474=CARTESIAN_POINT('',(-8.8E-1,8.E-2,-1.3E-1));
#9475=DIRECTION('',(-1.E0,0.E0,0.E0));
#9476=DIRECTION('',(0.E0,0.E0,1.E0));
#9477=AXIS2_PLACEMENT_3D('',#9474,#9475,#9476);
#9479=DIRECTION('',(0.E0,0.E0,-1.E0));
#9480=VECTOR('',#9479,1.9E-1);
#9481=CARTESIAN_POINT('',(-8.8E-1,1.5E-1,-1.3E-1));
#9482=LINE('',#9481,#9480);
#9483=CARTESIAN_POINT('',(-8.8E-1,8.E-2,-3.2E-1));
#9484=DIRECTION('',(-1.E0,0.E0,0.E0));
#9485=DIRECTION('',(0.E0,1.E0,0.E0));
#9486=AXIS2_PLACEMENT_3D('',#9483,#9484,#9485);
#9488=DIRECTION('',(0.E0,-1.E0,0.E0));
#9489=VECTOR('',#9488,5.E-2);
#9490=CARTESIAN_POINT('',(-8.8E-1,8.E-2,-3.9E-1));
#9491=LINE('',#9490,#9489);
#9492=DIRECTION('',(0.E0,0.E0,-1.E0));
#9493=VECTOR('',#9492,2.14E0);
#9494=CARTESIAN_POINT('',(-8.8E-1,3.E-2,-3.9E-1));
#9495=LINE('',#9494,#9493);
#9496=DIRECTION('',(0.E0,1.E0,0.E0));
#9497=VECTOR('',#9496,1.8E-1);
#9498=CARTESIAN_POINT('',(-8.8E-1,3.E-2,-2.53E0));
#9499=LINE('',#9498,#9497);
#9500=DIRECTION('',(1.E0,0.E0,0.E0));
#9501=VECTOR('',#9500,2.6E-1);
#9502=CARTESIAN_POINT('',(-8.8E-1,2.4E-1,-2.66E0));
#9503=LINE('',#9502,#9501);
#9504=DIRECTION('',(0.E0,1.E0,0.E0));
#9505=VECTOR('',#9504,1.2E-1);
#9506=CARTESIAN_POINT('',(-9.E-1,2.9E-1,-2.66E0));
#9507=LINE('',#9506,#9505);
#9508=DIRECTION('',(0.E0,-1.E0,0.E0));
#9509=VECTOR('',#9508,5.E-2);
#9510=CARTESIAN_POINT('',(-8.8E-1,2.9E-1,-2.66E0));
#9511=LINE('',#9510,#9509);
#9512=DIRECTION('',(1.E0,0.E0,0.E0));
#9513=VECTOR('',#9512,2.6E-1);
#9514=CARTESIAN_POINT('',(6.2E-1,2.4E-1,-2.66E0));
#9515=LINE('',#9514,#9513);
#9516=DIRECTION('',(0.E0,-1.E0,0.E0));
#9517=VECTOR('',#9516,1.2E-1);
#9518=CARTESIAN_POINT('',(9.E-1,4.1E-1,-2.66E0));
#9519=LINE('',#9518,#9517);
#9520=DIRECTION('',(0.E0,0.E0,-1.E0));
#9521=VECTOR('',#9520,2.3E-1);
#9522=CARTESIAN_POINT('',(1.71E0,4.1E-1,-3.3E-1));
#9523=LINE('',#9522,#9521);
#9524=DIRECTION('',(0.E0,0.E0,-1.E0));
#9525=VECTOR('',#9524,5.999800796022E-2);
#9526=CARTESIAN_POINT('',(1.25E0,4.1E-1,-3.3E-1));
#9527=LINE('',#9526,#9525);
#9528=DIRECTION('',(1.E0,0.E0,0.E0));
#9529=VECTOR('',#9528,1.3E-1);
#9530=CARTESIAN_POINT('',(1.12E0,4.1E-1,-3.899980079602E-1));
#9531=LINE('',#9530,#9529);
#9532=DIRECTION('',(0.E0,0.E0,1.E0));
#9533=VECTOR('',#9532,3.000019920398E-1);
#9534=CARTESIAN_POINT('',(1.12E0,4.1E-1,-6.9E-1));
#9535=LINE('',#9534,#9533);
#9536=DIRECTION('',(-1.E0,0.E0,0.E0));
#9537=VECTOR('',#9536,2.4E-1);
#9538=CARTESIAN_POINT('',(1.12E0,4.1E-1,-6.9E-1));
#9539=LINE('',#9538,#9537);
#9540=DIRECTION('',(0.E0,0.E0,1.E0));
#9541=VECTOR('',#9540,3.000019920398E-1);
#9542=CARTESIAN_POINT('',(8.8E-1,4.1E-1,-6.9E-1));
#9543=LINE('',#9542,#9541);
#9544=DIRECTION('',(1.E0,0.E0,0.E0));
#9545=VECTOR('',#9544,2.6E-1);
#9546=CARTESIAN_POINT('',(6.2E-1,4.1E-1,-3.899980079602E-1));
#9547=LINE('',#9546,#9545);
#9548=DIRECTION('',(0.E0,0.E0,1.E0));
#9549=VECTOR('',#9548,3.000019920398E-1);
#9550=CARTESIAN_POINT('',(6.2E-1,4.1E-1,-6.9E-1));
#9551=LINE('',#9550,#9549);
#9552=DIRECTION('',(-1.E0,0.E0,0.E0));
#9553=VECTOR('',#9552,2.4E-1);
#9554=CARTESIAN_POINT('',(6.2E-1,4.1E-1,-6.9E-1));
#9555=LINE('',#9554,#9553);
#9556=DIRECTION('',(0.E0,0.E0,1.E0));
#9557=VECTOR('',#9556,3.000019920398E-1);
#9558=CARTESIAN_POINT('',(3.8E-1,4.1E-1,-6.9E-1));
#9559=LINE('',#9558,#9557);
#9560=DIRECTION('',(1.E0,0.E0,0.E0));
#9561=VECTOR('',#9560,2.6E-1);
#9562=CARTESIAN_POINT('',(1.2E-1,4.1E-1,-3.899980079602E-1));
#9563=LINE('',#9562,#9561);
#9564=DIRECTION('',(0.E0,0.E0,1.E0));
#9565=VECTOR('',#9564,3.000019920398E-1);
#9566=CARTESIAN_POINT('',(1.2E-1,4.1E-1,-6.9E-1));
#9567=LINE('',#9566,#9565);
#9568=DIRECTION('',(-1.E0,0.E0,0.E0));
#9569=VECTOR('',#9568,2.4E-1);
#9570=CARTESIAN_POINT('',(1.2E-1,4.1E-1,-6.9E-1));
#9571=LINE('',#9570,#9569);
#9572=DIRECTION('',(0.E0,0.E0,1.E0));
#9573=VECTOR('',#9572,3.000019920398E-1);
#9574=CARTESIAN_POINT('',(-1.2E-1,4.1E-1,-6.9E-1));
#9575=LINE('',#9574,#9573);
#9576=DIRECTION('',(1.E0,0.E0,0.E0));
#9577=VECTOR('',#9576,2.6E-1);
#9578=CARTESIAN_POINT('',(-3.8E-1,4.1E-1,-3.899980079602E-1));
#9579=LINE('',#9578,#9577);
#9580=DIRECTION('',(0.E0,0.E0,1.E0));
#9581=VECTOR('',#9580,3.000019920398E-1);
#9582=CARTESIAN_POINT('',(-3.8E-1,4.1E-1,-6.9E-1));
#9583=LINE('',#9582,#9581);
#9584=DIRECTION('',(-1.E0,0.E0,0.E0));
#9585=VECTOR('',#9584,2.4E-1);
#9586=CARTESIAN_POINT('',(-3.8E-1,4.1E-1,-6.9E-1));
#9587=LINE('',#9586,#9585);
#9588=DIRECTION('',(0.E0,0.E0,1.E0));
#9589=VECTOR('',#9588,3.000019920398E-1);
#9590=CARTESIAN_POINT('',(-6.2E-1,4.1E-1,-6.9E-1));
#9591=LINE('',#9590,#9589);
#9592=DIRECTION('',(1.E0,0.E0,0.E0));
#9593=VECTOR('',#9592,2.6E-1);
#9594=CARTESIAN_POINT('',(-8.8E-1,4.1E-1,-3.899980079602E-1));
#9595=LINE('',#9594,#9593);
#9596=DIRECTION('',(0.E0,0.E0,1.E0));
#9597=VECTOR('',#9596,3.000019920398E-1);
#9598=CARTESIAN_POINT('',(-8.8E-1,4.1E-1,-6.9E-1));
#9599=LINE('',#9598,#9597);
#9600=DIRECTION('',(-1.E0,0.E0,0.E0));
#9601=VECTOR('',#9600,2.4E-1);
#9602=CARTESIAN_POINT('',(-8.8E-1,4.1E-1,-6.9E-1));
#9603=LINE('',#9602,#9601);
#9604=DIRECTION('',(0.E0,0.E0,1.E0));
#9605=VECTOR('',#9604,3.000019920398E-1);
#9606=CARTESIAN_POINT('',(-1.12E0,4.1E-1,-6.9E-1));
#9607=LINE('',#9606,#9605);
#9608=DIRECTION('',(1.E0,0.E0,0.E0));
#9609=VECTOR('',#9608,1.3E-1);
#9610=CARTESIAN_POINT('',(-1.25E0,4.1E-1,-3.899980079602E-1));
#9611=LINE('',#9610,#9609);
#9612=DIRECTION('',(0.E0,0.E0,-1.E0));
#9613=VECTOR('',#9612,5.999800796022E-2);
#9614=CARTESIAN_POINT('',(-1.25E0,4.1E-1,-3.3E-1));
#9615=LINE('',#9614,#9613);
#9616=DIRECTION('',(0.E0,0.E0,-1.E0));
#9617=VECTOR('',#9616,2.3E-1);
#9618=CARTESIAN_POINT('',(-1.71E0,4.1E-1,-3.3E-1));
#9619=LINE('',#9618,#9617);
#9620=DIRECTION('',(1.E0,0.E0,0.E0));
#9621=VECTOR('',#9620,2.1E-1);
#9622=CARTESIAN_POINT('',(-1.71E0,4.1E-1,-5.6E-1));
#9623=LINE('',#9622,#9621);
#9624=DIRECTION('',(0.E0,0.E0,1.E0));
#9625=VECTOR('',#9624,1.8E0);
#9626=CARTESIAN_POINT('',(-1.5E0,4.1E-1,-2.36E0));
#9627=LINE('',#9626,#9625);
#9628=DIRECTION('',(1.E0,0.E0,0.E0));
#9629=VECTOR('',#9628,2.5E-1);
#9630=CARTESIAN_POINT('',(-1.5E0,4.1E-1,-2.36E0));
#9631=LINE('',#9630,#9629);
#9632=DIRECTION('',(0.E0,0.E0,1.E0));
#9633=VECTOR('',#9632,7.5E-1);
#9634=CARTESIAN_POINT('',(-1.25E0,4.1E-1,-2.36E0));
#9635=LINE('',#9634,#9633);
#9636=CARTESIAN_POINT('',(-1.2E0,4.1E-1,-1.61E0));
#9637=DIRECTION('',(0.E0,1.E0,0.E0));
#9638=DIRECTION('',(-1.E0,0.E0,2.664535259100E-14));
#9639=AXIS2_PLACEMENT_3D('',#9636,#9637,#9638);
#9641=DIRECTION('',(1.E0,0.E0,0.E0));
#9642=VECTOR('',#9641,1.E-1);
#9643=CARTESIAN_POINT('',(-1.2E0,4.1E-1,-1.56E0));
#9644=LINE('',#9643,#9642);
#9645=DIRECTION('',(0.E0,0.E0,1.E0));
#9646=VECTOR('',#9645,9.E-1);
#9647=CARTESIAN_POINT('',(-1.1E0,4.1E-1,-2.46E0));
#9648=LINE('',#9647,#9646);
#9649=DIRECTION('',(-7.071067811865E-1,0.E0,7.071067811865E-1));
#9650=VECTOR('',#9649,2.828427124746E-1);
#9651=CARTESIAN_POINT('',(-9.E-1,4.1E-1,-2.66E0));
#9652=LINE('',#9651,#9650);
#9653=DIRECTION('',(1.E0,0.E0,0.E0));
#9654=VECTOR('',#9653,2.8E-1);
#9655=CARTESIAN_POINT('',(-9.E-1,4.1E-1,-2.66E0));
#9656=LINE('',#9655,#9654);
#9657=DIRECTION('',(0.E0,0.E0,1.E0));
#9658=VECTOR('',#9657,5.E-2);
#9659=CARTESIAN_POINT('',(-6.2E-1,4.1E-1,-2.66E0));
#9660=LINE('',#9659,#9658);
#9661=CARTESIAN_POINT('',(-5.2E-1,4.1E-1,-2.61E0));
#9662=DIRECTION('',(0.E0,-1.E0,0.E0));
#9663=DIRECTION('',(0.E0,0.E0,1.E0));
#9664=AXIS2_PLACEMENT_3D('',#9661,#9662,#9663);
#9666=DIRECTION('',(-1.E0,0.E0,0.E0));
#9667=VECTOR('',#9666,1.04E0);
#9668=CARTESIAN_POINT('',(5.2E-1,4.1E-1,-2.51E0));
#9669=LINE('',#9668,#9667);
#9670=CARTESIAN_POINT('',(5.2E-1,4.1E-1,-2.61E0));
#9671=DIRECTION('',(0.E0,-1.E0,0.E0));
#9672=DIRECTION('',(1.E0,0.E0,0.E0));
#9673=AXIS2_PLACEMENT_3D('',#9670,#9671,#9672);
#9675=DIRECTION('',(0.E0,0.E0,1.E0));
#9676=VECTOR('',#9675,5.E-2);
#9677=CARTESIAN_POINT('',(6.2E-1,4.1E-1,-2.66E0));
#9678=LINE('',#9677,#9676);
#9679=DIRECTION('',(1.E0,0.E0,0.E0));
#9680=VECTOR('',#9679,2.8E-1);
#9681=CARTESIAN_POINT('',(6.2E-1,4.1E-1,-2.66E0));
#9682=LINE('',#9681,#9680);
#9683=DIRECTION('',(-7.071067811865E-1,0.E0,-7.071067811865E-1));
#9684=VECTOR('',#9683,2.828427124746E-1);
#9685=CARTESIAN_POINT('',(1.1E0,4.1E-1,-2.46E0));
#9686=LINE('',#9685,#9684);
#9687=DIRECTION('',(0.E0,0.E0,1.E0));
#9688=VECTOR('',#9687,9.E-1);
#9689=CARTESIAN_POINT('',(1.1E0,4.1E-1,-2.46E0));
#9690=LINE('',#9689,#9688);
#9691=DIRECTION('',(1.E0,0.E0,0.E0));
#9692=VECTOR('',#9691,1.E-1);
#9693=CARTESIAN_POINT('',(1.1E0,4.1E-1,-1.56E0));
#9694=LINE('',#9693,#9692);
#9695=CARTESIAN_POINT('',(1.2E0,4.1E-1,-1.61E0));
#9696=DIRECTION('',(0.E0,1.E0,0.E0));
#9697=DIRECTION('',(3.552713678800E-14,0.E0,1.E0));
#9698=AXIS2_PLACEMENT_3D('',#9695,#9696,#9697);
#9700=DIRECTION('',(0.E0,0.E0,-1.E0));
#9701=VECTOR('',#9700,7.5E-1);
#9702=CARTESIAN_POINT('',(1.25E0,4.1E-1,-1.61E0));
#9703=LINE('',#9702,#9701);
#9704=DIRECTION('',(1.E0,0.E0,0.E0));
#9705=VECTOR('',#9704,2.5E-1);
#9706=CARTESIAN_POINT('',(1.25E0,4.1E-1,-2.36E0));
#9707=LINE('',#9706,#9705);
#9708=DIRECTION('',(0.E0,0.E0,1.E0));
#9709=VECTOR('',#9708,1.8E0);
#9710=CARTESIAN_POINT('',(1.5E0,4.1E-1,-2.36E0));
#9711=LINE('',#9710,#9709);
#9712=DIRECTION('',(-1.E0,0.E0,0.E0));
#9713=VECTOR('',#9712,2.1E-1);
#9714=CARTESIAN_POINT('',(1.71E0,4.1E-1,-5.6E-1));
#9715=LINE('',#9714,#9713);
#9716=DIRECTION('',(1.E0,0.E0,0.E0));
#9717=VECTOR('',#9716,1.5E-1);
#9718=CARTESIAN_POINT('',(1.71E0,1.8E-1,-5.6E-1));
#9719=LINE('',#9718,#9717);
#9720=DIRECTION('',(0.E0,-1.E0,0.E0));
#9721=VECTOR('',#9720,2.3E-1);
#9722=CARTESIAN_POINT('',(1.71E0,4.1E-1,-5.6E-1));
#9723=LINE('',#9722,#9721);
#9724=DIRECTION('',(0.E0,-1.E0,0.E0));
#9725=VECTOR('',#9724,3.1E-1);
#9726=CARTESIAN_POINT('',(1.5E0,4.1E-1,-5.6E-1));
#9727=LINE('',#9726,#9725);
#9728=DIRECTION('',(1.E0,0.E0,0.E0));
#9729=VECTOR('',#9728,3.6E-1);
#9730=CARTESIAN_POINT('',(1.5E0,1.E-1,-5.6E-1));
#9731=LINE('',#9730,#9729);
#9732=DIRECTION('',(0.E0,0.E0,1.E0));
#9733=VECTOR('',#9732,1.39E0);
#9734=CARTESIAN_POINT('',(1.5E0,0.E0,-2.13E0));
#9735=LINE('',#9734,#9733);
#9736=DIRECTION('',(0.E0,9.284766908853E-1,-3.713906763541E-1));
#9737=VECTOR('',#9736,2.154065922854E-1);
#9738=CARTESIAN_POINT('',(1.5E0,-2.E-1,-6.6E-1));
#9739=LINE('',#9738,#9737);
#9740=DIRECTION('',(0.E0,0.E0,-1.E0));
#9741=VECTOR('',#9740,8.E-2);
#9742=CARTESIAN_POINT('',(1.5E0,-2.E-1,-5.8E-1));
#9743=LINE('',#9742,#9741);
#9744=DIRECTION('',(0.E0,-7.071067811865E-1,-7.071067811865E-1));
#9745=VECTOR('',#9744,2.828427124746E-1);
#9746=CARTESIAN_POINT('',(1.5E0,0.E0,-3.8E-1));
#9747=LINE('',#9746,#9745);
#9748=DIRECTION('',(0.E0,1.E0,0.E0));
#9749=VECTOR('',#9748,2.03E-1);
#9750=CARTESIAN_POINT('',(1.5E0,2.07E-1,-2.36E0));
#9751=LINE('',#9750,#9749);
#9752=DIRECTION('',(0.E0,0.E0,1.E0));
#9753=VECTOR('',#9752,2.3E-1);
#9754=CARTESIAN_POINT('',(1.5E0,2.07E-1,-2.36E0));
#9755=LINE('',#9754,#9753);
#9756=DIRECTION('',(0.E0,1.E0,0.E0));
#9757=VECTOR('',#9756,2.07E-1);
#9758=CARTESIAN_POINT('',(1.5E0,0.E0,-2.13E0));
#9759=LINE('',#9758,#9757);
#9760=DIRECTION('',(-1.E0,0.E0,0.E0));
#9761=VECTOR('',#9760,2.5E-1);
#9762=CARTESIAN_POINT('',(1.5E0,-2.E-1,-6.6E-1));
#9763=LINE('',#9762,#9761);
#9764=DIRECTION('',(0.E0,-7.071067811865E-1,-7.071067811865E-1));
#9765=VECTOR('',#9764,2.828427124746E-1);
#9766=CARTESIAN_POINT('',(1.25E0,0.E0,-3.8E-1));
#9767=LINE('',#9766,#9765);
#9768=DIRECTION('',(0.E0,0.E0,-1.E0));
#9769=VECTOR('',#9768,8.E-2);
#9770=CARTESIAN_POINT('',(1.25E0,-2.E-1,-5.8E-1));
#9771=LINE('',#9770,#9769);
#9772=DIRECTION('',(0.E0,9.284766908853E-1,-3.713906763541E-1));
#9773=VECTOR('',#9772,2.154065922854E-1);
#9774=CARTESIAN_POINT('',(1.25E0,-2.E-1,-6.6E-1));
#9775=LINE('',#9774,#9773);
#9776=DIRECTION('',(-1.E0,0.E0,0.E0));
#9777=VECTOR('',#9776,2.5E-1);
#9778=CARTESIAN_POINT('',(1.5E0,-2.E-1,-5.8E-1));
#9779=LINE('',#9778,#9777);
#9780=DIRECTION('',(0.E0,-7.071067811865E-1,7.071067811865E-1));
#9781=VECTOR('',#9780,1.414213562373E-1);
#9782=CARTESIAN_POINT('',(1.5E0,1.E-1,-5.6E-1));
#9783=LINE('',#9782,#9781);
#9784=DIRECTION('',(0.E0,0.E0,-1.E0));
#9785=VECTOR('',#9784,5.444837038703E-1);
#9786=CARTESIAN_POINT('',(1.86E0,1.8E-1,-1.551629612967E-2));
#9787=LINE('',#9786,#9785);
#9788=DIRECTION('',(0.E0,1.E0,0.E0));
#9789=VECTOR('',#9788,8.E-2);
#9790=CARTESIAN_POINT('',(1.86E0,1.E-1,-5.6E-1));
#9791=LINE('',#9790,#9789);
#9792=DIRECTION('',(0.E0,7.071067811865E-1,-7.071067811865E-1));
#9793=VECTOR('',#9792,1.414213562373E-1);
#9794=CARTESIAN_POINT('',(1.86E0,0.E0,-4.6E-1));
#9795=LINE('',#9794,#9793);
#9796=DIRECTION('',(0.E0,0.E0,-1.E0));
#9797=VECTOR('',#9796,3.81E-1);
#9798=CARTESIAN_POINT('',(1.86E0,0.E0,-7.9E-2));
#9799=LINE('',#9798,#9797);
#9800=CARTESIAN_POINT('',(1.86E0,7.9E-2,-7.9E-2));
#9801=DIRECTION('',(1.E0,0.E0,0.E0));
#9802=DIRECTION('',(0.E0,0.E0,1.E0));
#9803=AXIS2_PLACEMENT_3D('',#9800,#9801,#9802);
#9805=DIRECTION('',(0.E0,-1.E0,0.E0));
#9806=VECTOR('',#9805,1.E-3);
#9807=CARTESIAN_POINT('',(1.86E0,8.E-2,0.E0));
#9808=LINE('',#9807,#9806);
#9809=CARTESIAN_POINT('',(1.86E0,8.E-2,-3.3E-1));
#9810=DIRECTION('',(1.E0,0.E0,0.E0));
#9811=DIRECTION('',(0.E0,3.030303030303E-1,9.529809208192E-1));
#9812=AXIS2_PLACEMENT_3D('',#9809,#9810,#9811);
#9814=CARTESIAN_POINT('',(1.25E0,7.9E-2,-7.9E-2));
#9815=DIRECTION('',(1.E0,0.E0,0.E0));
#9816=DIRECTION('',(0.E0,0.E0,1.E0));
#9817=AXIS2_PLACEMENT_3D('',#9814,#9815,#9816);
#9819=DIRECTION('',(1.E0,0.E0,0.E0));
#9820=VECTOR('',#9819,6.1E-1);
#9821=CARTESIAN_POINT('',(1.25E0,7.9E-2,0.E0));
#9822=LINE('',#9821,#9820);
#9823=CARTESIAN_POINT('',(-1.25E0,7.9E-2,-7.9E-2));
#9824=DIRECTION('',(1.E0,0.E0,0.E0));
#9825=DIRECTION('',(0.E0,0.E0,1.E0));
#9826=AXIS2_PLACEMENT_3D('',#9823,#9824,#9825);
#9828=DIRECTION('',(1.E0,0.E0,0.E0));
#9829=VECTOR('',#9828,6.1E-1);
#9830=CARTESIAN_POINT('',(-1.86E0,7.9E-2,0.E0));
#9831=LINE('',#9830,#9829);
#9832=CARTESIAN_POINT('',(1.25E0,7.9E-2,-1.39E-1));
#9833=DIRECTION('',(-1.E0,0.E0,0.E0));
#9834=DIRECTION('',(0.E0,-1.E0,0.E0));
#9835=AXIS2_PLACEMENT_3D('',#9832,#9833,#9834);
#9837=CARTESIAN_POINT('',(1.25E0,8.E-2,-3.899980079602E-1));
#9838=DIRECTION('',(-1.E0,0.E0,0.E0));
#9839=DIRECTION('',(0.E0,-3.984063745019E-3,9.999920635865E-1));
#9840=AXIS2_PLACEMENT_3D('',#9837,#9838,#9839);
#9842=DIRECTION('',(-1.E0,0.E0,0.E0));
#9843=VECTOR('',#9842,2.5E0);
#9844=CARTESIAN_POINT('',(1.25E0,0.E0,-1.39E-1));
#9845=LINE('',#9844,#9843);
#9846=DIRECTION('',(1.E0,0.E0,0.E0));
#9847=VECTOR('',#9846,2.5E0);
#9848=CARTESIAN_POINT('',(-1.25E0,7.868525896414E-2,-6.000062697666E-2));
#9849=LINE('',#9848,#9847);
#9850=CARTESIAN_POINT('',(-1.25E0,8.E-2,-3.899980079602E-1));
#9851=DIRECTION('',(-1.E0,0.E0,0.E0));
#9852=DIRECTION('',(0.E0,-3.984063745019E-3,9.999920635865E-1));
#9853=AXIS2_PLACEMENT_3D('',#9850,#9851,#9852);
#9855=CARTESIAN_POINT('',(-1.25E0,7.9E-2,-1.39E-1));
#9856=DIRECTION('',(-1.E0,0.E0,0.E0));
#9857=DIRECTION('',(0.E0,-1.E0,0.E0));
#9858=AXIS2_PLACEMENT_3D('',#9855,#9856,#9857);
#9860=DIRECTION('',(0.E0,-1.E0,0.E0));
#9861=VECTOR('',#9860,9.999999999999E-4);
#9862=CARTESIAN_POINT('',(1.25E0,8.E-2,0.E0));
#9863=LINE('',#9862,#9861);
#9864=DIRECTION('',(1.E0,0.E0,0.E0));
#9865=VECTOR('',#9864,6.1E-1);
#9866=CARTESIAN_POINT('',(1.25E0,8.E-2,0.E0));
#9867=LINE('',#9866,#9865);
#9868=DIRECTION('',(0.E0,-1.E0,0.E0));
#9869=VECTOR('',#9868,9.999999999999E-4);
#9870=CARTESIAN_POINT('',(-1.25E0,8.E-2,0.E0));
#9871=LINE('',#9870,#9869);
#9872=DIRECTION('',(1.E0,0.E0,0.E0));
#9873=VECTOR('',#9872,6.1E-1);
#9874=CARTESIAN_POINT('',(-1.86E0,8.E-2,0.E0));
#9875=LINE('',#9874,#9873);
#9876=DIRECTION('',(1.E0,0.E0,0.E0));
#9877=VECTOR('',#9876,1.5E-1);
#9878=CARTESIAN_POINT('',(-1.86E0,1.8E-1,-1.551629612967E-2));
#9879=LINE('',#9878,#9877);
#9880=CARTESIAN_POINT('',(-1.71E0,8.E-2,-3.3E-1));
#9881=DIRECTION('',(1.E0,0.E0,0.E0));
#9882=DIRECTION('',(0.E0,1.E0,0.E0));
#9883=AXIS2_PLACEMENT_3D('',#9880,#9881,#9882);
#9885=DIRECTION('',(1.E0,0.E0,0.E0));
#9886=VECTOR('',#9885,4.6E-1);
#9887=CARTESIAN_POINT('',(-1.71E0,4.1E-1,-3.3E-1));
#9888=LINE('',#9887,#9886);
#9889=CARTESIAN_POINT('',(-1.25E0,8.E-2,-3.3E-1));
#9890=DIRECTION('',(1.E0,0.E0,0.E0));
#9891=DIRECTION('',(0.E0,1.E0,0.E0));
#9892=AXIS2_PLACEMENT_3D('',#9889,#9890,#9891);
#9894=DIRECTION('',(1.E0,0.E0,0.E0));
#9895=VECTOR('',#9894,1.5E-1);
#9896=CARTESIAN_POINT('',(1.71E0,1.8E-1,-1.551629612967E-2));
#9897=LINE('',#9896,#9895);
#9898=CARTESIAN_POINT('',(1.25E0,8.E-2,-3.3E-1));
#9899=DIRECTION('',(1.E0,0.E0,0.E0));
#9900=DIRECTION('',(0.E0,1.E0,0.E0));
#9901=AXIS2_PLACEMENT_3D('',#9898,#9899,#9900);
#9903=DIRECTION('',(1.E0,0.E0,0.E0));
#9904=VECTOR('',#9903,4.6E-1);
#9905=CARTESIAN_POINT('',(1.25E0,4.1E-1,-3.3E-1));
#9906=LINE('',#9905,#9904);
#9907=CARTESIAN_POINT('',(1.71E0,8.E-2,-3.3E-1));
#9908=DIRECTION('',(1.E0,0.E0,0.E0));
#9909=DIRECTION('',(0.E0,1.E0,0.E0));
#9910=AXIS2_PLACEMENT_3D('',#9907,#9908,#9909);
#9912=DIRECTION('',(0.E0,0.E0,1.E0));
#9913=VECTOR('',#9912,1.17E0);
#9914=CARTESIAN_POINT('',(-1.12E0,3.E-2,-1.56E0));
#9915=LINE('',#9914,#9913);
#9916=DIRECTION('',(0.E0,-1.E0,0.E0));
#9917=VECTOR('',#9916,5.E-2);
#9918=CARTESIAN_POINT('',(-1.12E0,8.E-2,-3.9E-1));
#9919=LINE('',#9918,#9917);
#9920=CARTESIAN_POINT('',(-1.12E0,8.E-2,-3.2E-1));
#9921=DIRECTION('',(-1.E0,0.E0,0.E0));
#9922=DIRECTION('',(0.E0,1.E0,0.E0));
#9923=AXIS2_PLACEMENT_3D('',#9920,#9921,#9922);
#9925=DIRECTION('',(0.E0,0.E0,-1.E0));
#9926=VECTOR('',#9925,1.9E-1);
#9927=CARTESIAN_POINT('',(-1.12E0,1.5E-1,-1.3E-1));
#9928=LINE('',#9927,#9926);
#9929=CARTESIAN_POINT('',(-1.12E0,8.E-2,-1.3E-1));
#9930=DIRECTION('',(-1.E0,0.E0,0.E0));
#9931=DIRECTION('',(0.E0,0.E0,1.E0));
#9932=AXIS2_PLACEMENT_3D('',#9929,#9930,#9931);
#9934=CARTESIAN_POINT('',(-1.12E0,8.E-2,-3.899980079602E-1));
#9935=DIRECTION('',(1.E0,0.E0,0.E0));
#9936=DIRECTION('',(0.E0,1.E0,0.E0));
#9937=AXIS2_PLACEMENT_3D('',#9934,#9935,#9936);
#9939=DIRECTION('',(0.E0,-1.E0,0.E0));
#9940=VECTOR('',#9939,1.2E-1);
#9941=CARTESIAN_POINT('',(-1.12E0,4.1E-1,-6.9E-1));
#9942=LINE('',#9941,#9940);
#9943=DIRECTION('',(0.E0,0.E0,-1.E0));
#9944=VECTOR('',#9943,8.7E-1);
#9945=CARTESIAN_POINT('',(-1.12E0,2.9E-1,-6.9E-1));
#9946=LINE('',#9945,#9944);
#9947=DIRECTION('',(0.E0,1.E0,0.E0));
#9948=VECTOR('',#9947,2.6E-1);
#9949=CARTESIAN_POINT('',(-1.12E0,3.E-2,-1.56E0));
#9950=LINE('',#9949,#9948);
#9951=CARTESIAN_POINT('',(-1.15E0,0.E0,-3.6E-1));
#9952=CARTESIAN_POINT('',(-1.15E0,0.E0,-3.660355339059E-1));
#9953=CARTESIAN_POINT('',(-1.147192721487E0,2.807278513091E-3,
-3.741365103712E-1));
#9954=CARTESIAN_POINT('',(-1.138202570683E0,1.179742931699E-2,
-3.855646528003E-1));
#9955=CARTESIAN_POINT('',(-1.128535533906E0,2.146446609407E-2,-3.9E-1));
#9956=CARTESIAN_POINT('',(-1.12E0,3.E-2,-3.9E-1));
#9958=DIRECTION('',(-7.071067811865E-1,-7.071067811865E-1,0.E0));
#9959=VECTOR('',#9958,4.242640687119E-2);
#9960=CARTESIAN_POINT('',(-1.12E0,3.E-2,-1.56E0));
#9961=LINE('',#9960,#9959);
#9962=DIRECTION('',(0.E0,-1.E0,0.E0));
#9963=VECTOR('',#9962,4.1E-1);
#9964=CARTESIAN_POINT('',(-1.2E0,4.1E-1,-1.56E0));
#9965=LINE('',#9964,#9963);
#9966=DIRECTION('',(-1.E0,0.E0,0.E0));
#9967=VECTOR('',#9966,2.4E-1);
#9968=CARTESIAN_POINT('',(-3.8E-1,2.9E-1,-6.9E-1));
#9969=LINE('',#9968,#9967);
#9970=DIRECTION('',(-1.E0,0.E0,0.E0));
#9971=VECTOR('',#9970,2.6E-1);
#9972=CARTESIAN_POINT('',(-1.2E-1,2.9E-1,-2.46E0));
#9973=LINE('',#9972,#9971);
#9974=DIRECTION('',(-1.E0,0.E0,0.E0));
#9975=VECTOR('',#9974,2.4E-1);
#9976=CARTESIAN_POINT('',(1.2E-1,2.9E-1,-6.9E-1));
#9977=LINE('',#9976,#9975);
#9978=DIRECTION('',(-1.E0,0.E0,0.E0));
#9979=VECTOR('',#9978,2.6E-1);
#9980=CARTESIAN_POINT('',(3.8E-1,2.9E-1,-2.46E0));
#9981=LINE('',#9980,#9979);
#9982=DIRECTION('',(-1.E0,0.E0,0.E0));
#9983=VECTOR('',#9982,2.4E-1);
#9984=CARTESIAN_POINT('',(6.2E-1,2.9E-1,-6.9E-1));
#9985=LINE('',#9984,#9983);
#9986=CARTESIAN_POINT('',(5.2E-1,2.9E-1,-2.61E0));
#9987=DIRECTION('',(0.E0,-1.E0,0.E0));
#9988=DIRECTION('',(1.E0,0.E0,0.E0));
#9989=AXIS2_PLACEMENT_3D('',#9986,#9987,#9988);
#9991=DIRECTION('',(-1.E0,0.E0,0.E0));
#9992=VECTOR('',#9991,1.04E0);
#9993=CARTESIAN_POINT('',(5.2E-1,2.9E-1,-2.51E0));
#9994=LINE('',#9993,#9992);
#9995=CARTESIAN_POINT('',(-5.2E-1,2.9E-1,-2.61E0));
#9996=DIRECTION('',(0.E0,-1.E0,0.E0));
#9997=DIRECTION('',(0.E0,0.E0,1.E0));
#9998=AXIS2_PLACEMENT_3D('',#9995,#9996,#9997);
#10000=DIRECTION('',(7.071067811865E-1,0.E0,7.071067811865E-1));
#10001=VECTOR('',#10000,2.828427124746E-1);
#10002=CARTESIAN_POINT('',(9.E-1,2.9E-1,-2.66E0));
#10003=LINE('',#10002,#10001);
#10004=DIRECTION('',(-1.E0,0.E0,0.E0));
#10005=VECTOR('',#10004,2.E-2);
#10006=CARTESIAN_POINT('',(9.E-1,2.9E-1,-2.66E0));
#10007=LINE('',#10006,#10005);
#10008=DIRECTION('',(-1.E0,0.E0,0.E0));
#10009=VECTOR('',#10008,2.4E-1);
#10010=CARTESIAN_POINT('',(1.12E0,2.9E-1,-6.9E-1));
#10011=LINE('',#10010,#10009);
#10012=DIRECTION('',(-1.E0,0.E0,0.E0));
#10013=VECTOR('',#10012,2.E-2);
#10014=CARTESIAN_POINT('',(1.12E0,2.9E-1,-1.56E0));
#10015=LINE('',#10014,#10013);
#10016=DIRECTION('',(0.E0,0.E0,1.E0));
#10017=VECTOR('',#10016,9.E-1);
#10018=CARTESIAN_POINT('',(1.1E0,2.9E-1,-2.46E0));
#10019=LINE('',#10018,#10017);
#10020=DIRECTION('',(7.071067811865E-1,0.E0,-7.071067811865E-1));
#10021=VECTOR('',#10020,2.828427124746E-1);
#10022=CARTESIAN_POINT('',(-1.1E0,2.9E-1,-2.46E0));
#10023=LINE('',#10022,#10021);
#10024=DIRECTION('',(0.E0,0.E0,1.E0));
#10025=VECTOR('',#10024,9.E-1);
#10026=CARTESIAN_POINT('',(-1.1E0,2.9E-1,-2.46E0));
#10027=LINE('',#10026,#10025);
#10028=DIRECTION('',(1.E0,0.E0,0.E0));
#10029=VECTOR('',#10028,2.E-2);
#10030=CARTESIAN_POINT('',(-1.12E0,2.9E-1,-1.56E0));
#10031=LINE('',#10030,#10029);
#10032=DIRECTION('',(1.E0,0.E0,0.E0));
#10033=VECTOR('',#10032,2.4E-1);
#10034=CARTESIAN_POINT('',(-1.12E0,2.9E-1,-6.9E-1));
#10035=LINE('',#10034,#10033);
#10036=DIRECTION('',(-1.E0,0.E0,0.E0));
#10037=VECTOR('',#10036,2.E-2);
#10038=CARTESIAN_POINT('',(-8.8E-1,2.9E-1,-2.66E0));
#10039=LINE('',#10038,#10037);
#10040=DIRECTION('',(0.E0,0.E0,-1.E0));
#10041=VECTOR('',#10040,2.07E0);
#10042=CARTESIAN_POINT('',(-3.8E-1,3.E-2,-3.9E-1));
#10043=LINE('',#10042,#10041);
#10044=DIRECTION('',(0.E0,1.E0,0.E0));
#10045=VECTOR('',#10044,2.6E-1);
#10046=CARTESIAN_POINT('',(-3.8E-1,3.E-2,-2.46E0));
#10047=LINE('',#10046,#10045);
#10048=DIRECTION('',(0.E0,0.E0,-1.E0));
#10049=VECTOR('',#10048,1.77E0);
#10050=CARTESIAN_POINT('',(-3.8E-1,2.9E-1,-6.9E-1));
#10051=LINE('',#10050,#10049);
#10052=DIRECTION('',(0.E0,-1.E0,0.E0));
#10053=VECTOR('',#10052,1.2E-1);
#10054=CARTESIAN_POINT('',(-3.8E-1,4.1E-1,-6.9E-1));
#10055=LINE('',#10054,#10053);
#10056=CARTESIAN_POINT('',(-3.8E-1,8.E-2,-3.899980079602E-1));
#10057=DIRECTION('',(1.E0,0.E0,0.E0));
#10058=DIRECTION('',(0.E0,1.E0,0.E0));
#10059=AXIS2_PLACEMENT_3D('',#10056,#10057,#10058);
#10061=CARTESIAN_POINT('',(-3.8E-1,8.E-2,-1.3E-1));
#10062=DIRECTION('',(1.E0,0.E0,0.E0));
#10063=DIRECTION('',(0.E0,1.E0,0.E0));
#10064=AXIS2_PLACEMENT_3D('',#10061,#10062,#10063);
#10066=DIRECTION('',(0.E0,0.E0,1.E0));
#10067=VECTOR('',#10066,1.9E-1);
#10068=CARTESIAN_POINT('',(-3.8E-1,1.5E-1,-3.2E-1));
#10069=LINE('',#10068,#10067);
#10070=CARTESIAN_POINT('',(-3.8E-1,8.E-2,-3.2E-1));
#10071=DIRECTION('',(1.E0,0.E0,0.E0));
#10072=DIRECTION('',(0.E0,0.E0,-1.E0));
#10073=AXIS2_PLACEMENT_3D('',#10070,#10071,#10072);
#10075=DIRECTION('',(0.E0,1.E0,0.E0));
#10076=VECTOR('',#10075,5.E-2);
#10077=CARTESIAN_POINT('',(-3.8E-1,3.E-2,-3.9E-1));
#10078=LINE('',#10077,#10076);
#10079=DIRECTION('',(5.773502691896E-1,-5.773502691896E-1,5.773502691896E-1));
#10080=VECTOR('',#10079,5.196152422707E-2);
#10081=CARTESIAN_POINT('',(-3.8E-1,3.E-2,-2.46E0));
#10082=LINE('',#10081,#10080);
#10083=CARTESIAN_POINT('',(-3.8E-1,3.E-2,-3.9E-1));
#10084=CARTESIAN_POINT('',(-3.714644660941E-1,2.146446609407E-2,-3.9E-1));
#10085=CARTESIAN_POINT('',(-3.617974293170E-1,1.179742931698E-2,
-3.855646528003E-1));
#10086=CARTESIAN_POINT('',(-3.528072785131E-1,2.807278513091E-3,
-3.741365103712E-1));
#10087=CARTESIAN_POINT('',(-3.5E-1,0.E0,-3.660355339059E-1));
#10088=CARTESIAN_POINT('',(-3.5E-1,0.E0,-3.6E-1));
#10090=DIRECTION('',(1.E0,0.E0,0.E0));
#10091=VECTOR('',#10090,3.E-1);
#10092=CARTESIAN_POINT('',(-6.5E-1,0.E0,-3.6E-1));
#10093=LINE('',#10092,#10091);
#10094=DIRECTION('',(-1.E0,0.E0,0.E0));
#10095=VECTOR('',#10094,2.4E-1);
#10096=CARTESIAN_POINT('',(-3.8E-1,3.E-2,-3.9E-1));
#10097=LINE('',#10096,#10095);
#10098=DIRECTION('',(-1.E0,0.E0,0.E0));
#10099=VECTOR('',#10098,2.4E-1);
#10100=CARTESIAN_POINT('',(-3.8E-1,8.E-2,-3.9E-1));
#10101=LINE('',#10100,#10099);
#10102=DIRECTION('',(-1.E0,0.E0,0.E0));
#10103=VECTOR('',#10102,2.4E-1);
#10104=CARTESIAN_POINT('',(-3.8E-1,1.5E-1,-3.2E-1));
#10105=LINE('',#10104,#10103);
#10106=DIRECTION('',(-1.E0,0.E0,0.E0));
#10107=VECTOR('',#10106,2.4E-1);
#10108=CARTESIAN_POINT('',(-3.8E-1,8.E-2,-5.999933598674E-2));
#10109=LINE('',#10108,#10107);
#10110=DIRECTION('',(-1.E0,0.E0,0.E0));
#10111=VECTOR('',#10110,2.4E-1);
#10112=CARTESIAN_POINT('',(-3.8E-1,1.5E-1,-1.3E-1));
#10113=LINE('',#10112,#10111);
#10114=CARTESIAN_POINT('',(-6.5E-1,0.E0,-3.6E-1));
#10115=CARTESIAN_POINT('',(-6.5E-1,0.E0,-3.660355339059E-1));
#10116=CARTESIAN_POINT('',(-6.471927214869E-1,2.807278513091E-3,
-3.741365103712E-1));
#10117=CARTESIAN_POINT('',(-6.382025706830E-1,1.179742931698E-2,
-3.855646528003E-1));
#10118=CARTESIAN_POINT('',(-6.285355339059E-1,2.146446609407E-2,-3.9E-1));
#10119=CARTESIAN_POINT('',(-6.2E-1,3.E-2,-3.9E-1));
#10121=DIRECTION('',(0.E0,0.E0,1.E0));
#10122=VECTOR('',#10121,2.07E0);
#10123=CARTESIAN_POINT('',(-1.2E-1,3.E-2,-2.46E0));
#10124=LINE('',#10123,#10122);
#10125=DIRECTION('',(0.E0,1.E0,0.E0));
#10126=VECTOR('',#10125,5.E-2);
#10127=CARTESIAN_POINT('',(-1.2E-1,3.E-2,-3.9E-1));
#10128=LINE('',#10127,#10126);
#10129=CARTESIAN_POINT('',(-1.2E-1,8.E-2,-3.2E-1));
#10130=DIRECTION('',(1.E0,0.E0,0.E0));
#10131=DIRECTION('',(0.E0,0.E0,-1.E0));
#10132=AXIS2_PLACEMENT_3D('',#10129,#10130,#10131);
#10134=DIRECTION('',(0.E0,0.E0,1.E0));
#10135=VECTOR('',#10134,1.9E-1);
#10136=CARTESIAN_POINT('',(-1.2E-1,1.5E-1,-3.2E-1));
#10137=LINE('',#10136,#10135);
#10138=CARTESIAN_POINT('',(-1.2E-1,8.E-2,-1.3E-1));
#10139=DIRECTION('',(1.E0,0.E0,0.E0));
#10140=DIRECTION('',(0.E0,1.E0,0.E0));
#10141=AXIS2_PLACEMENT_3D('',#10138,#10139,#10140);
#10143=CARTESIAN_POINT('',(-1.2E-1,8.E-2,-3.899980079602E-1));
#10144=DIRECTION('',(1.E0,0.E0,0.E0));
#10145=DIRECTION('',(0.E0,1.E0,0.E0));
#10146=AXIS2_PLACEMENT_3D('',#10143,#10144,#10145);
#10148=DIRECTION('',(0.E0,-1.E0,0.E0));
#10149=VECTOR('',#10148,1.2E-1);
#10150=CARTESIAN_POINT('',(-1.2E-1,4.1E-1,-6.9E-1));
#10151=LINE('',#10150,#10149);
#10152=DIRECTION('',(0.E0,0.E0,-1.E0));
#10153=VECTOR('',#10152,1.77E0);
#10154=CARTESIAN_POINT('',(-1.2E-1,2.9E-1,-6.9E-1));
#10155=LINE('',#10154,#10153);
#10156=DIRECTION('',(0.E0,1.E0,0.E0));
#10157=VECTOR('',#10156,2.6E-1);
#10158=CARTESIAN_POINT('',(-1.2E-1,3.E-2,-2.46E0));
#10159=LINE('',#10158,#10157);
#10160=DIRECTION('',(-1.E0,0.E0,0.E0));
#10161=VECTOR('',#10160,2.4E-1);
#10162=CARTESIAN_POINT('',(1.2E-1,3.E-2,-3.9E-1));
#10163=LINE('',#10162,#10161);
#10164=DIRECTION('',(0.E0,0.E0,-1.E0));
#10165=VECTOR('',#10164,2.07E0);
#10166=CARTESIAN_POINT('',(1.2E-1,3.E-2,-3.9E-1));
#10167=LINE('',#10166,#10165);
#10168=DIRECTION('',(0.E0,1.E0,0.E0));
#10169=VECTOR('',#10168,2.6E-1);
#10170=CARTESIAN_POINT('',(1.2E-1,3.E-2,-2.46E0));
#10171=LINE('',#10170,#10169);
#10172=DIRECTION('',(0.E0,0.E0,-1.E0));
#10173=VECTOR('',#10172,1.77E0);
#10174=CARTESIAN_POINT('',(1.2E-1,2.9E-1,-6.9E-1));
#10175=LINE('',#10174,#10173);
#10176=DIRECTION('',(0.E0,-1.E0,0.E0));
#10177=VECTOR('',#10176,1.2E-1);
#10178=CARTESIAN_POINT('',(1.2E-1,4.1E-1,-6.9E-1));
#10179=LINE('',#10178,#10177);
#10180=CARTESIAN_POINT('',(1.2E-1,8.E-2,-3.899980079602E-1));
#10181=DIRECTION('',(1.E0,0.E0,0.E0));
#10182=DIRECTION('',(0.E0,1.E0,0.E0));
#10183=AXIS2_PLACEMENT_3D('',#10180,#10181,#10182);
#10185=CARTESIAN_POINT('',(1.2E-1,8.E-2,-1.3E-1));
#10186=DIRECTION('',(1.E0,0.E0,0.E0));
#10187=DIRECTION('',(0.E0,1.E0,0.E0));
#10188=AXIS2_PLACEMENT_3D('',#10185,#10186,#10187);
#10190=DIRECTION('',(0.E0,0.E0,1.E0));
#10191=VECTOR('',#10190,1.9E-1);
#10192=CARTESIAN_POINT('',(1.2E-1,1.5E-1,-3.2E-1));
#10193=LINE('',#10192,#10191);
#10194=CARTESIAN_POINT('',(1.2E-1,8.E-2,-3.2E-1));
#10195=DIRECTION('',(1.E0,0.E0,0.E0));
#10196=DIRECTION('',(0.E0,0.E0,-1.E0));
#10197=AXIS2_PLACEMENT_3D('',#10194,#10195,#10196);
#10199=DIRECTION('',(0.E0,1.E0,0.E0));
#10200=VECTOR('',#10199,5.E-2);
#10201=CARTESIAN_POINT('',(1.2E-1,3.E-2,-3.9E-1));
#10202=LINE('',#10201,#10200);
#10203=DIRECTION('',(-1.E0,0.E0,0.E0));
#10204=VECTOR('',#10203,2.4E-1);
#10205=CARTESIAN_POINT('',(1.2E-1,8.E-2,-5.999933598674E-2));
#10206=LINE('',#10205,#10204);
#10207=DIRECTION('',(-1.E0,0.E0,0.E0));
#10208=VECTOR('',#10207,2.4E-1);
#10209=CARTESIAN_POINT('',(1.2E-1,1.5E-1,-1.3E-1));
#10210=LINE('',#10209,#10208);
#10211=DIRECTION('',(-1.E0,0.E0,0.E0));
#10212=VECTOR('',#10211,2.4E-1);
#10213=CARTESIAN_POINT('',(1.2E-1,1.5E-1,-3.2E-1));
#10214=LINE('',#10213,#10212);
#10215=DIRECTION('',(-1.E0,0.E0,0.E0));
#10216=VECTOR('',#10215,2.4E-1);
#10217=CARTESIAN_POINT('',(1.2E-1,8.E-2,-3.9E-1));
#10218=LINE('',#10217,#10216);
#10219=DIRECTION('',(0.E0,1.E0,0.E0));
#10220=VECTOR('',#10219,1.2E-1);
#10221=CARTESIAN_POINT('',(6.2E-1,2.9E-1,-2.61E0));
#10222=LINE('',#10221,#10220);
#10223=DIRECTION('',(0.E0,1.E0,0.E0));
#10224=VECTOR('',#10223,1.2E-1);
#10225=CARTESIAN_POINT('',(5.2E-1,2.9E-1,-2.51E0));
#10226=LINE('',#10225,#10224);
#10227=DIRECTION('',(0.E0,-1.E0,0.E0));
#10228=VECTOR('',#10227,5.E-2);
#10229=CARTESIAN_POINT('',(4.7E-1,3.75E-1,-2.51E0));
#10230=LINE('',#10229,#10228);
#10231=DIRECTION('',(-1.E0,0.E0,0.E0));
#10232=VECTOR('',#10231,9.4E-1);
#10233=CARTESIAN_POINT('',(4.7E-1,3.25E-1,-2.51E0));
#10234=LINE('',#10233,#10232);
#10235=DIRECTION('',(0.E0,1.E0,0.E0));
#10236=VECTOR('',#10235,5.E-2);
#10237=CARTESIAN_POINT('',(-4.7E-1,3.25E-1,-2.51E0));
#10238=LINE('',#10237,#10236);
#10239=DIRECTION('',(1.E0,0.E0,0.E0));
#10240=VECTOR('',#10239,9.4E-1);
#10241=CARTESIAN_POINT('',(-4.7E-1,3.75E-1,-2.51E0));
#10242=LINE('',#10241,#10240);
#10243=DIRECTION('',(0.E0,1.E0,0.E0));
#10244=VECTOR('',#10243,1.2E-1);
#10245=CARTESIAN_POINT('',(-5.2E-1,2.9E-1,-2.51E0));
#10246=LINE('',#10245,#10244);
#10247=DIRECTION('',(0.E0,0.E0,-1.E0));
#10248=VECTOR('',#10247,5.E-2);
#10249=CARTESIAN_POINT('',(4.7E-1,3.75E-1,-2.51E0));
#10250=LINE('',#10249,#10248);
#10251=DIRECTION('',(0.E0,0.E0,-1.E0));
#10252=VECTOR('',#10251,5.E-2);
#10253=CARTESIAN_POINT('',(-4.7E-1,3.75E-1,-2.51E0));
#10254=LINE('',#10253,#10252);
#10255=DIRECTION('',(0.E0,0.E0,-1.E0));
#10256=VECTOR('',#10255,5.E-2);
#10257=CARTESIAN_POINT('',(-4.7E-1,3.25E-1,-2.51E0));
#10258=LINE('',#10257,#10256);
#10259=DIRECTION('',(0.E0,0.E0,-1.E0));
#10260=VECTOR('',#10259,5.E-2);
#10261=CARTESIAN_POINT('',(4.7E-1,3.25E-1,-2.51E0));
#10262=LINE('',#10261,#10260);
#10263=DIRECTION('',(0.E0,-1.E0,0.E0));
#10264=VECTOR('',#10263,5.E-2);
#10265=CARTESIAN_POINT('',(4.7E-1,3.75E-1,-2.56E0));
#10266=LINE('',#10265,#10264);
#10267=DIRECTION('',(1.E0,0.E0,0.E0));
#10268=VECTOR('',#10267,9.4E-1);
#10269=CARTESIAN_POINT('',(-4.7E-1,3.75E-1,-2.56E0));
#10270=LINE('',#10269,#10268);
#10271=DIRECTION('',(0.E0,1.E0,0.E0));
#10272=VECTOR('',#10271,5.E-2);
#10273=CARTESIAN_POINT('',(-4.7E-1,3.25E-1,-2.56E0));
#10274=LINE('',#10273,#10272);
#10275=DIRECTION('',(-1.E0,0.E0,0.E0));
#10276=VECTOR('',#10275,9.4E-1);
#10277=CARTESIAN_POINT('',(4.7E-1,3.25E-1,-2.56E0));
#10278=LINE('',#10277,#10276);
#10279=DIRECTION('',(0.E0,-1.E0,0.E0));
#10280=VECTOR('',#10279,1.2E-1);
#10281=CARTESIAN_POINT('',(1.1E0,4.1E-1,-2.46E0));
#10282=LINE('',#10281,#10280);
#10283=DIRECTION('',(-7.071067811865E-1,7.071067811865E-1,0.E0));
#10284=VECTOR('',#10283,4.242640687119E-2);
#10285=CARTESIAN_POINT('',(1.15E0,0.E0,-1.56E0));
#10286=LINE('',#10285,#10284);
#10287=DIRECTION('',(0.E0,-1.E0,0.E0));
#10288=VECTOR('',#10287,1.2E-1);
#10289=CARTESIAN_POINT('',(1.1E0,4.1E-1,-1.56E0));
#10290=LINE('',#10289,#10288);
#10291=CARTESIAN_POINT('',(1.12E0,3.E-2,-3.9E-1));
#10292=CARTESIAN_POINT('',(1.128535533906E0,2.146446609407E-2,-3.9E-1));
#10293=CARTESIAN_POINT('',(1.138202570683E0,1.179742931699E-2,
-3.855646528003E-1));
#10294=CARTESIAN_POINT('',(1.147192721487E0,2.807278513091E-3,
-3.741365103712E-1));
#10295=CARTESIAN_POINT('',(1.15E0,0.E0,-3.660355339059E-1));
#10296=CARTESIAN_POINT('',(1.15E0,0.E0,-3.6E-1));
#10298=DIRECTION('',(0.E0,0.E0,-1.E0));
#10299=VECTOR('',#10298,1.17E0);
#10300=CARTESIAN_POINT('',(1.12E0,3.E-2,-3.9E-1));
#10301=LINE('',#10300,#10299);
#10302=DIRECTION('',(0.E0,1.E0,0.E0));
#10303=VECTOR('',#10302,2.6E-1);
#10304=CARTESIAN_POINT('',(1.12E0,3.E-2,-1.56E0));
#10305=LINE('',#10304,#10303);
#10306=DIRECTION('',(0.E0,0.E0,-1.E0));
#10307=VECTOR('',#10306,8.7E-1);
#10308=CARTESIAN_POINT('',(1.12E0,2.9E-1,-6.9E-1));
#10309=LINE('',#10308,#10307);
#10310=DIRECTION('',(0.E0,-1.E0,0.E0));
#10311=VECTOR('',#10310,1.2E-1);
#10312=CARTESIAN_POINT('',(1.12E0,4.1E-1,-6.9E-1));
#10313=LINE('',#10312,#10311);
#10314=CARTESIAN_POINT('',(1.12E0,8.E-2,-3.899980079602E-1));
#10315=DIRECTION('',(1.E0,0.E0,0.E0));
#10316=DIRECTION('',(0.E0,1.E0,0.E0));
#10317=AXIS2_PLACEMENT_3D('',#10314,#10315,#10316);
#10319=CARTESIAN_POINT('',(1.12E0,8.E-2,-1.3E-1));
#10320=DIRECTION('',(1.E0,0.E0,0.E0));
#10321=DIRECTION('',(0.E0,1.E0,0.E0));
#10322=AXIS2_PLACEMENT_3D('',#10319,#10320,#10321);
#10324=DIRECTION('',(0.E0,0.E0,1.E0));
#10325=VECTOR('',#10324,1.9E-1);
#10326=CARTESIAN_POINT('',(1.12E0,1.5E-1,-3.2E-1));
#10327=LINE('',#10326,#10325);
#10328=CARTESIAN_POINT('',(1.12E0,8.E-2,-3.2E-1));
#10329=DIRECTION('',(1.E0,0.E0,0.E0));
#10330=DIRECTION('',(0.E0,0.E0,-1.E0));
#10331=AXIS2_PLACEMENT_3D('',#10328,#10329,#10330);
#10333=DIRECTION('',(0.E0,1.E0,0.E0));
#10334=VECTOR('',#10333,5.E-2);
#10335=CARTESIAN_POINT('',(1.12E0,3.E-2,-3.9E-1));
#10336=LINE('',#10335,#10334);
#10337=DIRECTION('',(0.E0,0.E0,1.E0));
#10338=VECTOR('',#10337,2.14E0);
#10339=CARTESIAN_POINT('',(8.8E-1,3.E-2,-2.53E0));
#10340=LINE('',#10339,#10338);
#10341=DIRECTION('',(0.E0,1.E0,0.E0));
#10342=VECTOR('',#10341,5.E-2);
#10343=CARTESIAN_POINT('',(8.8E-1,3.E-2,-3.9E-1));
#10344=LINE('',#10343,#10342);
#10345=CARTESIAN_POINT('',(8.8E-1,8.E-2,-3.2E-1));
#10346=DIRECTION('',(1.E0,0.E0,0.E0));
#10347=DIRECTION('',(0.E0,0.E0,-1.E0));
#10348=AXIS2_PLACEMENT_3D('',#10345,#10346,#10347);
#10350=DIRECTION('',(0.E0,0.E0,1.E0));
#10351=VECTOR('',#10350,1.9E-1);
#10352=CARTESIAN_POINT('',(8.8E-1,1.5E-1,-3.2E-1));
#10353=LINE('',#10352,#10351);
#10354=CARTESIAN_POINT('',(8.8E-1,8.E-2,-1.3E-1));
#10355=DIRECTION('',(1.E0,0.E0,0.E0));
#10356=DIRECTION('',(0.E0,1.E0,0.E0));
#10357=AXIS2_PLACEMENT_3D('',#10354,#10355,#10356);
#10359=CARTESIAN_POINT('',(8.8E-1,8.E-2,-3.899980079602E-1));
#10360=DIRECTION('',(1.E0,0.E0,0.E0));
#10361=DIRECTION('',(0.E0,1.E0,0.E0));
#10362=AXIS2_PLACEMENT_3D('',#10359,#10360,#10361);
#10364=DIRECTION('',(0.E0,-1.E0,0.E0));
#10365=VECTOR('',#10364,1.2E-1);
#10366=CARTESIAN_POINT('',(8.8E-1,4.1E-1,-6.9E-1));
#10367=LINE('',#10366,#10365);
#10368=DIRECTION('',(0.E0,0.E0,-1.E0));
#10369=VECTOR('',#10368,1.97E0);
#10370=CARTESIAN_POINT('',(8.8E-1,2.9E-1,-6.9E-1));
#10371=LINE('',#10370,#10369);
#10372=DIRECTION('',(0.E0,-1.E0,0.E0));
#10373=VECTOR('',#10372,5.E-2);
#10374=CARTESIAN_POINT('',(8.8E-1,2.9E-1,-2.66E0));
#10375=LINE('',#10374,#10373);
#10376=CARTESIAN_POINT('',(8.8E-1,2.4E-1,-2.63E0));
#10377=DIRECTION('',(1.E0,0.E0,0.E0));
#10378=DIRECTION('',(0.E0,-1.E0,0.E0));
#10379=AXIS2_PLACEMENT_3D('',#10376,#10377,#10378);
#10381=DIRECTION('',(0.E0,1.E0,0.E0));
#10382=VECTOR('',#10381,1.8E-1);
#10383=CARTESIAN_POINT('',(8.8E-1,3.E-2,-2.53E0));
#10384=LINE('',#10383,#10382);
#10385=CARTESIAN_POINT('',(8.5E-1,0.E0,-3.6E-1));
#10386=CARTESIAN_POINT('',(8.5E-1,0.E0,-3.660355339059E-1));
#10387=CARTESIAN_POINT('',(8.528072785131E-1,2.807278513091E-3,
-3.741365103712E-1));
#10388=CARTESIAN_POINT('',(8.617974293170E-1,1.179742931699E-2,
-3.855646528003E-1));
#10389=CARTESIAN_POINT('',(8.714644660941E-1,2.146446609407E-2,-3.9E-1));
#10390=CARTESIAN_POINT('',(8.8E-1,3.E-2,-3.9E-1));
#10392=DIRECTION('',(-5.773502691896E-1,-5.773502691896E-1,5.773502691896E-1));
#10393=VECTOR('',#10392,5.196152422707E-2);
#10394=CARTESIAN_POINT('',(8.8E-1,3.E-2,-2.53E0));
#10395=LINE('',#10394,#10393);
#10396=DIRECTION('',(1.E0,0.E0,0.E0));
#10397=VECTOR('',#10396,2.6E-1);
#10398=CARTESIAN_POINT('',(6.2E-1,3.E-2,-2.53E0));
#10399=LINE('',#10398,#10397);
#10400=DIRECTION('',(-1.E0,0.E0,0.E0));
#10401=VECTOR('',#10400,2.6E-1);
#10402=CARTESIAN_POINT('',(8.8E-1,2.1E-1,-2.53E0));
#10403=LINE('',#10402,#10401);
#10404=DIRECTION('',(1.E0,0.E0,0.E0));
#10405=VECTOR('',#10404,3.E-1);
#10406=CARTESIAN_POINT('',(8.5E-1,0.E0,-3.6E-1));
#10407=LINE('',#10406,#10405);
#10408=DIRECTION('',(-1.E0,0.E0,0.E0));
#10409=VECTOR('',#10408,2.4E-1);
#10410=CARTESIAN_POINT('',(1.12E0,3.E-2,-3.9E-1));
#10411=LINE('',#10410,#10409);
#10412=DIRECTION('',(-1.E0,0.E0,0.E0));
#10413=VECTOR('',#10412,2.4E-1);
#10414=CARTESIAN_POINT('',(1.12E0,8.E-2,-3.9E-1));
#10415=LINE('',#10414,#10413);
#10416=DIRECTION('',(-1.E0,0.E0,0.E0));
#10417=VECTOR('',#10416,2.4E-1);
#10418=CARTESIAN_POINT('',(1.12E0,1.5E-1,-3.2E-1));
#10419=LINE('',#10418,#10417);
#10420=DIRECTION('',(-1.E0,0.E0,0.E0));
#10421=VECTOR('',#10420,2.4E-1);
#10422=CARTESIAN_POINT('',(1.12E0,8.E-2,-5.999933598674E-2));
#10423=LINE('',#10422,#10421);
#10424=DIRECTION('',(-1.E0,0.E0,0.E0));
#10425=VECTOR('',#10424,2.4E-1);
#10426=CARTESIAN_POINT('',(1.12E0,1.5E-1,-1.3E-1));
#10427=LINE('',#10426,#10425);
#10428=DIRECTION('',(0.E0,-1.E0,0.E0));
#10429=VECTOR('',#10428,4.1E-1);
#10430=CARTESIAN_POINT('',(1.2E0,4.1E-1,-1.56E0));
#10431=LINE('',#10430,#10429);
#10432=DIRECTION('',(0.E0,-1.E0,0.E0));
#10433=VECTOR('',#10432,4.1E-1);
#10434=CARTESIAN_POINT('',(1.25E0,4.1E-1,-1.61E0));
#10435=LINE('',#10434,#10433);
#10436=DIRECTION('',(8.169678632648E-1,-5.766831975987E-1,0.E0));
#10437=VECTOR('',#10436,1.040432602334E-1);
#10438=CARTESIAN_POINT('',(1.5E0,2.07E-1,-2.36E0));
#10439=LINE('',#10438,#10437);
#10440=DIRECTION('',(0.E0,-1.E0,0.E0));
#10441=VECTOR('',#10440,4.1E-1);
#10442=CARTESIAN_POINT('',(1.25E0,4.1E-1,-2.36E0));
#10443=LINE('',#10442,#10441);
#10444=DIRECTION('',(-8.169678632648E-1,-5.766831975987E-1,0.E0));
#10445=VECTOR('',#10444,1.040432602334E-1);
#10446=CARTESIAN_POINT('',(1.585E0,6.E-2,-2.36E0));
#10447=LINE('',#10446,#10445);
#10448=DIRECTION('',(0.E0,-1.E0,0.E0));
#10449=VECTOR('',#10448,8.7E-2);
#10450=CARTESIAN_POINT('',(1.585E0,1.47E-1,-2.36E0));
#10451=LINE('',#10450,#10449);
#10452=DIRECTION('',(8.169678632648E-1,5.766831975987E-1,0.E0));
#10453=VECTOR('',#10452,1.040432602334E-1);
#10454=CARTESIAN_POINT('',(-1.585E0,1.4E-1,-2.36E0));
#10455=LINE('',#10454,#10453);
#10456=DIRECTION('',(0.E0,1.E0,0.E0));
#10457=VECTOR('',#10456,8.E-2);
#10458=CARTESIAN_POINT('',(-1.585E0,6.E-2,-2.36E0));
#10459=LINE('',#10458,#10457);
#10460=DIRECTION('',(-8.169678632648E-1,5.766831975987E-1,0.E0));
#10461=VECTOR('',#10460,1.040432602334E-1);
#10462=CARTESIAN_POINT('',(-1.5E0,0.E0,-2.36E0));
#10463=LINE('',#10462,#10461);
#10464=DIRECTION('',(0.E0,0.E0,1.E0));
#10465=VECTOR('',#10464,2.3E-1);
#10466=CARTESIAN_POINT('',(1.585E0,1.47E-1,-2.36E0));
#10467=LINE('',#10466,#10465);
#10468=DIRECTION('',(0.E0,0.E0,1.E0));
#10469=VECTOR('',#10468,2.3E-1);
#10470=CARTESIAN_POINT('',(1.585E0,6.E-2,-2.36E0));
#10471=LINE('',#10470,#10469);
#10472=DIRECTION('',(-8.169678632648E-1,5.766831975987E-1,0.E0));
#10473=VECTOR('',#10472,1.040432602334E-1);
#10474=CARTESIAN_POINT('',(-1.5E0,0.E0,-2.13E0));
#10475=LINE('',#10474,#10473);
#10476=DIRECTION('',(0.E0,1.E0,0.E0));
#10477=VECTOR('',#10476,8.E-2);
#10478=CARTESIAN_POINT('',(-1.585E0,6.E-2,-2.13E0));
#10479=LINE('',#10478,#10477);
#10480=DIRECTION('',(8.169678632648E-1,5.766831975987E-1,0.E0));
#10481=VECTOR('',#10480,1.040432602334E-1);
#10482=CARTESIAN_POINT('',(-1.585E0,1.4E-1,-2.13E0));
#10483=LINE('',#10482,#10481);
#10484=DIRECTION('',(8.169678632648E-1,-5.766831975987E-1,0.E0));
#10485=VECTOR('',#10484,1.040432602334E-1);
#10486=CARTESIAN_POINT('',(1.5E0,2.07E-1,-2.13E0));
#10487=LINE('',#10486,#10485);
#10488=DIRECTION('',(0.E0,-1.E0,0.E0));
#10489=VECTOR('',#10488,8.7E-2);
#10490=CARTESIAN_POINT('',(1.585E0,1.47E-1,-2.13E0));
#10491=LINE('',#10490,#10489);
#10492=DIRECTION('',(-8.169678632648E-1,-5.766831975987E-1,0.E0));
#10493=VECTOR('',#10492,1.040432602334E-1);
#10494=CARTESIAN_POINT('',(1.585E0,6.E-2,-2.13E0));
#10495=LINE('',#10494,#10493);
#10496=DIRECTION('',(0.E0,-7.071067811865E-1,-7.071067811865E-1));
#10497=VECTOR('',#10496,2.828427124746E-1);
#10498=CARTESIAN_POINT('',(-1.5E0,0.E0,-3.8E-1));
#10499=LINE('',#10498,#10497);
#10500=DIRECTION('',(0.E0,0.E0,-1.E0));
#10501=VECTOR('',#10500,8.E-2);
#10502=CARTESIAN_POINT('',(-1.5E0,-2.E-1,-5.8E-1));
#10503=LINE('',#10502,#10501);
#10504=DIRECTION('',(0.E0,9.284766908853E-1,-3.713906763541E-1));
#10505=VECTOR('',#10504,2.154065922854E-1);
#10506=CARTESIAN_POINT('',(-1.5E0,-2.E-1,-6.6E-1));
#10507=LINE('',#10506,#10505);
#10508=DIRECTION('',(0.E0,0.E0,-1.E0));
#10509=VECTOR('',#10508,1.39E0);
#10510=CARTESIAN_POINT('',(-1.5E0,0.E0,-7.4E-1));
#10511=LINE('',#10510,#10509);
#10512=DIRECTION('',(0.E0,1.E0,0.E0));
#10513=VECTOR('',#10512,2.E-1);
#10514=CARTESIAN_POINT('',(-1.5E0,0.E0,-2.13E0));
#10515=LINE('',#10514,#10513);
#10516=DIRECTION('',(0.E0,0.E0,1.E0));
#10517=VECTOR('',#10516,2.3E-1);
#10518=CARTESIAN_POINT('',(-1.5E0,2.E-1,-2.36E0));
#10519=LINE('',#10518,#10517);
#10520=DIRECTION('',(0.E0,1.E0,0.E0));
#10521=VECTOR('',#10520,2.1E-1);
#10522=CARTESIAN_POINT('',(-1.5E0,2.E-1,-2.36E0));
#10523=LINE('',#10522,#10521);
#10524=DIRECTION('',(0.E0,-1.E0,0.E0));
#10525=VECTOR('',#10524,3.1E-1);
#10526=CARTESIAN_POINT('',(-1.5E0,4.1E-1,-5.6E-1));
#10527=LINE('',#10526,#10525);
#10528=DIRECTION('',(0.E0,9.284766908853E-1,-3.713906763541E-1));
#10529=VECTOR('',#10528,2.154065922854E-1);
#10530=CARTESIAN_POINT('',(-1.25E0,-2.E-1,-6.6E-1));
#10531=LINE('',#10530,#10529);
#10532=DIRECTION('',(0.E0,0.E0,-1.E0));
#10533=VECTOR('',#10532,8.E-2);
#10534=CARTESIAN_POINT('',(-1.25E0,-2.E-1,-5.8E-1));
#10535=LINE('',#10534,#10533);
#10536=DIRECTION('',(0.E0,-7.071067811865E-1,-7.071067811865E-1));
#10537=VECTOR('',#10536,2.828427124746E-1);
#10538=CARTESIAN_POINT('',(-1.25E0,0.E0,-3.8E-1));
#10539=LINE('',#10538,#10537);
#10540=DIRECTION('',(1.E0,0.E0,0.E0));
#10541=VECTOR('',#10540,2.5E-1);
#10542=CARTESIAN_POINT('',(-1.5E0,-2.E-1,-6.6E-1));
#10543=LINE('',#10542,#10541);
#10544=DIRECTION('',(1.E0,0.E0,0.E0));
#10545=VECTOR('',#10544,2.5E-1);
#10546=CARTESIAN_POINT('',(-1.5E0,-2.E-1,-5.8E-1));
#10547=LINE('',#10546,#10545);
#10548=DIRECTION('',(0.E0,0.E0,1.E0));
#10549=VECTOR('',#10548,2.3E-1);
#10550=CARTESIAN_POINT('',(-1.585E0,1.4E-1,-2.36E0));
#10551=LINE('',#10550,#10549);
#10552=DIRECTION('',(0.E0,0.E0,1.E0));
#10553=VECTOR('',#10552,2.3E-1);
#10554=CARTESIAN_POINT('',(-1.585E0,6.E-2,-2.36E0));
#10555=LINE('',#10554,#10553);
#10556=DIRECTION('',(0.E0,-1.E0,0.E0));
#10557=VECTOR('',#10556,4.1E-1);
#10558=CARTESIAN_POINT('',(-1.25E0,4.1E-1,-2.36E0));
#10559=LINE('',#10558,#10557);
#10560=DIRECTION('',(0.E0,-1.E0,0.E0));
#10561=VECTOR('',#10560,4.1E-1);
#10562=CARTESIAN_POINT('',(-1.25E0,4.1E-1,-1.61E0));
#10563=LINE('',#10562,#10561);
#10564=DIRECTION('',(0.E0,1.E0,0.E0));
#10565=VECTOR('',#10564,1.2E-1);
#10566=CARTESIAN_POINT('',(-1.1E0,2.9E-1,-2.46E0));
#10567=LINE('',#10566,#10565);
#10568=DIRECTION('',(0.E0,-1.E0,0.E0));
#10569=VECTOR('',#10568,1.2E-1);
#10570=CARTESIAN_POINT('',(-1.1E0,4.1E-1,-1.56E0));
#10571=LINE('',#10570,#10569);
#10572=DIRECTION('',(1.E0,0.E0,0.E0));
#10573=VECTOR('',#10572,3.E-1);
#10574=CARTESIAN_POINT('',(-1.15E0,0.E0,-3.6E-1));
#10575=LINE('',#10574,#10573);
#10576=DIRECTION('',(1.E0,0.E0,0.E0));
#10577=VECTOR('',#10576,2.4E-1);
#10578=CARTESIAN_POINT('',(-1.12E0,3.E-2,-3.9E-1));
#10579=LINE('',#10578,#10577);
#10580=DIRECTION('',(1.E0,0.E0,0.E0));
#10581=VECTOR('',#10580,2.4E-1);
#10582=CARTESIAN_POINT('',(-1.12E0,8.E-2,-3.9E-1));
#10583=LINE('',#10582,#10581);
#10584=DIRECTION('',(1.E0,0.E0,0.E0));
#10585=VECTOR('',#10584,2.4E-1);
#10586=CARTESIAN_POINT('',(-1.12E0,1.5E-1,-3.2E-1));
#10587=LINE('',#10586,#10585);
#10588=DIRECTION('',(-1.E0,0.E0,0.E0));
#10589=VECTOR('',#10588,2.4E-1);
#10590=CARTESIAN_POINT('',(-8.8E-1,8.E-2,-5.999933598674E-2));
#10591=LINE('',#10590,#10589);
#10592=DIRECTION('',(1.E0,0.E0,0.E0));
#10593=VECTOR('',#10592,2.4E-1);
#10594=CARTESIAN_POINT('',(-1.12E0,1.5E-1,-1.3E-1));
#10595=LINE('',#10594,#10593);
#10596=DIRECTION('',(-1.E0,0.E0,0.E0));
#10597=VECTOR('',#10596,2.4E-1);
#10598=CARTESIAN_POINT('',(6.2E-1,8.E-2,-5.999933598674E-2));
#10599=LINE('',#10598,#10597);
#10600=DIRECTION('',(-1.E0,0.E0,0.E0));
#10601=VECTOR('',#10600,2.4E-1);
#10602=CARTESIAN_POINT('',(6.2E-1,1.5E-1,-1.3E-1));
#10603=LINE('',#10602,#10601);
#10604=DIRECTION('',(-1.E0,0.E0,0.E0));
#10605=VECTOR('',#10604,2.4E-1);
#10606=CARTESIAN_POINT('',(6.2E-1,1.5E-1,-3.2E-1));
#10607=LINE('',#10606,#10605);
#10608=DIRECTION('',(-1.E0,0.E0,0.E0));
#10609=VECTOR('',#10608,2.4E-1);
#10610=CARTESIAN_POINT('',(6.2E-1,8.E-2,-3.9E-1));
#10611=LINE('',#10610,#10609);
#10612=DIRECTION('',(-1.E0,0.E0,0.E0));
#10613=VECTOR('',#10612,2.4E-1);
#10614=CARTESIAN_POINT('',(6.2E-1,3.E-2,-3.9E-1));
#10615=LINE('',#10614,#10613);
#10616=CARTESIAN_POINT('',(-1.86E0,8.E-2,0.E0));
#10617=CARTESIAN_POINT('',(-1.86E0,7.9E-2,0.E0));
#10618=VERTEX_POINT('',#10616);
#10619=VERTEX_POINT('',#10617);
#10620=CARTESIAN_POINT('',(-1.86E0,0.E0,-7.9E-2));
#10621=VERTEX_POINT('',#10620);
#10622=CARTESIAN_POINT('',(1.86E0,8.E-2,0.E0));
#10623=CARTESIAN_POINT('',(1.86E0,7.9E-2,0.E0));
#10624=VERTEX_POINT('',#10622);
#10625=VERTEX_POINT('',#10623);
#10626=CARTESIAN_POINT('',(1.86E0,0.E0,-7.9E-2));
#10627=VERTEX_POINT('',#10626);
#10628=CARTESIAN_POINT('',(-8.8E-1,1.5E-1,-3.2E-1));
#10629=CARTESIAN_POINT('',(-8.8E-1,8.E-2,-3.9E-1));
#10630=VERTEX_POINT('',#10628);
#10631=VERTEX_POINT('',#10629);
#10632=CARTESIAN_POINT('',(-8.8E-1,1.5E-1,-1.3E-1));
#10633=VERTEX_POINT('',#10632);
#10634=CARTESIAN_POINT('',(-1.12E0,1.5E-1,-3.2E-1));
#10635=CARTESIAN_POINT('',(-1.12E0,8.E-2,-3.9E-1));
#10636=VERTEX_POINT('',#10634);
#10637=VERTEX_POINT('',#10635);
#10638=CARTESIAN_POINT('',(-1.12E0,1.5E-1,-1.3E-1));
#10639=VERTEX_POINT('',#10638);
#10640=CARTESIAN_POINT('',(-1.12E0,2.9E-1,-6.9E-1));
#10641=CARTESIAN_POINT('',(-8.8E-1,2.9E-1,-6.9E-1));
#10642=VERTEX_POINT('',#10640);
#10643=VERTEX_POINT('',#10641);
#10644=CARTESIAN_POINT('',(-8.8E-1,4.1E-1,-6.9E-1));
#10645=CARTESIAN_POINT('',(-1.12E0,4.1E-1,-6.9E-1));
#10646=VERTEX_POINT('',#10644);
#10647=VERTEX_POINT('',#10645);
#10648=CARTESIAN_POINT('',(-3.8E-1,8.E-2,-3.9E-1));
#10649=CARTESIAN_POINT('',(-3.8E-1,1.5E-1,-3.2E-1));
#10650=VERTEX_POINT('',#10648);
#10651=VERTEX_POINT('',#10649);
#10652=CARTESIAN_POINT('',(-3.8E-1,1.5E-1,-1.3E-1));
#10653=VERTEX_POINT('',#10652);
#10654=CARTESIAN_POINT('',(-6.2E-1,8.E-2,-3.9E-1));
#10655=CARTESIAN_POINT('',(-6.2E-1,1.5E-1,-3.2E-1));
#10656=VERTEX_POINT('',#10654);
#10657=VERTEX_POINT('',#10655);
#10658=CARTESIAN_POINT('',(-6.2E-1,1.5E-1,-1.3E-1));
#10659=VERTEX_POINT('',#10658);
#10660=CARTESIAN_POINT('',(-3.8E-1,2.9E-1,-6.9E-1));
#10661=CARTESIAN_POINT('',(-6.2E-1,2.9E-1,-6.9E-1));
#10662=VERTEX_POINT('',#10660);
#10663=VERTEX_POINT('',#10661);
#10664=CARTESIAN_POINT('',(-3.8E-1,4.1E-1,-6.9E-1));
#10665=CARTESIAN_POINT('',(-6.2E-1,4.1E-1,-6.9E-1));
#10666=VERTEX_POINT('',#10664);
#10667=VERTEX_POINT('',#10665);
#10668=CARTESIAN_POINT('',(1.2E-1,8.E-2,-3.9E-1));
#10669=CARTESIAN_POINT('',(1.2E-1,1.5E-1,-3.2E-1));
#10670=VERTEX_POINT('',#10668);
#10671=VERTEX_POINT('',#10669);
#10672=CARTESIAN_POINT('',(1.2E-1,1.5E-1,-1.3E-1));
#10673=VERTEX_POINT('',#10672);
#10674=CARTESIAN_POINT('',(-1.2E-1,8.E-2,-3.9E-1));
#10675=CARTESIAN_POINT('',(-1.2E-1,1.5E-1,-3.2E-1));
#10676=VERTEX_POINT('',#10674);
#10677=VERTEX_POINT('',#10675);
#10678=CARTESIAN_POINT('',(-1.2E-1,1.5E-1,-1.3E-1));
#10679=VERTEX_POINT('',#10678);
#10680=CARTESIAN_POINT('',(1.2E-1,2.9E-1,-6.9E-1));
#10681=CARTESIAN_POINT('',(-1.2E-1,2.9E-1,-6.9E-1));
#10682=VERTEX_POINT('',#10680);
#10683=VERTEX_POINT('',#10681);
#10684=CARTESIAN_POINT('',(1.2E-1,4.1E-1,-6.9E-1));
#10685=CARTESIAN_POINT('',(-1.2E-1,4.1E-1,-6.9E-1));
#10686=VERTEX_POINT('',#10684);
#10687=VERTEX_POINT('',#10685);
#10688=CARTESIAN_POINT('',(6.2E-1,8.E-2,-3.9E-1));
#10689=CARTESIAN_POINT('',(6.2E-1,1.5E-1,-3.2E-1));
#10690=VERTEX_POINT('',#10688);
#10691=VERTEX_POINT('',#10689);
#10692=CARTESIAN_POINT('',(6.2E-1,1.5E-1,-1.3E-1));
#10693=VERTEX_POINT('',#10692);
#10694=CARTESIAN_POINT('',(3.8E-1,8.E-2,-3.9E-1));
#10695=CARTESIAN_POINT('',(3.8E-1,1.5E-1,-3.2E-1));
#10696=VERTEX_POINT('',#10694);
#10697=VERTEX_POINT('',#10695);
#10698=CARTESIAN_POINT('',(3.8E-1,1.5E-1,-1.3E-1));
#10699=VERTEX_POINT('',#10698);
#10700=CARTESIAN_POINT('',(6.2E-1,2.9E-1,-6.9E-1));
#10701=CARTESIAN_POINT('',(3.8E-1,2.9E-1,-6.9E-1));
#10702=VERTEX_POINT('',#10700);
#10703=VERTEX_POINT('',#10701);
#10704=CARTESIAN_POINT('',(6.2E-1,4.1E-1,-6.9E-1));
#10705=CARTESIAN_POINT('',(3.8E-1,4.1E-1,-6.9E-1));
#10706=VERTEX_POINT('',#10704);
#10707=VERTEX_POINT('',#10705);
#10708=CARTESIAN_POINT('',(1.25E0,0.E0,-7.9E-2));
#10709=CARTESIAN_POINT('',(1.25E0,0.E0,-1.39E-1));
#10710=VERTEX_POINT('',#10708);
#10711=VERTEX_POINT('',#10709);
#10712=CARTESIAN_POINT('',(-1.25E0,0.E0,-7.9E-2));
#10713=CARTESIAN_POINT('',(-1.25E0,0.E0,-1.39E-1));
#10714=VERTEX_POINT('',#10712);
#10715=VERTEX_POINT('',#10713);
#10716=CARTESIAN_POINT('',(1.25E0,4.1E-1,-3.3E-1));
#10717=CARTESIAN_POINT('',(1.25E0,4.1E-1,-3.899980079602E-1));
#10718=VERTEX_POINT('',#10716);
#10719=VERTEX_POINT('',#10717);
#10720=CARTESIAN_POINT('',(-1.25E0,4.1E-1,-3.3E-1));
#10721=CARTESIAN_POINT('',(-1.25E0,4.1E-1,-3.899980079602E-1));
#10722=VERTEX_POINT('',#10720);
#10723=VERTEX_POINT('',#10721);
#10724=CARTESIAN_POINT('',(-1.12E0,4.1E-1,-3.899980079602E-1));
#10725=VERTEX_POINT('',#10724);
#10726=CARTESIAN_POINT('',(-8.8E-1,4.1E-1,-3.899980079602E-1));
#10727=CARTESIAN_POINT('',(-6.2E-1,4.1E-1,-3.899980079602E-1));
#10728=VERTEX_POINT('',#10726);
#10729=VERTEX_POINT('',#10727);
#10730=CARTESIAN_POINT('',(-3.8E-1,4.1E-1,-3.899980079602E-1));
#10731=CARTESIAN_POINT('',(-1.2E-1,4.1E-1,-3.899980079602E-1));
#10732=VERTEX_POINT('',#10730);
#10733=VERTEX_POINT('',#10731);
#10734=CARTESIAN_POINT('',(1.2E-1,4.1E-1,-3.899980079602E-1));
#10735=CARTESIAN_POINT('',(3.8E-1,4.1E-1,-3.899980079602E-1));
#10736=VERTEX_POINT('',#10734);
#10737=VERTEX_POINT('',#10735);
#10738=CARTESIAN_POINT('',(6.2E-1,4.1E-1,-3.899980079602E-1));
#10739=CARTESIAN_POINT('',(8.8E-1,4.1E-1,-3.899980079602E-1));
#10740=VERTEX_POINT('',#10738);
#10741=VERTEX_POINT('',#10739);
#10742=CARTESIAN_POINT('',(1.25E0,8.E-2,0.E0));
#10743=VERTEX_POINT('',#10742);
#10744=CARTESIAN_POINT('',(-1.25E0,8.E-2,0.E0));
#10745=VERTEX_POINT('',#10744);
#10746=CARTESIAN_POINT('',(1.25E0,7.9E-2,0.E0));
#10747=VERTEX_POINT('',#10746);
#10748=CARTESIAN_POINT('',(-1.25E0,7.9E-2,0.E0));
#10749=VERTEX_POINT('',#10748);
#10750=CARTESIAN_POINT('',(-8.8E-1,8.E-2,-5.999800796022E-2));
#10751=VERTEX_POINT('',#10750);
#10752=CARTESIAN_POINT('',(-1.12E0,8.E-2,-5.999800796022E-2));
#10753=VERTEX_POINT('',#10752);
#10754=CARTESIAN_POINT('',(-3.8E-1,8.E-2,-5.999800796022E-2));
#10755=VERTEX_POINT('',#10754);
#10756=CARTESIAN_POINT('',(-6.2E-1,8.E-2,-5.999800796022E-2));
#10757=VERTEX_POINT('',#10756);
#10758=CARTESIAN_POINT('',(1.2E-1,8.E-2,-5.999800796022E-2));
#10759=VERTEX_POINT('',#10758);
#10760=CARTESIAN_POINT('',(-1.2E-1,8.E-2,-5.999800796022E-2));
#10761=VERTEX_POINT('',#10760);
#10762=CARTESIAN_POINT('',(6.2E-1,8.E-2,-5.999800796022E-2));
#10763=VERTEX_POINT('',#10762);
#10764=CARTESIAN_POINT('',(3.8E-1,8.E-2,-5.999800796022E-2));
#10765=VERTEX_POINT('',#10764);
#10766=CARTESIAN_POINT('',(1.25E0,7.868525896414E-2,-6.000062697666E-2));
#10767=VERTEX_POINT('',#10766);
#10768=CARTESIAN_POINT('',(-1.25E0,7.868525896414E-2,-6.000062697666E-2));
#10769=VERTEX_POINT('',#10768);
#10770=CARTESIAN_POINT('',(-1.25E0,0.E0,-2.36E0));
#10771=CARTESIAN_POINT('',(-1.25E0,0.E0,-1.61E0));
#10772=VERTEX_POINT('',#10770);
#10773=VERTEX_POINT('',#10771);
#10774=CARTESIAN_POINT('',(-1.5E0,4.1E-1,-2.36E0));
#10775=CARTESIAN_POINT('',(-1.25E0,4.1E-1,-2.36E0));
#10776=VERTEX_POINT('',#10774);
#10777=VERTEX_POINT('',#10775);
#10778=CARTESIAN_POINT('',(-1.25E0,4.1E-1,-1.61E0));
#10779=VERTEX_POINT('',#10778);
#10780=CARTESIAN_POINT('',(1.1E0,4.1E-1,-1.56E0));
#10781=CARTESIAN_POINT('',(1.2E0,4.1E-1,-1.56E0));
#10782=VERTEX_POINT('',#10780);
#10783=VERTEX_POINT('',#10781);
#10784=CARTESIAN_POINT('',(1.25E0,4.1E-1,-2.36E0));
#10785=CARTESIAN_POINT('',(1.5E0,4.1E-1,-2.36E0));
#10786=VERTEX_POINT('',#10784);
#10787=VERTEX_POINT('',#10785);
#10788=CARTESIAN_POINT('',(-1.12E0,2.9E-1,-1.56E0));
#10789=VERTEX_POINT('',#10788);
#10790=CARTESIAN_POINT('',(-1.5E0,4.1E-1,-5.6E-1));
#10791=VERTEX_POINT('',#10790);
#10792=CARTESIAN_POINT('',(1.5E0,4.1E-1,-5.6E-1));
#10793=VERTEX_POINT('',#10792);
#10794=CARTESIAN_POINT('',(1.1E0,2.9E-1,-1.56E0));
#10795=VERTEX_POINT('',#10794);
#10796=CARTESIAN_POINT('',(-1.2E0,0.E0,-1.56E0));
#10797=VERTEX_POINT('',#10796);
#10798=CARTESIAN_POINT('',(1.2E0,0.E0,-1.56E0));
#10799=CARTESIAN_POINT('',(1.25E0,0.E0,-1.61E0));
#10800=VERTEX_POINT('',#10798);
#10801=VERTEX_POINT('',#10799);
#10802=CARTESIAN_POINT('',(1.25E0,0.E0,-2.36E0));
#10803=VERTEX_POINT('',#10802);
#10804=CARTESIAN_POINT('',(-1.2E0,4.1E-1,-1.56E0));
#10805=VERTEX_POINT('',#10804);
#10806=CARTESIAN_POINT('',(-1.1E0,4.1E-1,-1.56E0));
#10807=VERTEX_POINT('',#10806);
#10808=CARTESIAN_POINT('',(1.25E0,4.1E-1,-1.61E0));
#10809=VERTEX_POINT('',#10808);
#10810=CARTESIAN_POINT('',(-1.1E0,2.9E-1,-1.56E0));
#10811=VERTEX_POINT('',#10810);
#10812=CARTESIAN_POINT('',(-3.8E-1,2.9E-1,-2.46E0));
#10813=VERTEX_POINT('',#10812);
#10814=CARTESIAN_POINT('',(1.2E-1,2.9E-1,-2.46E0));
#10815=VERTEX_POINT('',#10814);
#10816=CARTESIAN_POINT('',(-1.2E-1,2.9E-1,-2.46E0));
#10817=VERTEX_POINT('',#10816);
#10818=CARTESIAN_POINT('',(3.8E-1,2.9E-1,-2.46E0));
#10819=VERTEX_POINT('',#10818);
#10820=CARTESIAN_POINT('',(6.2E-1,4.1E-1,-2.66E0));
#10821=CARTESIAN_POINT('',(6.2E-1,4.1E-1,-2.61E0));
#10822=VERTEX_POINT('',#10820);
#10823=VERTEX_POINT('',#10821);
#10824=CARTESIAN_POINT('',(5.2E-1,4.1E-1,-2.51E0));
#10825=VERTEX_POINT('',#10824);
#10826=CARTESIAN_POINT('',(-5.2E-1,4.1E-1,-2.51E0));
#10827=VERTEX_POINT('',#10826);
#10828=CARTESIAN_POINT('',(-6.2E-1,4.1E-1,-2.61E0));
#10829=VERTEX_POINT('',#10828);
#10830=CARTESIAN_POINT('',(-6.2E-1,4.1E-1,-2.66E0));
#10831=VERTEX_POINT('',#10830);
#10832=CARTESIAN_POINT('',(5.2E-1,2.9E-1,-2.51E0));
#10833=CARTESIAN_POINT('',(-5.2E-1,2.9E-1,-2.51E0));
#10834=VERTEX_POINT('',#10832);
#10835=VERTEX_POINT('',#10833);
#10836=CARTESIAN_POINT('',(-1.86E0,1.E-1,-5.6E-1));
#10837=CARTESIAN_POINT('',(-1.5E0,1.E-1,-5.6E-1));
#10838=VERTEX_POINT('',#10836);
#10839=VERTEX_POINT('',#10837);
#10840=CARTESIAN_POINT('',(-1.86E0,0.E0,-4.6E-1));
#10841=VERTEX_POINT('',#10840);
#10842=CARTESIAN_POINT('',(1.86E0,0.E0,-4.6E-1));
#10843=CARTESIAN_POINT('',(1.86E0,1.E-1,-5.6E-1));
#10844=VERTEX_POINT('',#10842);
#10845=VERTEX_POINT('',#10843);
#10846=CARTESIAN_POINT('',(1.5E0,1.E-1,-5.6E-1));
#10847=VERTEX_POINT('',#10846);
#10848=CARTESIAN_POINT('',(4.7E-1,3.75E-1,-2.56E0));
#10849=CARTESIAN_POINT('',(4.7E-1,3.25E-1,-2.56E0));
#10850=VERTEX_POINT('',#10848);
#10851=VERTEX_POINT('',#10849);
#10852=CARTESIAN_POINT('',(-4.7E-1,3.25E-1,-2.56E0));
#10853=VERTEX_POINT('',#10852);
#10854=CARTESIAN_POINT('',(-4.7E-1,3.75E-1,-2.56E0));
#10855=VERTEX_POINT('',#10854);
#10856=CARTESIAN_POINT('',(4.7E-1,3.75E-1,-2.51E0));
#10857=CARTESIAN_POINT('',(4.7E-1,3.25E-1,-2.51E0));
#10858=VERTEX_POINT('',#10856);
#10859=VERTEX_POINT('',#10857);
#10860=CARTESIAN_POINT('',(-4.7E-1,3.25E-1,-2.51E0));
#10861=VERTEX_POINT('',#10860);
#10862=CARTESIAN_POINT('',(-4.7E-1,3.75E-1,-2.51E0));
#10863=VERTEX_POINT('',#10862);
#10864=CARTESIAN_POINT('',(8.8E-1,2.1E-1,-2.53E0));
#10865=CARTESIAN_POINT('',(6.2E-1,2.1E-1,-2.53E0));
#10866=VERTEX_POINT('',#10864);
#10867=VERTEX_POINT('',#10865);
#10868=CARTESIAN_POINT('',(-6.2E-1,2.1E-1,-2.53E0));
#10869=CARTESIAN_POINT('',(-8.8E-1,2.1E-1,-2.53E0));
#10870=VERTEX_POINT('',#10868);
#10871=VERTEX_POINT('',#10869);
#10872=CARTESIAN_POINT('',(6.2E-1,2.9E-1,-2.61E0));
#10873=VERTEX_POINT('',#10872);
#10874=CARTESIAN_POINT('',(-6.2E-1,2.9E-1,-2.61E0));
#10875=VERTEX_POINT('',#10874);
#10876=CARTESIAN_POINT('',(-8.8E-1,2.9E-1,-2.66E0));
#10877=VERTEX_POINT('',#10876);
#10878=CARTESIAN_POINT('',(9.E-1,2.9E-1,-2.66E0));
#10879=CARTESIAN_POINT('',(1.1E0,2.9E-1,-2.46E0));
#10880=VERTEX_POINT('',#10878);
#10881=VERTEX_POINT('',#10879);
#10882=CARTESIAN_POINT('',(1.1E0,4.1E-1,-2.46E0));
#10883=VERTEX_POINT('',#10882);
#10884=CARTESIAN_POINT('',(9.E-1,4.1E-1,-2.66E0));
#10885=VERTEX_POINT('',#10884);
#10886=CARTESIAN_POINT('',(-9.E-1,4.1E-1,-2.66E0));
#10887=CARTESIAN_POINT('',(-1.1E0,4.1E-1,-2.46E0));
#10888=VERTEX_POINT('',#10886);
#10889=VERTEX_POINT('',#10887);
#10890=CARTESIAN_POINT('',(-1.1E0,2.9E-1,-2.46E0));
#10891=VERTEX_POINT('',#10890);
#10892=CARTESIAN_POINT('',(-9.E-1,2.9E-1,-2.66E0));
#10893=VERTEX_POINT('',#10892);
#10894=CARTESIAN_POINT('',(-1.585E0,6.E-2,-2.36E0));
#10895=CARTESIAN_POINT('',(-1.585E0,1.4E-1,-2.36E0));
#10896=VERTEX_POINT('',#10894);
#10897=VERTEX_POINT('',#10895);
#10898=CARTESIAN_POINT('',(1.585E0,1.47E-1,-2.36E0));
#10899=CARTESIAN_POINT('',(1.585E0,6.E-2,-2.36E0));
#10900=VERTEX_POINT('',#10898);
#10901=VERTEX_POINT('',#10899);
#10902=CARTESIAN_POINT('',(-1.585E0,6.E-2,-2.13E0));
#10903=CARTESIAN_POINT('',(-1.585E0,1.4E-1,-2.13E0));
#10904=VERTEX_POINT('',#10902);
#10905=VERTEX_POINT('',#10903);
#10906=CARTESIAN_POINT('',(1.585E0,1.47E-1,-2.13E0));
#10907=CARTESIAN_POINT('',(1.585E0,6.E-2,-2.13E0));
#10908=VERTEX_POINT('',#10906);
#10909=VERTEX_POINT('',#10907);
#10910=CARTESIAN_POINT('',(-1.5E0,0.E0,-2.13E0));
#10911=CARTESIAN_POINT('',(-1.5E0,0.E0,-2.36E0));
#10912=VERTEX_POINT('',#10910);
#10913=VERTEX_POINT('',#10911);
#10914=CARTESIAN_POINT('',(1.5E0,0.E0,-2.13E0));
#10915=CARTESIAN_POINT('',(1.5E0,0.E0,-2.36E0));
#10916=VERTEX_POINT('',#10914);
#10917=VERTEX_POINT('',#10915);
#10918=CARTESIAN_POINT('',(-1.5E0,2.E-1,-2.13E0));
#10919=VERTEX_POINT('',#10918);
#10920=CARTESIAN_POINT('',(-1.5E0,2.E-1,-2.36E0));
#10921=VERTEX_POINT('',#10920);
#10922=CARTESIAN_POINT('',(1.5E0,2.07E-1,-2.13E0));
#10923=VERTEX_POINT('',#10922);
#10924=CARTESIAN_POINT('',(1.5E0,2.07E-1,-2.36E0));
#10925=VERTEX_POINT('',#10924);
#10926=CARTESIAN_POINT('',(-1.86E0,1.8E-1,-1.551629612967E-2));
#10927=CARTESIAN_POINT('',(-1.86E0,1.8E-1,-5.6E-1));
#10928=VERTEX_POINT('',#10926);
#10929=VERTEX_POINT('',#10927);
#10930=CARTESIAN_POINT('',(1.86E0,1.8E-1,-1.551629612967E-2));
#10931=CARTESIAN_POINT('',(1.86E0,1.8E-1,-5.6E-1));
#10932=VERTEX_POINT('',#10930);
#10933=VERTEX_POINT('',#10931);
#10934=CARTESIAN_POINT('',(1.71E0,4.1E-1,-3.3E-1));
#10935=CARTESIAN_POINT('',(1.71E0,4.1E-1,-5.6E-1));
#10936=VERTEX_POINT('',#10934);
#10937=VERTEX_POINT('',#10935);
#10938=CARTESIAN_POINT('',(-1.71E0,4.1E-1,-3.3E-1));
#10939=CARTESIAN_POINT('',(-1.71E0,4.1E-1,-5.6E-1));
#10940=VERTEX_POINT('',#10938);
#10941=VERTEX_POINT('',#10939);
#10942=CARTESIAN_POINT('',(-1.71E0,1.8E-1,-1.551629612967E-2));
#10943=VERTEX_POINT('',#10942);
#10944=CARTESIAN_POINT('',(1.71E0,1.8E-1,-1.551629612967E-2));
#10945=VERTEX_POINT('',#10944);
#10946=CARTESIAN_POINT('',(-1.71E0,1.8E-1,-5.6E-1));
#10947=VERTEX_POINT('',#10946);
#10948=CARTESIAN_POINT('',(1.71E0,1.8E-1,-5.6E-1));
#10949=VERTEX_POINT('',#10948);
#10950=CARTESIAN_POINT('',(1.5E0,-2.E-1,-5.8E-1));
#10951=CARTESIAN_POINT('',(1.5E0,-2.E-1,-6.6E-1));
#10952=VERTEX_POINT('',#10950);
#10953=VERTEX_POINT('',#10951);
#10954=CARTESIAN_POINT('',(1.25E0,-2.E-1,-5.8E-1));
#10955=CARTESIAN_POINT('',(1.25E0,-2.E-1,-6.6E-1));
#10956=VERTEX_POINT('',#10954);
#10957=VERTEX_POINT('',#10955);
#10958=CARTESIAN_POINT('',(1.5E0,0.E0,-3.8E-1));
#10959=CARTESIAN_POINT('',(1.5E0,0.E0,-4.6E-1));
#10960=VERTEX_POINT('',#10958);
#10961=VERTEX_POINT('',#10959);
#10962=CARTESIAN_POINT('',(1.25E0,0.E0,-3.8E-1));
#10963=CARTESIAN_POINT('',(1.25E0,0.E0,-7.4E-1));
#10964=VERTEX_POINT('',#10962);
#10965=VERTEX_POINT('',#10963);
#10966=CARTESIAN_POINT('',(1.5E0,0.E0,-7.4E-1));
#10967=VERTEX_POINT('',#10966);
#10968=CARTESIAN_POINT('',(-1.5E0,-2.E-1,-5.8E-1));
#10969=CARTESIAN_POINT('',(-1.5E0,-2.E-1,-6.6E-1));
#10970=VERTEX_POINT('',#10968);
#10971=VERTEX_POINT('',#10969);
#10972=CARTESIAN_POINT('',(-1.25E0,-2.E-1,-5.8E-1));
#10973=CARTESIAN_POINT('',(-1.25E0,-2.E-1,-6.6E-1));
#10974=VERTEX_POINT('',#10972);
#10975=VERTEX_POINT('',#10973);
#10976=CARTESIAN_POINT('',(-1.5E0,0.E0,-3.8E-1));
#10977=CARTESIAN_POINT('',(-1.5E0,0.E0,-4.6E-1));
#10978=VERTEX_POINT('',#10976);
#10979=VERTEX_POINT('',#10977);
#10980=CARTESIAN_POINT('',(-1.25E0,0.E0,-3.8E-1));
#10981=CARTESIAN_POINT('',(-1.25E0,0.E0,-7.4E-1));
#10982=VERTEX_POINT('',#10980);
#10983=VERTEX_POINT('',#10981);
#10984=CARTESIAN_POINT('',(-1.5E0,0.E0,-7.4E-1));
#10985=VERTEX_POINT('',#10984);
#10986=CARTESIAN_POINT('',(-1.12E0,3.E-2,-1.56E0));
#10987=CARTESIAN_POINT('',(-1.12E0,3.E-2,-3.9E-1));
#10988=VERTEX_POINT('',#10986);
#10989=VERTEX_POINT('',#10987);
#10990=CARTESIAN_POINT('',(-1.15E0,0.E0,-1.56E0));
#10991=VERTEX_POINT('',#10990);
#10992=CARTESIAN_POINT('',(-1.15E0,0.E0,-3.6E-1));
#10993=VERTEX_POINT('',#10992);
#10994=CARTESIAN_POINT('',(-6.2E-1,3.E-2,-2.53E0));
#10995=CARTESIAN_POINT('',(-6.2E-1,3.E-2,-3.9E-1));
#10996=VERTEX_POINT('',#10994);
#10997=VERTEX_POINT('',#10995);
#10998=CARTESIAN_POINT('',(-6.5E-1,0.E0,-2.5E0));
#10999=CARTESIAN_POINT('',(-6.5E-1,0.E0,-3.6E-1));
#11000=VERTEX_POINT('',#10998);
#11001=VERTEX_POINT('',#10999);
#11002=CARTESIAN_POINT('',(-8.8E-1,3.E-2,-2.53E0));
#11003=VERTEX_POINT('',#11002);
#11004=CARTESIAN_POINT('',(-8.5E-1,0.E0,-2.5E0));
#11005=VERTEX_POINT('',#11004);
#11006=CARTESIAN_POINT('',(-8.5E-1,0.E0,-3.6E-1));
#11007=VERTEX_POINT('',#11006);
#11008=CARTESIAN_POINT('',(-8.8E-1,3.E-2,-3.9E-1));
#11009=VERTEX_POINT('',#11008);
#11010=CARTESIAN_POINT('',(1.2E-1,3.E-2,-2.46E0));
#11011=CARTESIAN_POINT('',(3.8E-1,3.E-2,-2.46E0));
#11012=VERTEX_POINT('',#11010);
#11013=VERTEX_POINT('',#11011);
#11014=CARTESIAN_POINT('',(1.5E-1,0.E0,-2.43E0));
#11015=CARTESIAN_POINT('',(3.5E-1,0.E0,-2.43E0));
#11016=VERTEX_POINT('',#11014);
#11017=VERTEX_POINT('',#11015);
#11018=CARTESIAN_POINT('',(3.8E-1,3.E-2,-3.9E-1));
#11019=VERTEX_POINT('',#11018);
#11020=CARTESIAN_POINT('',(3.5E-1,0.E0,-3.6E-1));
#11021=VERTEX_POINT('',#11020);
#11022=CARTESIAN_POINT('',(1.5E-1,0.E0,-3.6E-1));
#11023=VERTEX_POINT('',#11022);
#11024=CARTESIAN_POINT('',(1.2E-1,3.E-2,-3.9E-1));
#11025=VERTEX_POINT('',#11024);
#11026=CARTESIAN_POINT('',(6.2E-1,3.E-2,-3.9E-1));
#11027=CARTESIAN_POINT('',(6.2E-1,3.E-2,-2.53E0));
#11028=VERTEX_POINT('',#11026);
#11029=VERTEX_POINT('',#11027);
#11030=CARTESIAN_POINT('',(6.5E-1,0.E0,-3.6E-1));
#11031=CARTESIAN_POINT('',(6.5E-1,0.E0,-2.5E0));
#11032=VERTEX_POINT('',#11030);
#11033=VERTEX_POINT('',#11031);
#11034=CARTESIAN_POINT('',(-3.8E-1,3.E-2,-3.9E-1));
#11035=VERTEX_POINT('',#11034);
#11036=CARTESIAN_POINT('',(-1.2E-1,3.E-2,-3.9E-1));
#11037=VERTEX_POINT('',#11036);
#11038=CARTESIAN_POINT('',(-3.5E-1,0.E0,-3.6E-1));
#11039=VERTEX_POINT('',#11038);
#11040=CARTESIAN_POINT('',(-1.5E-1,0.E0,-3.6E-1));
#11041=VERTEX_POINT('',#11040);
#11042=CARTESIAN_POINT('',(-6.2E-1,2.1E-1,-2.63E0));
#11043=CARTESIAN_POINT('',(-6.2E-1,2.4E-1,-2.66E0));
#11044=VERTEX_POINT('',#11042);
#11045=VERTEX_POINT('',#11043);
#11046=CARTESIAN_POINT('',(-8.8E-1,2.4E-1,-2.66E0));
#11047=VERTEX_POINT('',#11046);
#11048=CARTESIAN_POINT('',(-8.8E-1,2.1E-1,-2.63E0));
#11049=VERTEX_POINT('',#11048);
#11050=CARTESIAN_POINT('',(6.2E-1,2.4E-1,-2.66E0));
#11051=CARTESIAN_POINT('',(8.8E-1,2.4E-1,-2.66E0));
#11052=VERTEX_POINT('',#11050);
#11053=VERTEX_POINT('',#11051);
#11054=CARTESIAN_POINT('',(6.2E-1,2.1E-1,-2.63E0));
#11055=CARTESIAN_POINT('',(8.8E-1,2.1E-1,-2.63E0));
#11056=VERTEX_POINT('',#11054);
#11057=VERTEX_POINT('',#11055);
#11058=CARTESIAN_POINT('',(8.8E-1,2.9E-1,-2.66E0));
#11059=VERTEX_POINT('',#11058);
#11060=CARTESIAN_POINT('',(1.12E0,8.E-2,-3.9E-1));
#11061=CARTESIAN_POINT('',(1.12E0,1.5E-1,-3.2E-1));
#11062=VERTEX_POINT('',#11060);
#11063=VERTEX_POINT('',#11061);
#11064=CARTESIAN_POINT('',(1.12E0,1.5E-1,-1.3E-1));
#11065=VERTEX_POINT('',#11064);
#11066=CARTESIAN_POINT('',(8.8E-1,8.E-2,-3.9E-1));
#11067=CARTESIAN_POINT('',(8.8E-1,1.5E-1,-3.2E-1));
#11068=VERTEX_POINT('',#11066);
#11069=VERTEX_POINT('',#11067);
#11070=CARTESIAN_POINT('',(8.8E-1,1.5E-1,-1.3E-1));
#11071=VERTEX_POINT('',#11070);
#11072=CARTESIAN_POINT('',(1.12E0,2.9E-1,-6.9E-1));
#11073=CARTESIAN_POINT('',(8.8E-1,2.9E-1,-6.9E-1));
#11074=VERTEX_POINT('',#11072);
#11075=VERTEX_POINT('',#11073);
#11076=CARTESIAN_POINT('',(1.12E0,4.1E-1,-6.9E-1));
#11077=CARTESIAN_POINT('',(8.8E-1,4.1E-1,-6.9E-1));
#11078=VERTEX_POINT('',#11076);
#11079=VERTEX_POINT('',#11077);
#11080=CARTESIAN_POINT('',(1.12E0,4.1E-1,-3.899980079602E-1));
#11081=VERTEX_POINT('',#11080);
#11082=CARTESIAN_POINT('',(1.12E0,8.E-2,-5.999800796022E-2));
#11083=VERTEX_POINT('',#11082);
#11084=CARTESIAN_POINT('',(8.8E-1,8.E-2,-5.999800796022E-2));
#11085=VERTEX_POINT('',#11084);
#11086=CARTESIAN_POINT('',(1.12E0,2.9E-1,-1.56E0));
#11087=VERTEX_POINT('',#11086);
#11088=CARTESIAN_POINT('',(-1.5E-1,0.E0,-2.43E0));
#11089=CARTESIAN_POINT('',(-1.2E-1,3.E-2,-2.46E0));
#11090=VERTEX_POINT('',#11088);
#11091=VERTEX_POINT('',#11089);
#11092=CARTESIAN_POINT('',(-3.8E-1,3.E-2,-2.46E0));
#11093=VERTEX_POINT('',#11092);
#11094=CARTESIAN_POINT('',(-3.5E-1,0.E0,-2.43E0));
#11095=VERTEX_POINT('',#11094);
#11096=CARTESIAN_POINT('',(8.8E-1,3.E-2,-2.53E0));
#11097=CARTESIAN_POINT('',(8.8E-1,3.E-2,-3.9E-1));
#11098=VERTEX_POINT('',#11096);
#11099=VERTEX_POINT('',#11097);
#11100=CARTESIAN_POINT('',(8.5E-1,0.E0,-2.5E0));
#11101=VERTEX_POINT('',#11100);
#11102=CARTESIAN_POINT('',(8.5E-1,0.E0,-3.6E-1));
#11103=VERTEX_POINT('',#11102);
#11104=CARTESIAN_POINT('',(1.15E0,0.E0,-1.56E0));
#11105=CARTESIAN_POINT('',(1.12E0,3.E-2,-1.56E0));
#11106=VERTEX_POINT('',#11104);
#11107=VERTEX_POINT('',#11105);
#11108=CARTESIAN_POINT('',(1.12E0,3.E-2,-3.9E-1));
#11109=VERTEX_POINT('',#11108);
#11110=CARTESIAN_POINT('',(1.15E0,0.E0,-3.6E-1));
#11111=VERTEX_POINT('',#11110);
#11112=CARTESIAN_POINT('',(-1.86E0,0.E0,0.E0));
#11113=DIRECTION('',(1.E0,0.E0,0.E0));
#11114=DIRECTION('',(0.E0,0.E0,-1.E0));
#11115=AXIS2_PLACEMENT_3D('',#11112,#11113,#11114);
#11116=PLANE('',#11115);
#11118=ORIENTED_EDGE('',*,*,#11117,.F.);
#11120=ORIENTED_EDGE('',*,*,#11119,.T.);
#11122=ORIENTED_EDGE('',*,*,#11121,.T.);
#11124=ORIENTED_EDGE('',*,*,#11123,.T.);
#11126=ORIENTED_EDGE('',*,*,#11125,.T.);
#11128=ORIENTED_EDGE('',*,*,#11127,.F.);
#11130=ORIENTED_EDGE('',*,*,#11129,.T.);
#11131=EDGE_LOOP('',(#11118,#11120,#11122,#11124,#11126,#11128,#11130));
#11132=FACE_OUTER_BOUND('',#11131,.F.);
#11133=ADVANCED_FACE('',(#11132),#11116,.F.);
#11134=CARTESIAN_POINT('',(-1.86E0,1.8E-1,0.E0));
#11135=DIRECTION('',(0.E0,1.E0,0.E0));
#11136=DIRECTION('',(1.E0,0.E0,0.E0));
#11137=AXIS2_PLACEMENT_3D('',#11134,#11135,#11136);
#11138=PLANE('',#11137);
#11139=ORIENTED_EDGE('',*,*,#11117,.T.);
#11141=ORIENTED_EDGE('',*,*,#11140,.T.);
#11143=ORIENTED_EDGE('',*,*,#11142,.F.);
#11145=ORIENTED_EDGE('',*,*,#11144,.F.);
#11146=EDGE_LOOP('',(#11139,#11141,#11143,#11145));
#11147=FACE_OUTER_BOUND('',#11146,.F.);
#11148=ADVANCED_FACE('',(#11147),#11138,.T.);
#11149=CARTESIAN_POINT('',(-1.86E0,1.8E-1,0.E0));
#11150=DIRECTION('',(0.E0,1.E0,0.E0));
#11151=DIRECTION('',(1.E0,0.E0,0.E0));
#11152=AXIS2_PLACEMENT_3D('',#11149,#11150,#11151);
#11153=PLANE('',#11152);
#11155=ORIENTED_EDGE('',*,*,#11154,.F.);
#11157=ORIENTED_EDGE('',*,*,#11156,.F.);
#11159=ORIENTED_EDGE('',*,*,#11158,.F.);
#11161=ORIENTED_EDGE('',*,*,#11160,.T.);
#11162=EDGE_LOOP('',(#11155,#11157,#11159,#11161));
#11163=FACE_OUTER_BOUND('',#11162,.F.);
#11164=ADVANCED_FACE('',(#11163),#11153,.T.);
#11165=CARTESIAN_POINT('',(-1.86E0,4.1E-1,-5.6E-1));
#11166=DIRECTION('',(0.E0,0.E0,1.E0));
#11167=DIRECTION('',(1.E0,0.E0,0.E0));
#11168=AXIS2_PLACEMENT_3D('',#11165,#11166,#11167);
#11169=PLANE('',#11168);
#11170=ORIENTED_EDGE('',*,*,#11140,.F.);
#11171=ORIENTED_EDGE('',*,*,#11129,.F.);
#11173=ORIENTED_EDGE('',*,*,#11172,.T.);
#11175=ORIENTED_EDGE('',*,*,#11174,.F.);
#11177=ORIENTED_EDGE('',*,*,#11176,.F.);
#11179=ORIENTED_EDGE('',*,*,#11178,.T.);
#11180=EDGE_LOOP('',(#11170,#11171,#11173,#11175,#11177,#11179));
#11181=FACE_OUTER_BOUND('',#11180,.F.);
#11182=ADVANCED_FACE('',(#11181),#11169,.F.);
#11183=CARTESIAN_POINT('',(-1.68E0,5.E-2,-5.1E-1));
#11184=DIRECTION('',(0.E0,-7.071067811865E-1,-7.071067811865E-1));
#11185=DIRECTION('',(-1.E0,0.E0,0.E0));
#11186=AXIS2_PLACEMENT_3D('',#11183,#11184,#11185);
#11187=PLANE('',#11186);
#11189=ORIENTED_EDGE('',*,*,#11188,.T.);
#11191=ORIENTED_EDGE('',*,*,#11190,.T.);
#11192=ORIENTED_EDGE('',*,*,#11172,.F.);
#11193=ORIENTED_EDGE('',*,*,#11127,.T.);
#11194=EDGE_LOOP('',(#11189,#11191,#11192,#11193));
#11195=FACE_OUTER_BOUND('',#11194,.F.);
#11196=ADVANCED_FACE('',(#11195),#11187,.T.);
#11197=CARTESIAN_POINT('',(-1.86E0,0.E0,-7.9E-2));
#11198=DIRECTION('',(0.E0,-1.E0,0.E0));
#11199=DIRECTION('',(0.E0,0.E0,-1.E0));
#11200=AXIS2_PLACEMENT_3D('',#11197,#11198,#11199);
#11201=PLANE('',#11200);
#11203=ORIENTED_EDGE('',*,*,#11202,.F.);
#11205=ORIENTED_EDGE('',*,*,#11204,.F.);
#11207=ORIENTED_EDGE('',*,*,#11206,.F.);
#11209=ORIENTED_EDGE('',*,*,#11208,.F.);
#11211=ORIENTED_EDGE('',*,*,#11210,.F.);
#11213=ORIENTED_EDGE('',*,*,#11212,.F.);
#11215=ORIENTED_EDGE('',*,*,#11214,.F.);
#11217=ORIENTED_EDGE('',*,*,#11216,.F.);
#11219=ORIENTED_EDGE('',*,*,#11218,.F.);
#11221=ORIENTED_EDGE('',*,*,#11220,.F.);
#11223=ORIENTED_EDGE('',*,*,#11222,.F.);
#11225=ORIENTED_EDGE('',*,*,#11224,.F.);
#11227=ORIENTED_EDGE('',*,*,#11226,.F.);
#11229=ORIENTED_EDGE('',*,*,#11228,.F.);
#11231=ORIENTED_EDGE('',*,*,#11230,.F.);
#11233=ORIENTED_EDGE('',*,*,#11232,.F.);
#11235=ORIENTED_EDGE('',*,*,#11234,.T.);
#11237=ORIENTED_EDGE('',*,*,#11236,.T.);
#11238=ORIENTED_EDGE('',*,*,#11188,.F.);
#11239=ORIENTED_EDGE('',*,*,#11125,.F.);
#11241=ORIENTED_EDGE('',*,*,#11240,.T.);
#11243=ORIENTED_EDGE('',*,*,#11242,.T.);
#11245=ORIENTED_EDGE('',*,*,#11244,.F.);
#11247=ORIENTED_EDGE('',*,*,#11246,.F.);
#11249=ORIENTED_EDGE('',*,*,#11248,.T.);
#11251=ORIENTED_EDGE('',*,*,#11250,.T.);
#11253=ORIENTED_EDGE('',*,*,#11252,.F.);
#11255=ORIENTED_EDGE('',*,*,#11254,.F.);
#11257=ORIENTED_EDGE('',*,*,#11256,.F.);
#11259=ORIENTED_EDGE('',*,*,#11258,.T.);
#11261=ORIENTED_EDGE('',*,*,#11260,.T.);
#11263=ORIENTED_EDGE('',*,*,#11262,.F.);
#11265=ORIENTED_EDGE('',*,*,#11264,.T.);
#11267=ORIENTED_EDGE('',*,*,#11266,.F.);
#11269=ORIENTED_EDGE('',*,*,#11268,.F.);
#11271=ORIENTED_EDGE('',*,*,#11270,.F.);
#11273=ORIENTED_EDGE('',*,*,#11272,.F.);
#11275=ORIENTED_EDGE('',*,*,#11274,.F.);
#11277=ORIENTED_EDGE('',*,*,#11276,.F.);
#11279=ORIENTED_EDGE('',*,*,#11278,.F.);
#11281=ORIENTED_EDGE('',*,*,#11280,.F.);
#11283=ORIENTED_EDGE('',*,*,#11282,.F.);
#11285=ORIENTED_EDGE('',*,*,#11284,.F.);
#11287=ORIENTED_EDGE('',*,*,#11286,.F.);
#11289=ORIENTED_EDGE('',*,*,#11288,.F.);
#11291=ORIENTED_EDGE('',*,*,#11290,.F.);
#11293=ORIENTED_EDGE('',*,*,#11292,.F.);
#11295=ORIENTED_EDGE('',*,*,#11294,.F.);
#11296=EDGE_LOOP('',(#11203,#11205,#11207,#11209,#11211,#11213,#11215,#11217,
#11219,#11221,#11223,#11225,#11227,#11229,#11231,#11233,#11235,#11237,#11238,
#11239,#11241,#11243,#11245,#11247,#11249,#11251,#11253,#11255,#11257,#11259,
#11261,#11263,#11265,#11267,#11269,#11271,#11273,#11275,#11277,#11279,#11281,
#11283,#11285,#11287,#11289,#11291,#11293,#11295));
#11297=FACE_OUTER_BOUND('',#11296,.F.);
#11298=ADVANCED_FACE('',(#11297),#11201,.T.);
#11299=CARTESIAN_POINT('',(-2.5E-1,1.5E-2,-2.445E0));
#11300=DIRECTION('',(0.E0,-7.071067811865E-1,-7.071067811865E-1));
#11301=DIRECTION('',(-1.E0,0.E0,0.E0));
#11302=AXIS2_PLACEMENT_3D('',#11299,#11300,#11301);
#11303=PLANE('',#11302);
#11305=ORIENTED_EDGE('',*,*,#11304,.T.);
#11307=ORIENTED_EDGE('',*,*,#11306,.F.);
#11309=ORIENTED_EDGE('',*,*,#11308,.T.);
#11310=ORIENTED_EDGE('',*,*,#11202,.T.);
#11311=EDGE_LOOP('',(#11305,#11307,#11309,#11310));
#11312=FACE_OUTER_BOUND('',#11311,.F.);
#11313=ADVANCED_FACE('',(#11312),#11303,.T.);
#11314=CARTESIAN_POINT('',(-1.35E-1,1.5E-2,-1.425E0));
#11315=DIRECTION('',(7.071067811865E-1,-7.071067811865E-1,0.E0));
#11316=DIRECTION('',(0.E0,0.E0,-1.E0));
#11317=AXIS2_PLACEMENT_3D('',#11314,#11315,#11316);
#11318=PLANE('',#11317);
#11319=ORIENTED_EDGE('',*,*,#11304,.F.);
#11320=ORIENTED_EDGE('',*,*,#11294,.T.);
#11322=ORIENTED_EDGE('',*,*,#11321,.T.);
#11324=ORIENTED_EDGE('',*,*,#11323,.F.);
#11325=EDGE_LOOP('',(#11319,#11320,#11322,#11324));
#11326=FACE_OUTER_BOUND('',#11325,.F.);
#11327=ADVANCED_FACE('',(#11326),#11318,.T.);
#11328=CARTESIAN_POINT('',(1.2E-1,3.E-2,-3.6E-1));
#11329=DIRECTION('',(-1.E0,0.E0,0.E0));
#11330=DIRECTION('',(0.E0,0.E0,1.E0));
#11331=AXIS2_PLACEMENT_3D('',#11328,#11329,#11330);
#11332=CYLINDRICAL_SURFACE('',#11331,3.E-2);
#11333=ORIENTED_EDGE('',*,*,#11292,.T.);
#11335=ORIENTED_EDGE('',*,*,#11334,.F.);
#11337=ORIENTED_EDGE('',*,*,#11336,.T.);
#11338=ORIENTED_EDGE('',*,*,#11321,.F.);
#11339=EDGE_LOOP('',(#11333,#11335,#11337,#11338));
#11340=FACE_OUTER_BOUND('',#11339,.F.);
#11341=ADVANCED_FACE('',(#11340),#11332,.T.);
#11342=CARTESIAN_POINT('',(1.35E-1,1.5E-2,-1.425E0));
#11343=DIRECTION('',(-7.071067811865E-1,-7.071067811865E-1,0.E0));
#11344=DIRECTION('',(0.E0,0.E0,-1.E0));
#11345=AXIS2_PLACEMENT_3D('',#11342,#11343,#11344);
#11346=PLANE('',#11345);
#11347=ORIENTED_EDGE('',*,*,#11290,.T.);
#11349=ORIENTED_EDGE('',*,*,#11348,.F.);
#11351=ORIENTED_EDGE('',*,*,#11350,.F.);
#11352=ORIENTED_EDGE('',*,*,#11334,.T.);
#11353=EDGE_LOOP('',(#11347,#11349,#11351,#11352));
#11354=FACE_OUTER_BOUND('',#11353,.F.);
#11355=ADVANCED_FACE('',(#11354),#11346,.T.);
#11356=CARTESIAN_POINT('',(2.5E-1,1.5E-2,-2.445E0));
#11357=DIRECTION('',(0.E0,-7.071067811865E-1,-7.071067811865E-1));
#11358=DIRECTION('',(-1.E0,0.E0,0.E0));
#11359=AXIS2_PLACEMENT_3D('',#11356,#11357,#11358);
#11360=PLANE('',#11359);
#11362=ORIENTED_EDGE('',*,*,#11361,.F.);
#11363=ORIENTED_EDGE('',*,*,#11348,.T.);
#11364=ORIENTED_EDGE('',*,*,#11288,.T.);
#11366=ORIENTED_EDGE('',*,*,#11365,.F.);
#11367=EDGE_LOOP('',(#11362,#11363,#11364,#11366));
#11368=FACE_OUTER_BOUND('',#11367,.F.);
#11369=ADVANCED_FACE('',(#11368),#11360,.T.);
#11370=CARTESIAN_POINT('',(5.E-1,2.9E-1,-2.46E0));
#11371=DIRECTION('',(0.E0,0.E0,1.E0));
#11372=DIRECTION('',(-1.E0,0.E0,0.E0));
#11373=AXIS2_PLACEMENT_3D('',#11370,#11371,#11372);
#11374=PLANE('',#11373);
#11375=ORIENTED_EDGE('',*,*,#11361,.T.);
#11377=ORIENTED_EDGE('',*,*,#11376,.T.);
#11379=ORIENTED_EDGE('',*,*,#11378,.T.);
#11381=ORIENTED_EDGE('',*,*,#11380,.F.);
#11382=EDGE_LOOP('',(#11375,#11377,#11379,#11381));
#11383=FACE_OUTER_BOUND('',#11382,.F.);
#11384=ADVANCED_FACE('',(#11383),#11374,.F.);
#11385=CARTESIAN_POINT('',(5.E-1,2.9E-1,-2.46E0));
#11386=DIRECTION('',(0.E0,0.E0,1.E0));
#11387=DIRECTION('',(-1.E0,0.E0,0.E0));
#11388=AXIS2_PLACEMENT_3D('',#11385,#11386,#11387);
#11389=PLANE('',#11388);
#11390=ORIENTED_EDGE('',*,*,#11306,.T.);
#11392=ORIENTED_EDGE('',*,*,#11391,.T.);
#11394=ORIENTED_EDGE('',*,*,#11393,.T.);
#11396=ORIENTED_EDGE('',*,*,#11395,.F.);
#11397=EDGE_LOOP('',(#11390,#11392,#11394,#11396));
#11398=FACE_OUTER_BOUND('',#11397,.F.);
#11399=ADVANCED_FACE('',(#11398),#11389,.F.);
#11400=CARTESIAN_POINT('',(3.8E-1,0.E0,0.E0));
#11401=DIRECTION('',(-1.E0,0.E0,0.E0));
#11402=DIRECTION('',(0.E0,0.E0,1.E0));
#11403=AXIS2_PLACEMENT_3D('',#11400,#11401,#11402);
#11404=PLANE('',#11403);
#11406=ORIENTED_EDGE('',*,*,#11405,.T.);
#11408=ORIENTED_EDGE('',*,*,#11407,.T.);
#11410=ORIENTED_EDGE('',*,*,#11409,.T.);
#11412=ORIENTED_EDGE('',*,*,#11411,.T.);
#11414=ORIENTED_EDGE('',*,*,#11413,.T.);
#11416=ORIENTED_EDGE('',*,*,#11415,.F.);
#11418=ORIENTED_EDGE('',*,*,#11417,.F.);
#11420=ORIENTED_EDGE('',*,*,#11419,.T.);
#11422=ORIENTED_EDGE('',*,*,#11421,.T.);
#11423=ORIENTED_EDGE('',*,*,#11376,.F.);
#11424=EDGE_LOOP('',(#11406,#11408,#11410,#11412,#11414,#11416,#11418,#11420,
#11422,#11423));
#11425=FACE_OUTER_BOUND('',#11424,.F.);
#11426=ADVANCED_FACE('',(#11425),#11404,.F.);
#11427=CARTESIAN_POINT('',(3.65E-1,1.5E-2,-1.425E0));
#11428=DIRECTION('',(7.071067811865E-1,-7.071067811865E-1,0.E0));
#11429=DIRECTION('',(0.E0,0.E0,-1.E0));
#11430=AXIS2_PLACEMENT_3D('',#11427,#11428,#11429);
#11431=PLANE('',#11430);
#11432=ORIENTED_EDGE('',*,*,#11405,.F.);
#11433=ORIENTED_EDGE('',*,*,#11365,.T.);
#11434=ORIENTED_EDGE('',*,*,#11286,.T.);
#11436=ORIENTED_EDGE('',*,*,#11435,.T.);
#11437=EDGE_LOOP('',(#11432,#11433,#11434,#11436));
#11438=FACE_OUTER_BOUND('',#11437,.F.);
#11439=ADVANCED_FACE('',(#11438),#11431,.T.);
#11440=CARTESIAN_POINT('',(6.2E-1,3.E-2,-3.6E-1));
#11441=DIRECTION('',(-1.E0,0.E0,0.E0));
#11442=DIRECTION('',(0.E0,0.E0,1.E0));
#11443=AXIS2_PLACEMENT_3D('',#11440,#11441,#11442);
#11444=CYLINDRICAL_SURFACE('',#11443,3.E-2);
#11445=ORIENTED_EDGE('',*,*,#11284,.T.);
#11447=ORIENTED_EDGE('',*,*,#11446,.F.);
#11449=ORIENTED_EDGE('',*,*,#11448,.T.);
#11450=ORIENTED_EDGE('',*,*,#11435,.F.);
#11451=EDGE_LOOP('',(#11445,#11447,#11449,#11450));
#11452=FACE_OUTER_BOUND('',#11451,.F.);
#11453=ADVANCED_FACE('',(#11452),#11444,.T.);
#11454=CARTESIAN_POINT('',(6.35E-1,1.5E-2,-1.46E0));
#11455=DIRECTION('',(-7.071067811865E-1,-7.071067811865E-1,0.E0));
#11456=DIRECTION('',(0.E0,0.E0,-1.E0));
#11457=AXIS2_PLACEMENT_3D('',#11454,#11455,#11456);
#11458=PLANE('',#11457);
#11460=ORIENTED_EDGE('',*,*,#11459,.F.);
#11461=ORIENTED_EDGE('',*,*,#11446,.T.);
#11462=ORIENTED_EDGE('',*,*,#11282,.T.);
#11464=ORIENTED_EDGE('',*,*,#11463,.T.);
#11465=EDGE_LOOP('',(#11460,#11461,#11462,#11464));
#11466=FACE_OUTER_BOUND('',#11465,.F.);
#11467=ADVANCED_FACE('',(#11466),#11458,.T.);
#11468=CARTESIAN_POINT('',(6.2E-1,0.E0,0.E0));
#11469=DIRECTION('',(-1.E0,0.E0,0.E0));
#11470=DIRECTION('',(0.E0,0.E0,1.E0));
#11471=AXIS2_PLACEMENT_3D('',#11468,#11469,#11470);
#11472=PLANE('',#11471);
#11474=ORIENTED_EDGE('',*,*,#11473,.T.);
#11476=ORIENTED_EDGE('',*,*,#11475,.F.);
#11478=ORIENTED_EDGE('',*,*,#11477,.T.);
#11480=ORIENTED_EDGE('',*,*,#11479,.T.);
#11482=ORIENTED_EDGE('',*,*,#11481,.F.);
#11484=ORIENTED_EDGE('',*,*,#11483,.T.);
#11486=ORIENTED_EDGE('',*,*,#11485,.F.);
#11488=ORIENTED_EDGE('',*,*,#11487,.T.);
#11490=ORIENTED_EDGE('',*,*,#11489,.T.);
#11492=ORIENTED_EDGE('',*,*,#11491,.F.);
#11494=ORIENTED_EDGE('',*,*,#11493,.F.);
#11496=ORIENTED_EDGE('',*,*,#11495,.F.);
#11498=ORIENTED_EDGE('',*,*,#11497,.F.);
#11499=ORIENTED_EDGE('',*,*,#11459,.T.);
#11501=ORIENTED_EDGE('',*,*,#11500,.T.);
#11502=EDGE_LOOP('',(#11474,#11476,#11478,#11480,#11482,#11484,#11486,#11488,
#11490,#11492,#11494,#11496,#11498,#11499,#11501));
#11503=FACE_OUTER_BOUND('',#11502,.F.);
#11504=ADVANCED_FACE('',(#11503),#11472,.T.);
#11505=CARTESIAN_POINT('',(-8.8E-1,2.1E-1,0.E0));
#11506=DIRECTION('',(0.E0,-1.E0,0.E0));
#11507=DIRECTION('',(-1.E0,0.E0,0.E0));
#11508=AXIS2_PLACEMENT_3D('',#11505,#11506,#11507);
#11509=PLANE('',#11508);
#11511=ORIENTED_EDGE('',*,*,#11510,.F.);
#11513=ORIENTED_EDGE('',*,*,#11512,.F.);
#11515=ORIENTED_EDGE('',*,*,#11514,.F.);
#11517=ORIENTED_EDGE('',*,*,#11516,.F.);
#11518=EDGE_LOOP('',(#11511,#11513,#11515,#11517));
#11519=FACE_OUTER_BOUND('',#11518,.F.);
#11520=ADVANCED_FACE('',(#11519),#11509,.T.);
#11521=CARTESIAN_POINT('',(-8.8E-1,2.1E-1,0.E0));
#11522=DIRECTION('',(0.E0,-1.E0,0.E0));
#11523=DIRECTION('',(-1.E0,0.E0,0.E0));
#11524=AXIS2_PLACEMENT_3D('',#11521,#11522,#11523);
#11525=PLANE('',#11524);
#11527=ORIENTED_EDGE('',*,*,#11526,.F.);
#11528=ORIENTED_EDGE('',*,*,#11473,.F.);
#11530=ORIENTED_EDGE('',*,*,#11529,.F.);
#11532=ORIENTED_EDGE('',*,*,#11531,.F.);
#11533=EDGE_LOOP('',(#11527,#11528,#11530,#11532));
#11534=FACE_OUTER_BOUND('',#11533,.F.);
#11535=ADVANCED_FACE('',(#11534),#11525,.T.);
#11536=CARTESIAN_POINT('',(-8.868211544069E-1,2.4E-1,-2.63E0));
#11537=DIRECTION('',(1.E0,0.E0,0.E0));
#11538=DIRECTION('',(0.E0,-1.E0,0.E0));
#11539=AXIS2_PLACEMENT_3D('',#11536,#11537,#11538);
#11540=CYLINDRICAL_SURFACE('',#11539,3.E-2);
#11542=ORIENTED_EDGE('',*,*,#11541,.T.);
#11544=ORIENTED_EDGE('',*,*,#11543,.F.);
#11546=ORIENTED_EDGE('',*,*,#11545,.T.);
#11547=ORIENTED_EDGE('',*,*,#11510,.T.);
#11548=EDGE_LOOP('',(#11542,#11544,#11546,#11547));
#11549=FACE_OUTER_BOUND('',#11548,.F.);
#11550=ADVANCED_FACE('',(#11549),#11540,.T.);
#11551=CARTESIAN_POINT('',(-6.2E-1,0.E0,0.E0));
#11552=DIRECTION('',(-1.E0,0.E0,0.E0));
#11553=DIRECTION('',(0.E0,0.E0,1.E0));
#11554=AXIS2_PLACEMENT_3D('',#11551,#11552,#11553);
#11555=PLANE('',#11554);
#11556=ORIENTED_EDGE('',*,*,#11541,.F.);
#11557=ORIENTED_EDGE('',*,*,#11516,.T.);
#11559=ORIENTED_EDGE('',*,*,#11558,.F.);
#11561=ORIENTED_EDGE('',*,*,#11560,.T.);
#11563=ORIENTED_EDGE('',*,*,#11562,.T.);
#11565=ORIENTED_EDGE('',*,*,#11564,.T.);
#11567=ORIENTED_EDGE('',*,*,#11566,.T.);
#11569=ORIENTED_EDGE('',*,*,#11568,.T.);
#11571=ORIENTED_EDGE('',*,*,#11570,.F.);
#11573=ORIENTED_EDGE('',*,*,#11572,.F.);
#11575=ORIENTED_EDGE('',*,*,#11574,.T.);
#11577=ORIENTED_EDGE('',*,*,#11576,.T.);
#11579=ORIENTED_EDGE('',*,*,#11578,.T.);
#11581=ORIENTED_EDGE('',*,*,#11580,.F.);
#11583=ORIENTED_EDGE('',*,*,#11582,.T.);
#11584=EDGE_LOOP('',(#11556,#11557,#11559,#11561,#11563,#11565,#11567,#11569,
#11571,#11573,#11575,#11577,#11579,#11581,#11583));
#11585=FACE_OUTER_BOUND('',#11584,.F.);
#11586=ADVANCED_FACE('',(#11585),#11555,.F.);
#11587=CARTESIAN_POINT('',(-5.E-1,2.9E-1,-2.53E0));
#11588=DIRECTION('',(0.E0,0.E0,1.E0));
#11589=DIRECTION('',(-1.E0,0.E0,0.E0));
#11590=AXIS2_PLACEMENT_3D('',#11587,#11588,#11589);
#11591=PLANE('',#11590);
#11593=ORIENTED_EDGE('',*,*,#11592,.T.);
#11594=ORIENTED_EDGE('',*,*,#11558,.T.);
#11595=ORIENTED_EDGE('',*,*,#11514,.T.);
#11597=ORIENTED_EDGE('',*,*,#11596,.F.);
#11598=EDGE_LOOP('',(#11593,#11594,#11595,#11597));
#11599=FACE_OUTER_BOUND('',#11598,.F.);
#11600=ADVANCED_FACE('',(#11599),#11591,.F.);
#11601=CARTESIAN_POINT('',(-7.5E-1,1.5E-2,-2.515E0));
#11602=DIRECTION('',(0.E0,-7.071067811865E-1,-7.071067811865E-1));
#11603=DIRECTION('',(-1.E0,0.E0,0.E0));
#11604=AXIS2_PLACEMENT_3D('',#11601,#11602,#11603);
#11605=PLANE('',#11604);
#11606=ORIENTED_EDGE('',*,*,#11592,.F.);
#11608=ORIENTED_EDGE('',*,*,#11607,.T.);
#11609=ORIENTED_EDGE('',*,*,#11210,.T.);
#11611=ORIENTED_EDGE('',*,*,#11610,.F.);
#11612=EDGE_LOOP('',(#11606,#11608,#11609,#11611));
#11613=FACE_OUTER_BOUND('',#11612,.F.);
#11614=ADVANCED_FACE('',(#11613),#11605,.T.);
#11615=CARTESIAN_POINT('',(-8.65E-1,1.5E-2,-1.46E0));
#11616=DIRECTION('',(-7.071067811865E-1,-7.071067811865E-1,0.E0));
#11617=DIRECTION('',(0.E0,0.E0,-1.E0));
#11618=AXIS2_PLACEMENT_3D('',#11615,#11616,#11617);
#11619=PLANE('',#11618);
#11620=ORIENTED_EDGE('',*,*,#11212,.T.);
#11621=ORIENTED_EDGE('',*,*,#11607,.F.);
#11623=ORIENTED_EDGE('',*,*,#11622,.F.);
#11625=ORIENTED_EDGE('',*,*,#11624,.T.);
#11626=EDGE_LOOP('',(#11620,#11621,#11623,#11625));
#11627=FACE_OUTER_BOUND('',#11626,.F.);
#11628=ADVANCED_FACE('',(#11627),#11619,.T.);
#11629=CARTESIAN_POINT('',(-8.8E-1,0.E0,0.E0));
#11630=DIRECTION('',(-1.E0,0.E0,0.E0));
#11631=DIRECTION('',(0.E0,0.E0,1.E0));
#11632=AXIS2_PLACEMENT_3D('',#11629,#11630,#11631);
#11633=PLANE('',#11632);
#11634=ORIENTED_EDGE('',*,*,#11545,.F.);
#11636=ORIENTED_EDGE('',*,*,#11635,.F.);
#11638=ORIENTED_EDGE('',*,*,#11637,.T.);
#11640=ORIENTED_EDGE('',*,*,#11639,.F.);
#11642=ORIENTED_EDGE('',*,*,#11641,.T.);
#11644=ORIENTED_EDGE('',*,*,#11643,.T.);
#11646=ORIENTED_EDGE('',*,*,#11645,.T.);
#11648=ORIENTED_EDGE('',*,*,#11647,.T.);
#11650=ORIENTED_EDGE('',*,*,#11649,.T.);
#11652=ORIENTED_EDGE('',*,*,#11651,.T.);
#11653=ORIENTED_EDGE('',*,*,#11622,.T.);
#11654=ORIENTED_EDGE('',*,*,#11596,.T.);
#11655=ORIENTED_EDGE('',*,*,#11512,.T.);
#11656=EDGE_LOOP('',(#11634,#11636,#11638,#11640,#11642,#11644,#11646,#11648,
#11650,#11652,#11653,#11654,#11655));
#11657=FACE_OUTER_BOUND('',#11656,.F.);
#11658=ADVANCED_FACE('',(#11657),#11633,.T.);
#11659=CARTESIAN_POINT('',(-1.86E0,0.E0,-2.66E0));
#11660=DIRECTION('',(0.E0,0.E0,-1.E0));
#11661=DIRECTION('',(0.E0,1.E0,0.E0));
#11662=AXIS2_PLACEMENT_3D('',#11659,#11660,#11661);
#11663=PLANE('',#11662);
#11664=ORIENTED_EDGE('',*,*,#11543,.T.);
#11665=ORIENTED_EDGE('',*,*,#11582,.F.);
#11667=ORIENTED_EDGE('',*,*,#11666,.F.);
#11669=ORIENTED_EDGE('',*,*,#11668,.F.);
#11671=ORIENTED_EDGE('',*,*,#11670,.F.);
#11672=ORIENTED_EDGE('',*,*,#11635,.T.);
#11673=EDGE_LOOP('',(#11664,#11665,#11667,#11669,#11671,#11672));
#11674=FACE_OUTER_BOUND('',#11673,.F.);
#11675=ADVANCED_FACE('',(#11674),#11663,.T.);
#11676=CARTESIAN_POINT('',(-1.86E0,0.E0,-2.66E0));
#11677=DIRECTION('',(0.E0,0.E0,-1.E0));
#11678=DIRECTION('',(0.E0,1.E0,0.E0));
#11679=AXIS2_PLACEMENT_3D('',#11676,#11677,#11678);
#11680=PLANE('',#11679);
#11682=ORIENTED_EDGE('',*,*,#11681,.T.);
#11684=ORIENTED_EDGE('',*,*,#11683,.F.);
#11686=ORIENTED_EDGE('',*,*,#11685,.F.);
#11688=ORIENTED_EDGE('',*,*,#11687,.F.);
#11690=ORIENTED_EDGE('',*,*,#11689,.F.);
#11691=ORIENTED_EDGE('',*,*,#11477,.F.);
#11692=EDGE_LOOP('',(#11682,#11684,#11686,#11688,#11690,#11691));
#11693=FACE_OUTER_BOUND('',#11692,.F.);
#11694=ADVANCED_FACE('',(#11693),#11680,.T.);
#11695=CARTESIAN_POINT('',(-1.86E0,4.1E-1,-2.66E0));
#11696=DIRECTION('',(0.E0,1.E0,0.E0));
#11697=DIRECTION('',(0.E0,0.E0,1.E0));
#11698=AXIS2_PLACEMENT_3D('',#11695,#11696,#11697);
#11699=PLANE('',#11698);
#11701=ORIENTED_EDGE('',*,*,#11700,.F.);
#11703=ORIENTED_EDGE('',*,*,#11702,.F.);
#11705=ORIENTED_EDGE('',*,*,#11704,.T.);
#11707=ORIENTED_EDGE('',*,*,#11706,.F.);
#11709=ORIENTED_EDGE('',*,*,#11708,.F.);
#11711=ORIENTED_EDGE('',*,*,#11710,.T.);
#11713=ORIENTED_EDGE('',*,*,#11712,.T.);
#11715=ORIENTED_EDGE('',*,*,#11714,.F.);
#11716=ORIENTED_EDGE('',*,*,#11487,.F.);
#11718=ORIENTED_EDGE('',*,*,#11717,.T.);
#11719=ORIENTED_EDGE('',*,*,#11417,.T.);
#11721=ORIENTED_EDGE('',*,*,#11720,.F.);
#11723=ORIENTED_EDGE('',*,*,#11722,.F.);
#11725=ORIENTED_EDGE('',*,*,#11724,.T.);
#11727=ORIENTED_EDGE('',*,*,#11726,.T.);
#11729=ORIENTED_EDGE('',*,*,#11728,.F.);
#11731=ORIENTED_EDGE('',*,*,#11730,.F.);
#11733=ORIENTED_EDGE('',*,*,#11732,.T.);
#11734=ORIENTED_EDGE('',*,*,#11572,.T.);
#11736=ORIENTED_EDGE('',*,*,#11735,.F.);
#11737=ORIENTED_EDGE('',*,*,#11641,.F.);
#11739=ORIENTED_EDGE('',*,*,#11738,.T.);
#11741=ORIENTED_EDGE('',*,*,#11740,.T.);
#11743=ORIENTED_EDGE('',*,*,#11742,.F.);
#11745=ORIENTED_EDGE('',*,*,#11744,.F.);
#11747=ORIENTED_EDGE('',*,*,#11746,.F.);
#11749=ORIENTED_EDGE('',*,*,#11748,.T.);
#11750=ORIENTED_EDGE('',*,*,#11176,.T.);
#11752=ORIENTED_EDGE('',*,*,#11751,.F.);
#11754=ORIENTED_EDGE('',*,*,#11753,.T.);
#11756=ORIENTED_EDGE('',*,*,#11755,.T.);
#11758=ORIENTED_EDGE('',*,*,#11757,.T.);
#11760=ORIENTED_EDGE('',*,*,#11759,.T.);
#11762=ORIENTED_EDGE('',*,*,#11761,.F.);
#11764=ORIENTED_EDGE('',*,*,#11763,.F.);
#11765=ORIENTED_EDGE('',*,*,#11666,.T.);
#11766=ORIENTED_EDGE('',*,*,#11580,.T.);
#11768=ORIENTED_EDGE('',*,*,#11767,.F.);
#11770=ORIENTED_EDGE('',*,*,#11769,.F.);
#11772=ORIENTED_EDGE('',*,*,#11771,.F.);
#11773=ORIENTED_EDGE('',*,*,#11479,.F.);
#11774=ORIENTED_EDGE('',*,*,#11689,.T.);
#11776=ORIENTED_EDGE('',*,*,#11775,.F.);
#11778=ORIENTED_EDGE('',*,*,#11777,.T.);
#11780=ORIENTED_EDGE('',*,*,#11779,.T.);
#11782=ORIENTED_EDGE('',*,*,#11781,.T.);
#11784=ORIENTED_EDGE('',*,*,#11783,.T.);
#11786=ORIENTED_EDGE('',*,*,#11785,.T.);
#11788=ORIENTED_EDGE('',*,*,#11787,.T.);
#11790=ORIENTED_EDGE('',*,*,#11789,.F.);
#11791=EDGE_LOOP('',(#11701,#11703,#11705,#11707,#11709,#11711,#11713,#11715,
#11716,#11718,#11719,#11721,#11723,#11725,#11727,#11729,#11731,#11733,#11734,
#11736,#11737,#11739,#11741,#11743,#11745,#11747,#11749,#11750,#11752,#11754,
#11756,#11758,#11760,#11762,#11764,#11765,#11766,#11768,#11770,#11772,#11773,
#11774,#11776,#11778,#11780,#11782,#11784,#11786,#11788,#11790));
#11792=FACE_OUTER_BOUND('',#11791,.F.);
#11793=ADVANCED_FACE('',(#11792),#11699,.T.);
#11794=CARTESIAN_POINT('',(1.71E0,4.1E-1,-5.6E-1));
#11795=DIRECTION('',(-1.E0,0.E0,0.E0));
#11796=DIRECTION('',(0.E0,0.E0,1.E0));
#11797=AXIS2_PLACEMENT_3D('',#11794,#11795,#11796);
#11798=PLANE('',#11797);
#11799=ORIENTED_EDGE('',*,*,#11700,.T.);
#11801=ORIENTED_EDGE('',*,*,#11800,.T.);
#11802=ORIENTED_EDGE('',*,*,#11158,.T.);
#11804=ORIENTED_EDGE('',*,*,#11803,.F.);
#11805=EDGE_LOOP('',(#11799,#11801,#11802,#11804));
#11806=FACE_OUTER_BOUND('',#11805,.F.);
#11807=ADVANCED_FACE('',(#11806),#11798,.F.);
#11808=CARTESIAN_POINT('',(1.5E0,4.1E-1,-5.6E-1));
#11809=DIRECTION('',(0.E0,0.E0,1.E0));
#11810=DIRECTION('',(1.E0,0.E0,0.E0));
#11811=AXIS2_PLACEMENT_3D('',#11808,#11809,#11810);
#11812=PLANE('',#11811);
#11813=ORIENTED_EDGE('',*,*,#11160,.F.);
#11814=ORIENTED_EDGE('',*,*,#11800,.F.);
#11815=ORIENTED_EDGE('',*,*,#11789,.T.);
#11817=ORIENTED_EDGE('',*,*,#11816,.T.);
#11819=ORIENTED_EDGE('',*,*,#11818,.T.);
#11821=ORIENTED_EDGE('',*,*,#11820,.T.);
#11822=EDGE_LOOP('',(#11813,#11814,#11815,#11817,#11819,#11821));
#11823=FACE_OUTER_BOUND('',#11822,.F.);
#11824=ADVANCED_FACE('',(#11823),#11812,.F.);
#11825=CARTESIAN_POINT('',(1.5E0,4.1E-1,-2.66E0));
#11826=DIRECTION('',(-1.E0,0.E0,0.E0));
#11827=DIRECTION('',(0.E0,0.E0,1.E0));
#11828=AXIS2_PLACEMENT_3D('',#11825,#11826,#11827);
#11829=PLANE('',#11828);
#11830=ORIENTED_EDGE('',*,*,#11262,.T.);
#11832=ORIENTED_EDGE('',*,*,#11831,.F.);
#11834=ORIENTED_EDGE('',*,*,#11833,.F.);
#11836=ORIENTED_EDGE('',*,*,#11835,.F.);
#11837=ORIENTED_EDGE('',*,*,#11254,.T.);
#11839=ORIENTED_EDGE('',*,*,#11838,.F.);
#11840=ORIENTED_EDGE('',*,*,#11816,.F.);
#11841=ORIENTED_EDGE('',*,*,#11787,.F.);
#11843=ORIENTED_EDGE('',*,*,#11842,.F.);
#11845=ORIENTED_EDGE('',*,*,#11844,.T.);
#11847=ORIENTED_EDGE('',*,*,#11846,.F.);
#11848=EDGE_LOOP('',(#11830,#11832,#11834,#11836,#11837,#11839,#11840,#11841,
#11843,#11845,#11847));
#11849=FACE_OUTER_BOUND('',#11848,.F.);
#11850=ADVANCED_FACE('',(#11849),#11829,.F.);
#11851=CARTESIAN_POINT('',(1.5E0,-2.E-1,-6.6E-1));
#11852=DIRECTION('',(0.E0,-3.713906763541E-1,-9.284766908853E-1));
#11853=DIRECTION('',(0.E0,9.284766908853E-1,-3.713906763541E-1));
#11854=AXIS2_PLACEMENT_3D('',#11851,#11852,#11853);
#11855=PLANE('',#11854);
#11856=ORIENTED_EDGE('',*,*,#11260,.F.);
#11858=ORIENTED_EDGE('',*,*,#11857,.F.);
#11860=ORIENTED_EDGE('',*,*,#11859,.F.);
#11861=ORIENTED_EDGE('',*,*,#11831,.T.);
#11862=EDGE_LOOP('',(#11856,#11858,#11860,#11861));
#11863=FACE_OUTER_BOUND('',#11862,.F.);
#11864=ADVANCED_FACE('',(#11863),#11855,.T.);
#11865=CARTESIAN_POINT('',(1.25E0,4.1E-1,0.E0));
#11866=DIRECTION('',(1.E0,0.E0,0.E0));
#11867=DIRECTION('',(0.E0,0.E0,-1.E0));
#11868=AXIS2_PLACEMENT_3D('',#11865,#11866,#11867);
#11869=PLANE('',#11868);
#11870=ORIENTED_EDGE('',*,*,#11258,.F.);
#11872=ORIENTED_EDGE('',*,*,#11871,.T.);
#11874=ORIENTED_EDGE('',*,*,#11873,.T.);
#11875=ORIENTED_EDGE('',*,*,#11857,.T.);
#11876=EDGE_LOOP('',(#11870,#11872,#11874,#11875));
#11877=FACE_OUTER_BOUND('',#11876,.F.);
#11878=ADVANCED_FACE('',(#11877),#11869,.F.);
#11879=CARTESIAN_POINT('',(1.5E0,0.E0,-3.8E-1));
#11880=DIRECTION('',(0.E0,-7.071067811865E-1,7.071067811865E-1));
#11881=DIRECTION('',(0.E0,-7.071067811865E-1,-7.071067811865E-1));
#11882=AXIS2_PLACEMENT_3D('',#11879,#11880,#11881);
#11883=PLANE('',#11882);
#11884=ORIENTED_EDGE('',*,*,#11256,.T.);
#11885=ORIENTED_EDGE('',*,*,#11835,.T.);
#11887=ORIENTED_EDGE('',*,*,#11886,.T.);
#11888=ORIENTED_EDGE('',*,*,#11871,.F.);
#11889=EDGE_LOOP('',(#11884,#11885,#11887,#11888));
#11890=FACE_OUTER_BOUND('',#11889,.F.);
#11891=ADVANCED_FACE('',(#11890),#11883,.T.);
#11892=CARTESIAN_POINT('',(1.5E0,-2.E-1,-5.8E-1));
#11893=DIRECTION('',(0.E0,-1.E0,0.E0));
#11894=DIRECTION('',(0.E0,0.E0,-1.E0));
#11895=AXIS2_PLACEMENT_3D('',#11892,#11893,#11894);
#11896=PLANE('',#11895);
#11897=ORIENTED_EDGE('',*,*,#11833,.T.);
#11898=ORIENTED_EDGE('',*,*,#11859,.T.);
#11899=ORIENTED_EDGE('',*,*,#11873,.F.);
#11900=ORIENTED_EDGE('',*,*,#11886,.F.);
#11901=EDGE_LOOP('',(#11897,#11898,#11899,#11900));
#11902=FACE_OUTER_BOUND('',#11901,.F.);
#11903=ADVANCED_FACE('',(#11902),#11896,.T.);
#11904=CARTESIAN_POINT('',(1.68E0,5.E-2,-5.1E-1));
#11905=DIRECTION('',(0.E0,-7.071067811865E-1,-7.071067811865E-1));
#11906=DIRECTION('',(-1.E0,0.E0,0.E0));
#11907=AXIS2_PLACEMENT_3D('',#11904,#11905,#11906);
#11908=PLANE('',#11907);
#11909=ORIENTED_EDGE('',*,*,#11252,.T.);
#11911=ORIENTED_EDGE('',*,*,#11910,.T.);
#11912=ORIENTED_EDGE('',*,*,#11818,.F.);
#11913=ORIENTED_EDGE('',*,*,#11838,.T.);
#11914=EDGE_LOOP('',(#11909,#11911,#11912,#11913));
#11915=FACE_OUTER_BOUND('',#11914,.F.);
#11916=ADVANCED_FACE('',(#11915),#11908,.T.);
#11917=CARTESIAN_POINT('',(1.86E0,0.E0,0.E0));
#11918=DIRECTION('',(1.E0,0.E0,0.E0));
#11919=DIRECTION('',(0.E0,0.E0,-1.E0));
#11920=AXIS2_PLACEMENT_3D('',#11917,#11918,#11919);
#11921=PLANE('',#11920);
#11922=ORIENTED_EDGE('',*,*,#11154,.T.);
#11923=ORIENTED_EDGE('',*,*,#11820,.F.);
#11924=ORIENTED_EDGE('',*,*,#11910,.F.);
#11925=ORIENTED_EDGE('',*,*,#11250,.F.);
#11927=ORIENTED_EDGE('',*,*,#11926,.F.);
#11929=ORIENTED_EDGE('',*,*,#11928,.F.);
#11931=ORIENTED_EDGE('',*,*,#11930,.F.);
#11932=EDGE_LOOP('',(#11922,#11923,#11924,#11925,#11927,#11929,#11931));
#11933=FACE_OUTER_BOUND('',#11932,.F.);
#11934=ADVANCED_FACE('',(#11933),#11921,.T.);
#11935=CARTESIAN_POINT('',(-1.86E0,7.9E-2,-7.9E-2));
#11936=DIRECTION('',(1.E0,0.E0,0.E0));
#11937=DIRECTION('',(0.E0,0.E0,-1.E0));
#11938=AXIS2_PLACEMENT_3D('',#11935,#11936,#11937);
#11939=CYLINDRICAL_SURFACE('',#11938,7.9E-2);
#11941=ORIENTED_EDGE('',*,*,#11940,.F.);
#11943=ORIENTED_EDGE('',*,*,#11942,.T.);
#11944=ORIENTED_EDGE('',*,*,#11926,.T.);
#11945=ORIENTED_EDGE('',*,*,#11248,.F.);
#11946=EDGE_LOOP('',(#11941,#11943,#11944,#11945));
#11947=FACE_OUTER_BOUND('',#11946,.F.);
#11948=ADVANCED_FACE('',(#11947),#11939,.T.);
#11949=CARTESIAN_POINT('',(-1.86E0,7.9E-2,-7.9E-2));
#11950=DIRECTION('',(1.E0,0.E0,0.E0));
#11951=DIRECTION('',(0.E0,0.E0,-1.E0));
#11952=AXIS2_PLACEMENT_3D('',#11949,#11950,#11951);
#11953=CYLINDRICAL_SURFACE('',#11952,7.9E-2);
#11955=ORIENTED_EDGE('',*,*,#11954,.T.);
#11956=ORIENTED_EDGE('',*,*,#11240,.F.);
#11957=ORIENTED_EDGE('',*,*,#11123,.F.);
#11959=ORIENTED_EDGE('',*,*,#11958,.T.);
#11960=EDGE_LOOP('',(#11955,#11956,#11957,#11959));
#11961=FACE_OUTER_BOUND('',#11960,.F.);
#11962=ADVANCED_FACE('',(#11961),#11953,.T.);
#11963=CARTESIAN_POINT('',(1.25E0,0.E0,0.E0));
#11964=DIRECTION('',(1.E0,0.E0,0.E0));
#11965=DIRECTION('',(0.E0,0.E0,-1.E0));
#11966=AXIS2_PLACEMENT_3D('',#11963,#11964,#11965);
#11967=PLANE('',#11966);
#11968=ORIENTED_EDGE('',*,*,#11246,.T.);
#11970=ORIENTED_EDGE('',*,*,#11969,.T.);
#11972=ORIENTED_EDGE('',*,*,#11971,.T.);
#11973=ORIENTED_EDGE('',*,*,#11704,.F.);
#11975=ORIENTED_EDGE('',*,*,#11974,.T.);
#11977=ORIENTED_EDGE('',*,*,#11976,.T.);
#11978=ORIENTED_EDGE('',*,*,#11940,.T.);
#11979=EDGE_LOOP('',(#11968,#11970,#11972,#11973,#11975,#11977,#11978));
#11980=FACE_OUTER_BOUND('',#11979,.F.);
#11981=ADVANCED_FACE('',(#11980),#11967,.F.);
#11982=CARTESIAN_POINT('',(-8.8E-1,7.9E-2,-1.39E-1));
#11983=DIRECTION('',(-1.E0,0.E0,0.E0));
#11984=DIRECTION('',(0.E0,0.E0,1.E0));
#11985=AXIS2_PLACEMENT_3D('',#11982,#11983,#11984);
#11986=CYLINDRICAL_SURFACE('',#11985,7.9E-2);
#11987=ORIENTED_EDGE('',*,*,#11244,.T.);
#11989=ORIENTED_EDGE('',*,*,#11988,.T.);
#11991=ORIENTED_EDGE('',*,*,#11990,.T.);
#11992=ORIENTED_EDGE('',*,*,#11969,.F.);
#11993=EDGE_LOOP('',(#11987,#11989,#11991,#11992));
#11994=FACE_OUTER_BOUND('',#11993,.F.);
#11995=ADVANCED_FACE('',(#11994),#11986,.T.);
#11996=CARTESIAN_POINT('',(-1.25E0,0.E0,0.E0));
#11997=DIRECTION('',(1.E0,0.E0,0.E0));
#11998=DIRECTION('',(0.E0,0.E0,-1.E0));
#11999=AXIS2_PLACEMENT_3D('',#11996,#11997,#11998);
#12000=PLANE('',#11999);
#12001=ORIENTED_EDGE('',*,*,#11242,.F.);
#12002=ORIENTED_EDGE('',*,*,#11954,.F.);
#12004=ORIENTED_EDGE('',*,*,#12003,.F.);
#12006=ORIENTED_EDGE('',*,*,#12005,.F.);
#12007=ORIENTED_EDGE('',*,*,#11744,.T.);
#12009=ORIENTED_EDGE('',*,*,#12008,.F.);
#12010=ORIENTED_EDGE('',*,*,#11988,.F.);
#12011=EDGE_LOOP('',(#12001,#12002,#12004,#12006,#12007,#12009,#12010));
#12012=FACE_OUTER_BOUND('',#12011,.F.);
#12013=ADVANCED_FACE('',(#12012),#12000,.T.);
#12014=CARTESIAN_POINT('',(-1.86E0,8.E-2,0.E0));
#12015=DIRECTION('',(0.E0,0.E0,1.E0));
#12016=DIRECTION('',(0.E0,-1.E0,0.E0));
#12017=AXIS2_PLACEMENT_3D('',#12014,#12015,#12016);
#12018=PLANE('',#12017);
#12019=ORIENTED_EDGE('',*,*,#11976,.F.);
#12021=ORIENTED_EDGE('',*,*,#12020,.T.);
#12022=ORIENTED_EDGE('',*,*,#11928,.T.);
#12023=ORIENTED_EDGE('',*,*,#11942,.F.);
#12024=EDGE_LOOP('',(#12019,#12021,#12022,#12023));
#12025=FACE_OUTER_BOUND('',#12024,.F.);
#12026=ADVANCED_FACE('',(#12025),#12018,.T.);
#12027=CARTESIAN_POINT('',(-1.86E0,8.E-2,0.E0));
#12028=DIRECTION('',(0.E0,0.E0,1.E0));
#12029=DIRECTION('',(0.E0,-1.E0,0.E0));
#12030=AXIS2_PLACEMENT_3D('',#12027,#12028,#12029);
#12031=PLANE('',#12030);
#12032=ORIENTED_EDGE('',*,*,#12003,.T.);
#12033=ORIENTED_EDGE('',*,*,#11958,.F.);
#12034=ORIENTED_EDGE('',*,*,#11121,.F.);
#12036=ORIENTED_EDGE('',*,*,#12035,.T.);
#12037=EDGE_LOOP('',(#12032,#12033,#12034,#12036));
#12038=FACE_OUTER_BOUND('',#12037,.F.);
#12039=ADVANCED_FACE('',(#12038),#12031,.T.);
#12040=CARTESIAN_POINT('',(-1.86E0,8.E-2,-3.3E-1));
#12041=DIRECTION('',(1.E0,0.E0,0.E0));
#12042=DIRECTION('',(0.E0,0.E0,-1.E0));
#12043=AXIS2_PLACEMENT_3D('',#12040,#12041,#12042);
#12044=CYLINDRICAL_SURFACE('',#12043,3.3E-1);
#12045=ORIENTED_EDGE('',*,*,#11144,.T.);
#12047=ORIENTED_EDGE('',*,*,#12046,.F.);
#12048=ORIENTED_EDGE('',*,*,#11746,.T.);
#12049=ORIENTED_EDGE('',*,*,#12005,.T.);
#12050=ORIENTED_EDGE('',*,*,#12035,.F.);
#12051=ORIENTED_EDGE('',*,*,#11119,.F.);
#12052=EDGE_LOOP('',(#12045,#12047,#12048,#12049,#12050,#12051));
#12053=FACE_OUTER_BOUND('',#12052,.F.);
#12054=ADVANCED_FACE('',(#12053),#12044,.T.);
#12055=CARTESIAN_POINT('',(-1.86E0,8.E-2,-3.3E-1));
#12056=DIRECTION('',(1.E0,0.E0,0.E0));
#12057=DIRECTION('',(0.E0,0.E0,-1.E0));
#12058=AXIS2_PLACEMENT_3D('',#12055,#12056,#12057);
#12059=CYLINDRICAL_SURFACE('',#12058,3.3E-1);
#12060=ORIENTED_EDGE('',*,*,#11156,.T.);
#12061=ORIENTED_EDGE('',*,*,#11930,.T.);
#12062=ORIENTED_EDGE('',*,*,#12020,.F.);
#12063=ORIENTED_EDGE('',*,*,#11974,.F.);
#12064=ORIENTED_EDGE('',*,*,#11702,.T.);
#12065=ORIENTED_EDGE('',*,*,#11803,.T.);
#12066=EDGE_LOOP('',(#12060,#12061,#12062,#12063,#12064,#12065));
#12067=FACE_OUTER_BOUND('',#12066,.F.);
#12068=ADVANCED_FACE('',(#12067),#12059,.T.);
#12069=CARTESIAN_POINT('',(-1.71E0,4.1E-1,0.E0));
#12070=DIRECTION('',(1.E0,0.E0,0.E0));
#12071=DIRECTION('',(0.E0,0.E0,-1.E0));
#12072=AXIS2_PLACEMENT_3D('',#12069,#12070,#12071);
#12073=PLANE('',#12072);
#12074=ORIENTED_EDGE('',*,*,#11748,.F.);
#12075=ORIENTED_EDGE('',*,*,#12046,.T.);
#12076=ORIENTED_EDGE('',*,*,#11142,.T.);
#12077=ORIENTED_EDGE('',*,*,#11178,.F.);
#12078=EDGE_LOOP('',(#12074,#12075,#12076,#12077));
#12079=FACE_OUTER_BOUND('',#12078,.F.);
#12080=ADVANCED_FACE('',(#12079),#12073,.F.);
#12081=CARTESIAN_POINT('',(1.25E0,8.E-2,-3.899980079602E-1));
#12082=DIRECTION('',(1.E0,0.E0,0.E0));
#12083=DIRECTION('',(0.E0,0.E0,-1.E0));
#12084=AXIS2_PLACEMENT_3D('',#12081,#12082,#12083);
#12085=CYLINDRICAL_SURFACE('',#12084,3.3E-1);
#12086=ORIENTED_EDGE('',*,*,#11742,.T.);
#12088=ORIENTED_EDGE('',*,*,#12087,.T.);
#12090=ORIENTED_EDGE('',*,*,#12089,.F.);
#12091=ORIENTED_EDGE('',*,*,#11643,.F.);
#12092=ORIENTED_EDGE('',*,*,#11735,.T.);
#12093=ORIENTED_EDGE('',*,*,#11570,.T.);
#12095=ORIENTED_EDGE('',*,*,#12094,.F.);
#12097=ORIENTED_EDGE('',*,*,#12096,.F.);
#12098=ORIENTED_EDGE('',*,*,#11728,.T.);
#12100=ORIENTED_EDGE('',*,*,#12099,.T.);
#12102=ORIENTED_EDGE('',*,*,#12101,.F.);
#12104=ORIENTED_EDGE('',*,*,#12103,.F.);
#12105=ORIENTED_EDGE('',*,*,#11720,.T.);
#12106=ORIENTED_EDGE('',*,*,#11415,.T.);
#12108=ORIENTED_EDGE('',*,*,#12107,.F.);
#12109=ORIENTED_EDGE('',*,*,#11489,.F.);
#12110=ORIENTED_EDGE('',*,*,#11714,.T.);
#12112=ORIENTED_EDGE('',*,*,#12111,.T.);
#12114=ORIENTED_EDGE('',*,*,#12113,.F.);
#12116=ORIENTED_EDGE('',*,*,#12115,.F.);
#12117=ORIENTED_EDGE('',*,*,#11706,.T.);
#12118=ORIENTED_EDGE('',*,*,#11971,.F.);
#12119=ORIENTED_EDGE('',*,*,#11990,.F.);
#12120=ORIENTED_EDGE('',*,*,#12008,.T.);
#12121=EDGE_LOOP('',(#12086,#12088,#12090,#12091,#12092,#12093,#12095,#12097,
#12098,#12100,#12102,#12104,#12105,#12106,#12108,#12109,#12110,#12112,#12114,
#12116,#12117,#12118,#12119,#12120));
#12122=FACE_OUTER_BOUND('',#12121,.F.);
#12123=ADVANCED_FACE('',(#12122),#12085,.T.);
#12124=CARTESIAN_POINT('',(-1.12E0,0.E0,0.E0));
#12125=DIRECTION('',(-1.E0,0.E0,0.E0));
#12126=DIRECTION('',(0.E0,0.E0,1.E0));
#12127=AXIS2_PLACEMENT_3D('',#12124,#12125,#12126);
#12128=PLANE('',#12127);
#12130=ORIENTED_EDGE('',*,*,#12129,.T.);
#12132=ORIENTED_EDGE('',*,*,#12131,.F.);
#12134=ORIENTED_EDGE('',*,*,#12133,.F.);
#12136=ORIENTED_EDGE('',*,*,#12135,.F.);
#12138=ORIENTED_EDGE('',*,*,#12137,.F.);
#12139=ORIENTED_EDGE('',*,*,#12087,.F.);
#12140=ORIENTED_EDGE('',*,*,#11740,.F.);
#12142=ORIENTED_EDGE('',*,*,#12141,.T.);
#12144=ORIENTED_EDGE('',*,*,#12143,.T.);
#12146=ORIENTED_EDGE('',*,*,#12145,.F.);
#12147=EDGE_LOOP('',(#12130,#12132,#12134,#12136,#12138,#12139,#12140,#12142,
#12144,#12146));
#12148=FACE_OUTER_BOUND('',#12147,.F.);
#12149=ADVANCED_FACE('',(#12148),#12128,.F.);
#12150=CARTESIAN_POINT('',(-1.135E0,1.5E-2,-9.75E-1));
#12151=DIRECTION('',(7.071067811865E-1,-7.071067811865E-1,0.E0));
#12152=DIRECTION('',(0.E0,0.E0,-1.E0));
#12153=AXIS2_PLACEMENT_3D('',#12150,#12151,#12152);
#12154=PLANE('',#12153);
#12155=ORIENTED_EDGE('',*,*,#12129,.F.);
#12157=ORIENTED_EDGE('',*,*,#12156,.T.);
#12158=ORIENTED_EDGE('',*,*,#11216,.T.);
#12160=ORIENTED_EDGE('',*,*,#12159,.T.);
#12161=EDGE_LOOP('',(#12155,#12157,#12158,#12160));
#12162=FACE_OUTER_BOUND('',#12161,.F.);
#12163=ADVANCED_FACE('',(#12162),#12154,.T.);
#12164=CARTESIAN_POINT('',(-1.2E0,4.1E-1,-1.56E0));
#12165=DIRECTION('',(0.E0,0.E0,1.E0));
#12166=DIRECTION('',(1.E0,0.E0,0.E0));
#12167=AXIS2_PLACEMENT_3D('',#12164,#12165,#12166);
#12168=PLANE('',#12167);
#12169=ORIENTED_EDGE('',*,*,#12156,.F.);
#12170=ORIENTED_EDGE('',*,*,#12145,.T.);
#12172=ORIENTED_EDGE('',*,*,#12171,.T.);
#12174=ORIENTED_EDGE('',*,*,#12173,.F.);
#12175=ORIENTED_EDGE('',*,*,#11759,.F.);
#12177=ORIENTED_EDGE('',*,*,#12176,.T.);
#12178=ORIENTED_EDGE('',*,*,#11218,.T.);
#12179=EDGE_LOOP('',(#12169,#12170,#12172,#12174,#12175,#12177,#12178));
#12180=FACE_OUTER_BOUND('',#12179,.F.);
#12181=ADVANCED_FACE('',(#12180),#12168,.F.);
#12182=CARTESIAN_POINT('',(-8.8E-1,2.9E-1,-6.9E-1));
#12183=DIRECTION('',(0.E0,1.E0,0.E0));
#12184=DIRECTION('',(0.E0,0.E0,-1.E0));
#12185=AXIS2_PLACEMENT_3D('',#12182,#12183,#12184);
#12186=PLANE('',#12185);
#12187=ORIENTED_EDGE('',*,*,#11576,.F.);
#12189=ORIENTED_EDGE('',*,*,#12188,.F.);
#12191=ORIENTED_EDGE('',*,*,#12190,.T.);
#12192=ORIENTED_EDGE('',*,*,#11393,.F.);
#12194=ORIENTED_EDGE('',*,*,#12193,.F.);
#12196=ORIENTED_EDGE('',*,*,#12195,.F.);
#12198=ORIENTED_EDGE('',*,*,#12197,.T.);
#12199=ORIENTED_EDGE('',*,*,#11378,.F.);
#12200=ORIENTED_EDGE('',*,*,#11421,.F.);
#12202=ORIENTED_EDGE('',*,*,#12201,.F.);
#12203=ORIENTED_EDGE('',*,*,#11483,.F.);
#12205=ORIENTED_EDGE('',*,*,#12204,.T.);
#12207=ORIENTED_EDGE('',*,*,#12206,.T.);
#12209=ORIENTED_EDGE('',*,*,#12208,.T.);
#12210=EDGE_LOOP('',(#12187,#12189,#12191,#12192,#12194,#12196,#12198,#12199,
#12200,#12202,#12203,#12205,#12207,#12209));
#12211=FACE_OUTER_BOUND('',#12210,.F.);
#12212=ADVANCED_FACE('',(#12211),#12186,.F.);
#12213=CARTESIAN_POINT('',(-8.8E-1,2.9E-1,-6.9E-1));
#12214=DIRECTION('',(0.E0,1.E0,0.E0));
#12215=DIRECTION('',(0.E0,0.E0,-1.E0));
#12216=AXIS2_PLACEMENT_3D('',#12213,#12214,#12215);
#12217=PLANE('',#12216);
#12219=ORIENTED_EDGE('',*,*,#12218,.F.);
#12220=ORIENTED_EDGE('',*,*,#11685,.T.);
#12222=ORIENTED_EDGE('',*,*,#12221,.F.);
#12224=ORIENTED_EDGE('',*,*,#12223,.F.);
#12226=ORIENTED_EDGE('',*,*,#12225,.T.);
#12228=ORIENTED_EDGE('',*,*,#12227,.T.);
#12230=ORIENTED_EDGE('',*,*,#12229,.F.);
#12231=EDGE_LOOP('',(#12219,#12220,#12222,#12224,#12226,#12228,#12230));
#12232=FACE_OUTER_BOUND('',#12231,.F.);
#12233=ADVANCED_FACE('',(#12232),#12217,.F.);
#12234=CARTESIAN_POINT('',(-8.8E-1,2.9E-1,-6.9E-1));
#12235=DIRECTION('',(0.E0,1.E0,0.E0));
#12236=DIRECTION('',(0.E0,0.E0,-1.E0));
#12237=AXIS2_PLACEMENT_3D('',#12234,#12235,#12236);
#12238=PLANE('',#12237);
#12240=ORIENTED_EDGE('',*,*,#12239,.F.);
#12242=ORIENTED_EDGE('',*,*,#12241,.T.);
#12243=ORIENTED_EDGE('',*,*,#12171,.F.);
#12244=ORIENTED_EDGE('',*,*,#12143,.F.);
#12246=ORIENTED_EDGE('',*,*,#12245,.T.);
#12247=ORIENTED_EDGE('',*,*,#11637,.F.);
#12248=ORIENTED_EDGE('',*,*,#11670,.T.);
#12249=EDGE_LOOP('',(#12240,#12242,#12243,#12244,#12246,#12247,#12248));
#12250=FACE_OUTER_BOUND('',#12249,.F.);
#12251=ADVANCED_FACE('',(#12250),#12238,.F.);
#12252=CARTESIAN_POINT('',(-3.8E-1,4.1E-1,-6.9E-1));
#12253=DIRECTION('',(0.E0,0.E0,-1.E0));
#12254=DIRECTION('',(0.E0,-1.E0,0.E0));
#12255=AXIS2_PLACEMENT_3D('',#12252,#12253,#12254);
#12256=PLANE('',#12255);
#12257=ORIENTED_EDGE('',*,*,#11732,.F.);
#12259=ORIENTED_EDGE('',*,*,#12258,.T.);
#12260=ORIENTED_EDGE('',*,*,#12188,.T.);
#12261=ORIENTED_EDGE('',*,*,#11574,.F.);
#12262=EDGE_LOOP('',(#12257,#12259,#12260,#12261));
#12263=FACE_OUTER_BOUND('',#12262,.F.);
#12264=ADVANCED_FACE('',(#12263),#12256,.F.);
#12265=CARTESIAN_POINT('',(-3.8E-1,0.E0,0.E0));
#12266=DIRECTION('',(-1.E0,0.E0,0.E0));
#12267=DIRECTION('',(0.E0,0.E0,1.E0));
#12268=AXIS2_PLACEMENT_3D('',#12265,#12266,#12267);
#12269=PLANE('',#12268);
#12271=ORIENTED_EDGE('',*,*,#12270,.T.);
#12272=ORIENTED_EDGE('',*,*,#11395,.T.);
#12273=ORIENTED_EDGE('',*,*,#12190,.F.);
#12274=ORIENTED_EDGE('',*,*,#12258,.F.);
#12275=ORIENTED_EDGE('',*,*,#11730,.T.);
#12276=ORIENTED_EDGE('',*,*,#12096,.T.);
#12278=ORIENTED_EDGE('',*,*,#12277,.F.);
#12280=ORIENTED_EDGE('',*,*,#12279,.F.);
#12282=ORIENTED_EDGE('',*,*,#12281,.F.);
#12284=ORIENTED_EDGE('',*,*,#12283,.F.);
#12285=EDGE_LOOP('',(#12271,#12272,#12273,#12274,#12275,#12276,#12278,#12280,
#12282,#12284));
#12286=FACE_OUTER_BOUND('',#12285,.F.);
#12287=ADVANCED_FACE('',(#12286),#12269,.T.);
#12288=CARTESIAN_POINT('',(-3.65E-1,1.5E-2,-1.425E0));
#12289=DIRECTION('',(-7.071067811865E-1,-7.071067811865E-1,0.E0));
#12290=DIRECTION('',(0.E0,0.E0,-1.E0));
#12291=AXIS2_PLACEMENT_3D('',#12288,#12289,#12290);
#12292=PLANE('',#12291);
#12293=ORIENTED_EDGE('',*,*,#11308,.F.);
#12294=ORIENTED_EDGE('',*,*,#12270,.F.);
#12296=ORIENTED_EDGE('',*,*,#12295,.T.);
#12297=ORIENTED_EDGE('',*,*,#11204,.T.);
#12298=EDGE_LOOP('',(#12293,#12294,#12296,#12297));
#12299=FACE_OUTER_BOUND('',#12298,.F.);
#12300=ADVANCED_FACE('',(#12299),#12292,.T.);
#12301=CARTESIAN_POINT('',(-3.8E-1,3.E-2,-3.6E-1));
#12302=DIRECTION('',(-1.E0,0.E0,0.E0));
#12303=DIRECTION('',(0.E0,0.E0,1.E0));
#12304=AXIS2_PLACEMENT_3D('',#12301,#12302,#12303);
#12305=CYLINDRICAL_SURFACE('',#12304,3.E-2);
#12306=ORIENTED_EDGE('',*,*,#11206,.T.);
#12307=ORIENTED_EDGE('',*,*,#12295,.F.);
#12309=ORIENTED_EDGE('',*,*,#12308,.T.);
#12311=ORIENTED_EDGE('',*,*,#12310,.F.);
#12312=EDGE_LOOP('',(#12306,#12307,#12309,#12311));
#12313=FACE_OUTER_BOUND('',#12312,.F.);
#12314=ADVANCED_FACE('',(#12313),#12305,.T.);
#12315=CARTESIAN_POINT('',(-3.8E-1,3.E-2,-3.9E-1));
#12316=DIRECTION('',(0.E0,0.E0,1.E0));
#12317=DIRECTION('',(0.E0,1.E0,0.E0));
#12318=AXIS2_PLACEMENT_3D('',#12315,#12316,#12317);
#12319=PLANE('',#12318);
#12320=ORIENTED_EDGE('',*,*,#12283,.T.);
#12322=ORIENTED_EDGE('',*,*,#12321,.T.);
#12323=ORIENTED_EDGE('',*,*,#11562,.F.);
#12324=ORIENTED_EDGE('',*,*,#12308,.F.);
#12325=EDGE_LOOP('',(#12320,#12322,#12323,#12324));
#12326=FACE_OUTER_BOUND('',#12325,.F.);
#12327=ADVANCED_FACE('',(#12326),#12319,.F.);
#12328=CARTESIAN_POINT('',(-3.8E-1,8.E-2,-3.2E-1));
#12329=DIRECTION('',(-1.E0,0.E0,0.E0));
#12330=DIRECTION('',(0.E0,0.E0,1.E0));
#12331=AXIS2_PLACEMENT_3D('',#12328,#12329,#12330);
#12332=CYLINDRICAL_SURFACE('',#12331,7.E-2);
#12333=ORIENTED_EDGE('',*,*,#12281,.T.);
#12335=ORIENTED_EDGE('',*,*,#12334,.T.);
#12336=ORIENTED_EDGE('',*,*,#11564,.F.);
#12337=ORIENTED_EDGE('',*,*,#12321,.F.);
#12338=EDGE_LOOP('',(#12333,#12335,#12336,#12337));
#12339=FACE_OUTER_BOUND('',#12338,.F.);
#12340=ADVANCED_FACE('',(#12339),#12332,.T.);
#12341=CARTESIAN_POINT('',(-3.8E-1,1.5E-1,-3.2E-1));
#12342=DIRECTION('',(0.E0,-1.E0,0.E0));
#12343=DIRECTION('',(0.E0,0.E0,1.E0));
#12344=AXIS2_PLACEMENT_3D('',#12341,#12342,#12343);
#12345=PLANE('',#12344);
#12346=ORIENTED_EDGE('',*,*,#12279,.T.);
#12348=ORIENTED_EDGE('',*,*,#12347,.T.);
#12349=ORIENTED_EDGE('',*,*,#11566,.F.);
#12350=ORIENTED_EDGE('',*,*,#12334,.F.);
#12351=EDGE_LOOP('',(#12346,#12348,#12349,#12350));
#12352=FACE_OUTER_BOUND('',#12351,.F.);
#12353=ADVANCED_FACE('',(#12352),#12345,.F.);
#12354=CARTESIAN_POINT('',(-3.8E-1,8.E-2,-1.3E-1));
#12355=DIRECTION('',(-1.E0,0.E0,0.E0));
#12356=DIRECTION('',(0.E0,0.E0,1.E0));
#12357=AXIS2_PLACEMENT_3D('',#12354,#12355,#12356);
#12358=CYLINDRICAL_SURFACE('',#12357,7.E-2);
#12359=ORIENTED_EDGE('',*,*,#12094,.T.);
#12360=ORIENTED_EDGE('',*,*,#11568,.F.);
#12361=ORIENTED_EDGE('',*,*,#12347,.F.);
#12362=ORIENTED_EDGE('',*,*,#12277,.T.);
#12363=EDGE_LOOP('',(#12359,#12360,#12361,#12362));
#12364=FACE_OUTER_BOUND('',#12363,.F.);
#12365=ADVANCED_FACE('',(#12364),#12358,.T.);
#12366=CARTESIAN_POINT('',(-6.35E-1,1.5E-2,-1.46E0));
#12367=DIRECTION('',(7.071067811865E-1,-7.071067811865E-1,0.E0));
#12368=DIRECTION('',(0.E0,0.E0,-1.E0));
#12369=AXIS2_PLACEMENT_3D('',#12366,#12367,#12368);
#12370=PLANE('',#12369);
#12371=ORIENTED_EDGE('',*,*,#11560,.F.);
#12372=ORIENTED_EDGE('',*,*,#11610,.T.);
#12373=ORIENTED_EDGE('',*,*,#11208,.T.);
#12374=ORIENTED_EDGE('',*,*,#12310,.T.);
#12375=EDGE_LOOP('',(#12371,#12372,#12373,#12374));
#12376=FACE_OUTER_BOUND('',#12375,.F.);
#12377=ADVANCED_FACE('',(#12376),#12370,.T.);
#12378=CARTESIAN_POINT('',(-1.2E-1,0.E0,0.E0));
#12379=DIRECTION('',(-1.E0,0.E0,0.E0));
#12380=DIRECTION('',(0.E0,0.E0,1.E0));
#12381=AXIS2_PLACEMENT_3D('',#12378,#12379,#12380);
#12382=PLANE('',#12381);
#12383=ORIENTED_EDGE('',*,*,#11323,.T.);
#12385=ORIENTED_EDGE('',*,*,#12384,.T.);
#12387=ORIENTED_EDGE('',*,*,#12386,.T.);
#12389=ORIENTED_EDGE('',*,*,#12388,.T.);
#12391=ORIENTED_EDGE('',*,*,#12390,.T.);
#12392=ORIENTED_EDGE('',*,*,#12099,.F.);
#12393=ORIENTED_EDGE('',*,*,#11726,.F.);
#12395=ORIENTED_EDGE('',*,*,#12394,.T.);
#12396=ORIENTED_EDGE('',*,*,#12193,.T.);
#12397=ORIENTED_EDGE('',*,*,#11391,.F.);
#12398=EDGE_LOOP('',(#12383,#12385,#12387,#12389,#12391,#12392,#12393,#12395,
#12396,#12397));
#12399=FACE_OUTER_BOUND('',#12398,.F.);
#12400=ADVANCED_FACE('',(#12399),#12382,.F.);
#12401=CARTESIAN_POINT('',(1.2E-1,3.E-2,-3.9E-1));
#12402=DIRECTION('',(0.E0,0.E0,1.E0));
#12403=DIRECTION('',(0.E0,1.E0,0.E0));
#12404=AXIS2_PLACEMENT_3D('',#12401,#12402,#12403);
#12405=PLANE('',#12404);
#12407=ORIENTED_EDGE('',*,*,#12406,.T.);
#12409=ORIENTED_EDGE('',*,*,#12408,.T.);
#12410=ORIENTED_EDGE('',*,*,#12384,.F.);
#12411=ORIENTED_EDGE('',*,*,#11336,.F.);
#12412=EDGE_LOOP('',(#12407,#12409,#12410,#12411));
#12413=FACE_OUTER_BOUND('',#12412,.F.);
#12414=ADVANCED_FACE('',(#12413),#12405,.F.);
#12415=CARTESIAN_POINT('',(1.2E-1,0.E0,0.E0));
#12416=DIRECTION('',(-1.E0,0.E0,0.E0));
#12417=DIRECTION('',(0.E0,0.E0,1.E0));
#12418=AXIS2_PLACEMENT_3D('',#12415,#12416,#12417);
#12419=PLANE('',#12418);
#12420=ORIENTED_EDGE('',*,*,#11350,.T.);
#12421=ORIENTED_EDGE('',*,*,#11380,.T.);
#12422=ORIENTED_EDGE('',*,*,#12197,.F.);
#12424=ORIENTED_EDGE('',*,*,#12423,.F.);
#12425=ORIENTED_EDGE('',*,*,#11722,.T.);
#12426=ORIENTED_EDGE('',*,*,#12103,.T.);
#12428=ORIENTED_EDGE('',*,*,#12427,.F.);
#12430=ORIENTED_EDGE('',*,*,#12429,.F.);
#12432=ORIENTED_EDGE('',*,*,#12431,.F.);
#12433=ORIENTED_EDGE('',*,*,#12406,.F.);
#12434=EDGE_LOOP('',(#12420,#12421,#12422,#12424,#12425,#12426,#12428,#12430,
#12432,#12433));
#12435=FACE_OUTER_BOUND('',#12434,.F.);
#12436=ADVANCED_FACE('',(#12435),#12419,.T.);
#12437=CARTESIAN_POINT('',(1.2E-1,4.1E-1,-6.9E-1));
#12438=DIRECTION('',(0.E0,0.E0,-1.E0));
#12439=DIRECTION('',(0.E0,-1.E0,0.E0));
#12440=AXIS2_PLACEMENT_3D('',#12437,#12438,#12439);
#12441=PLANE('',#12440);
#12442=ORIENTED_EDGE('',*,*,#11724,.F.);
#12443=ORIENTED_EDGE('',*,*,#12423,.T.);
#12444=ORIENTED_EDGE('',*,*,#12195,.T.);
#12445=ORIENTED_EDGE('',*,*,#12394,.F.);
#12446=EDGE_LOOP('',(#12442,#12443,#12444,#12445));
#12447=FACE_OUTER_BOUND('',#12446,.F.);
#12448=ADVANCED_FACE('',(#12447),#12441,.F.);
#12449=CARTESIAN_POINT('',(1.2E-1,8.E-2,-1.3E-1));
#12450=DIRECTION('',(-1.E0,0.E0,0.E0));
#12451=DIRECTION('',(0.E0,0.E0,1.E0));
#12452=AXIS2_PLACEMENT_3D('',#12449,#12450,#12451);
#12453=CYLINDRICAL_SURFACE('',#12452,7.E-2);
#12454=ORIENTED_EDGE('',*,*,#12101,.T.);
#12455=ORIENTED_EDGE('',*,*,#12390,.F.);
#12457=ORIENTED_EDGE('',*,*,#12456,.F.);
#12458=ORIENTED_EDGE('',*,*,#12427,.T.);
#12459=EDGE_LOOP('',(#12454,#12455,#12457,#12458));
#12460=FACE_OUTER_BOUND('',#12459,.F.);
#12461=ADVANCED_FACE('',(#12460),#12453,.T.);
#12462=CARTESIAN_POINT('',(1.2E-1,1.5E-1,-3.2E-1));
#12463=DIRECTION('',(0.E0,-1.E0,0.E0));
#12464=DIRECTION('',(0.E0,0.E0,1.E0));
#12465=AXIS2_PLACEMENT_3D('',#12462,#12463,#12464);
#12466=PLANE('',#12465);
#12467=ORIENTED_EDGE('',*,*,#12429,.T.);
#12468=ORIENTED_EDGE('',*,*,#12456,.T.);
#12469=ORIENTED_EDGE('',*,*,#12388,.F.);
#12471=ORIENTED_EDGE('',*,*,#12470,.F.);
#12472=EDGE_LOOP('',(#12467,#12468,#12469,#12471));
#12473=FACE_OUTER_BOUND('',#12472,.F.);
#12474=ADVANCED_FACE('',(#12473),#12466,.F.);
#12475=CARTESIAN_POINT('',(1.2E-1,8.E-2,-3.2E-1));
#12476=DIRECTION('',(-1.E0,0.E0,0.E0));
#12477=DIRECTION('',(0.E0,0.E0,1.E0));
#12478=AXIS2_PLACEMENT_3D('',#12475,#12476,#12477);
#12479=CYLINDRICAL_SURFACE('',#12478,7.E-2);
#12480=ORIENTED_EDGE('',*,*,#12431,.T.);
#12481=ORIENTED_EDGE('',*,*,#12470,.T.);
#12482=ORIENTED_EDGE('',*,*,#12386,.F.);
#12483=ORIENTED_EDGE('',*,*,#12408,.F.);
#12484=EDGE_LOOP('',(#12480,#12481,#12482,#12483));
#12485=FACE_OUTER_BOUND('',#12484,.F.);
#12486=ADVANCED_FACE('',(#12485),#12479,.T.);
#12487=CARTESIAN_POINT('',(6.2E-1,4.1E-1,-6.9E-1));
#12488=DIRECTION('',(0.E0,0.E0,-1.E0));
#12489=DIRECTION('',(0.E0,-1.E0,0.E0));
#12490=AXIS2_PLACEMENT_3D('',#12487,#12488,#12489);
#12491=PLANE('',#12490);
#12492=ORIENTED_EDGE('',*,*,#11717,.F.);
#12493=ORIENTED_EDGE('',*,*,#11485,.T.);
#12494=ORIENTED_EDGE('',*,*,#12201,.T.);
#12495=ORIENTED_EDGE('',*,*,#11419,.F.);
#12496=EDGE_LOOP('',(#12492,#12493,#12494,#12495));
#12497=FACE_OUTER_BOUND('',#12496,.F.);
#12498=ADVANCED_FACE('',(#12497),#12491,.F.);
#12499=CARTESIAN_POINT('',(5.2E-1,2.9E-1,-2.61E0));
#12500=DIRECTION('',(0.E0,-1.E0,0.E0));
#12501=DIRECTION('',(-1.E0,0.E0,0.E0));
#12502=AXIS2_PLACEMENT_3D('',#12499,#12500,#12501);
#12503=CYLINDRICAL_SURFACE('',#12502,1.E-1);
#12504=ORIENTED_EDGE('',*,*,#12204,.F.);
#12505=ORIENTED_EDGE('',*,*,#11481,.T.);
#12506=ORIENTED_EDGE('',*,*,#11771,.T.);
#12508=ORIENTED_EDGE('',*,*,#12507,.F.);
#12509=EDGE_LOOP('',(#12504,#12505,#12506,#12508));
#12510=FACE_OUTER_BOUND('',#12509,.F.);
#12511=ADVANCED_FACE('',(#12510),#12503,.F.);
#12512=CARTESIAN_POINT('',(5.2E-1,2.9E-1,-2.51E0));
#12513=DIRECTION('',(0.E0,0.E0,1.E0));
#12514=DIRECTION('',(-1.E0,0.E0,0.E0));
#12515=AXIS2_PLACEMENT_3D('',#12512,#12513,#12514);
#12516=PLANE('',#12515);
#12517=ORIENTED_EDGE('',*,*,#11769,.T.);
#12519=ORIENTED_EDGE('',*,*,#12518,.F.);
#12520=ORIENTED_EDGE('',*,*,#12206,.F.);
#12521=ORIENTED_EDGE('',*,*,#12507,.T.);
#12522=EDGE_LOOP('',(#12517,#12519,#12520,#12521));
#12523=FACE_OUTER_BOUND('',#12522,.F.);
#12525=ORIENTED_EDGE('',*,*,#12524,.T.);
#12527=ORIENTED_EDGE('',*,*,#12526,.T.);
#12529=ORIENTED_EDGE('',*,*,#12528,.T.);
#12531=ORIENTED_EDGE('',*,*,#12530,.T.);
#12532=EDGE_LOOP('',(#12525,#12527,#12529,#12531));
#12533=FACE_BOUND('',#12532,.F.);
#12534=ADVANCED_FACE('',(#12523,#12533),#12516,.F.);
#12535=CARTESIAN_POINT('',(-5.2E-1,2.9E-1,-2.61E0));
#12536=DIRECTION('',(0.E0,-1.E0,0.E0));
#12537=DIRECTION('',(-1.E0,0.E0,0.E0));
#12538=AXIS2_PLACEMENT_3D('',#12535,#12536,#12537);
#12539=CYLINDRICAL_SURFACE('',#12538,1.E-1);
#12540=ORIENTED_EDGE('',*,*,#12208,.F.);
#12541=ORIENTED_EDGE('',*,*,#12518,.T.);
#12542=ORIENTED_EDGE('',*,*,#11767,.T.);
#12543=ORIENTED_EDGE('',*,*,#11578,.F.);
#12544=EDGE_LOOP('',(#12540,#12541,#12542,#12543));
#12545=FACE_OUTER_BOUND('',#12544,.F.);
#12546=ADVANCED_FACE('',(#12545),#12539,.F.);
#12547=CARTESIAN_POINT('',(4.7E-1,3.75E-1,-2.51E0));
#12548=DIRECTION('',(1.E0,0.E0,0.E0));
#12549=DIRECTION('',(0.E0,-1.E0,0.E0));
#12550=AXIS2_PLACEMENT_3D('',#12547,#12548,#12549);
#12551=PLANE('',#12550);
#12552=ORIENTED_EDGE('',*,*,#12524,.F.);
#12554=ORIENTED_EDGE('',*,*,#12553,.T.);
#12556=ORIENTED_EDGE('',*,*,#12555,.T.);
#12558=ORIENTED_EDGE('',*,*,#12557,.F.);
#12559=EDGE_LOOP('',(#12552,#12554,#12556,#12558));
#12560=FACE_OUTER_BOUND('',#12559,.F.);
#12561=ADVANCED_FACE('',(#12560),#12551,.T.);
#12562=CARTESIAN_POINT('',(-4.7E-1,3.75E-1,-2.51E0));
#12563=DIRECTION('',(0.E0,1.E0,0.E0));
#12564=DIRECTION('',(1.E0,0.E0,0.E0));
#12565=AXIS2_PLACEMENT_3D('',#12562,#12563,#12564);
#12566=PLANE('',#12565);
#12567=ORIENTED_EDGE('',*,*,#12530,.F.);
#12569=ORIENTED_EDGE('',*,*,#12568,.T.);
#12571=ORIENTED_EDGE('',*,*,#12570,.T.);
#12572=ORIENTED_EDGE('',*,*,#12553,.F.);
#12573=EDGE_LOOP('',(#12567,#12569,#12571,#12572));
#12574=FACE_OUTER_BOUND('',#12573,.F.);
#12575=ADVANCED_FACE('',(#12574),#12566,.T.);
#12576=CARTESIAN_POINT('',(-4.7E-1,3.25E-1,-2.51E0));
#12577=DIRECTION('',(-1.E0,0.E0,0.E0));
#12578=DIRECTION('',(0.E0,1.E0,0.E0));
#12579=AXIS2_PLACEMENT_3D('',#12576,#12577,#12578);
#12580=PLANE('',#12579);
#12581=ORIENTED_EDGE('',*,*,#12528,.F.);
#12583=ORIENTED_EDGE('',*,*,#12582,.T.);
#12585=ORIENTED_EDGE('',*,*,#12584,.T.);
#12586=ORIENTED_EDGE('',*,*,#12568,.F.);
#12587=EDGE_LOOP('',(#12581,#12583,#12585,#12586));
#12588=FACE_OUTER_BOUND('',#12587,.F.);
#12589=ADVANCED_FACE('',(#12588),#12580,.T.);
#12590=CARTESIAN_POINT('',(4.7E-1,3.25E-1,-2.51E0));
#12591=DIRECTION('',(0.E0,-1.E0,0.E0));
#12592=DIRECTION('',(-1.E0,0.E0,0.E0));
#12593=AXIS2_PLACEMENT_3D('',#12590,#12591,#12592);
#12594=PLANE('',#12593);
#12595=ORIENTED_EDGE('',*,*,#12526,.F.);
#12596=ORIENTED_EDGE('',*,*,#12557,.T.);
#12598=ORIENTED_EDGE('',*,*,#12597,.T.);
#12599=ORIENTED_EDGE('',*,*,#12582,.F.);
#12600=EDGE_LOOP('',(#12595,#12596,#12598,#12599));
#12601=FACE_OUTER_BOUND('',#12600,.F.);
#12602=ADVANCED_FACE('',(#12601),#12594,.T.);
#12603=CARTESIAN_POINT('',(-8.8E-1,2.9E-1,-2.56E0));
#12604=DIRECTION('',(0.E0,0.E0,-1.E0));
#12605=DIRECTION('',(-1.E0,0.E0,0.E0));
#12606=AXIS2_PLACEMENT_3D('',#12603,#12604,#12605);
#12607=PLANE('',#12606);
#12608=ORIENTED_EDGE('',*,*,#12555,.F.);
#12609=ORIENTED_EDGE('',*,*,#12570,.F.);
#12610=ORIENTED_EDGE('',*,*,#12584,.F.);
#12611=ORIENTED_EDGE('',*,*,#12597,.F.);
#12612=EDGE_LOOP('',(#12608,#12609,#12610,#12611));
#12613=FACE_OUTER_BOUND('',#12612,.F.);
#12614=ADVANCED_FACE('',(#12613),#12607,.T.);
#12615=CARTESIAN_POINT('',(1.E0,3.5E-1,-2.56E0));
#12616=DIRECTION('',(7.071067811865E-1,0.E0,-7.071067811865E-1));
#12617=DIRECTION('',(0.E0,-1.E0,0.E0));
#12618=AXIS2_PLACEMENT_3D('',#12615,#12616,#12617);
#12619=PLANE('',#12618);
#12620=ORIENTED_EDGE('',*,*,#12218,.T.);
#12622=ORIENTED_EDGE('',*,*,#12621,.F.);
#12623=ORIENTED_EDGE('',*,*,#11775,.T.);
#12624=ORIENTED_EDGE('',*,*,#11687,.T.);
#12625=EDGE_LOOP('',(#12620,#12622,#12623,#12624));
#12626=FACE_OUTER_BOUND('',#12625,.F.);
#12627=ADVANCED_FACE('',(#12626),#12619,.T.);
#12628=CARTESIAN_POINT('',(1.1E0,4.1E-1,-2.66E0));
#12629=DIRECTION('',(-1.E0,0.E0,0.E0));
#12630=DIRECTION('',(0.E0,0.E0,1.E0));
#12631=AXIS2_PLACEMENT_3D('',#12628,#12629,#12630);
#12632=PLANE('',#12631);
#12633=ORIENTED_EDGE('',*,*,#12621,.T.);
#12634=ORIENTED_EDGE('',*,*,#12229,.T.);
#12636=ORIENTED_EDGE('',*,*,#12635,.F.);
#12637=ORIENTED_EDGE('',*,*,#11777,.F.);
#12638=EDGE_LOOP('',(#12633,#12634,#12636,#12637));
#12639=FACE_OUTER_BOUND('',#12638,.F.);
#12640=ADVANCED_FACE('',(#12639),#12632,.F.);
#12641=CARTESIAN_POINT('',(1.1E0,4.1E-1,-1.56E0));
#12642=DIRECTION('',(0.E0,0.E0,1.E0));
#12643=DIRECTION('',(1.E0,0.E0,0.E0));
#12644=AXIS2_PLACEMENT_3D('',#12641,#12642,#12643);
#12645=PLANE('',#12644);
#12647=ORIENTED_EDGE('',*,*,#12646,.F.);
#12648=ORIENTED_EDGE('',*,*,#11272,.T.);
#12650=ORIENTED_EDGE('',*,*,#12649,.F.);
#12651=ORIENTED_EDGE('',*,*,#11779,.F.);
#12652=ORIENTED_EDGE('',*,*,#12635,.T.);
#12653=ORIENTED_EDGE('',*,*,#12227,.F.);
#12655=ORIENTED_EDGE('',*,*,#12654,.F.);
#12656=EDGE_LOOP('',(#12647,#12648,#12650,#12651,#12652,#12653,#12655));
#12657=FACE_OUTER_BOUND('',#12656,.F.);
#12658=ADVANCED_FACE('',(#12657),#12645,.F.);
#12659=CARTESIAN_POINT('',(1.135E0,1.5E-2,-9.75E-1));
#12660=DIRECTION('',(-7.071067811865E-1,-7.071067811865E-1,0.E0));
#12661=DIRECTION('',(0.E0,0.E0,-1.E0));
#12662=AXIS2_PLACEMENT_3D('',#12659,#12660,#12661);
#12663=PLANE('',#12662);
#12664=ORIENTED_EDGE('',*,*,#12646,.T.);
#12666=ORIENTED_EDGE('',*,*,#12665,.F.);
#12668=ORIENTED_EDGE('',*,*,#12667,.T.);
#12669=ORIENTED_EDGE('',*,*,#11274,.T.);
#12670=EDGE_LOOP('',(#12664,#12666,#12668,#12669));
#12671=FACE_OUTER_BOUND('',#12670,.F.);
#12672=ADVANCED_FACE('',(#12671),#12663,.T.);
#12673=CARTESIAN_POINT('',(1.12E0,0.E0,0.E0));
#12674=DIRECTION('',(-1.E0,0.E0,0.E0));
#12675=DIRECTION('',(0.E0,0.E0,1.E0));
#12676=AXIS2_PLACEMENT_3D('',#12673,#12674,#12675);
#12677=PLANE('',#12676);
#12678=ORIENTED_EDGE('',*,*,#12665,.T.);
#12679=ORIENTED_EDGE('',*,*,#12654,.T.);
#12680=ORIENTED_EDGE('',*,*,#12225,.F.);
#12682=ORIENTED_EDGE('',*,*,#12681,.F.);
#12683=ORIENTED_EDGE('',*,*,#11708,.T.);
#12684=ORIENTED_EDGE('',*,*,#12115,.T.);
#12686=ORIENTED_EDGE('',*,*,#12685,.F.);
#12688=ORIENTED_EDGE('',*,*,#12687,.F.);
#12690=ORIENTED_EDGE('',*,*,#12689,.F.);
#12692=ORIENTED_EDGE('',*,*,#12691,.F.);
#12693=EDGE_LOOP('',(#12678,#12679,#12680,#12682,#12683,#12684,#12686,#12688,
#12690,#12692));
#12694=FACE_OUTER_BOUND('',#12693,.F.);
#12695=ADVANCED_FACE('',(#12694),#12677,.T.);
#12696=CARTESIAN_POINT('',(1.12E0,4.1E-1,-6.9E-1));
#12697=DIRECTION('',(0.E0,0.E0,-1.E0));
#12698=DIRECTION('',(0.E0,-1.E0,0.E0));
#12699=AXIS2_PLACEMENT_3D('',#12696,#12697,#12698);
#12700=PLANE('',#12699);
#12701=ORIENTED_EDGE('',*,*,#11710,.F.);
#12702=ORIENTED_EDGE('',*,*,#12681,.T.);
#12703=ORIENTED_EDGE('',*,*,#12223,.T.);
#12705=ORIENTED_EDGE('',*,*,#12704,.F.);
#12706=EDGE_LOOP('',(#12701,#12702,#12703,#12705));
#12707=FACE_OUTER_BOUND('',#12706,.F.);
#12708=ADVANCED_FACE('',(#12707),#12700,.F.);
#12709=CARTESIAN_POINT('',(8.8E-1,2.9E-1,-2.66E0));
#12710=DIRECTION('',(1.E0,0.E0,0.E0));
#12711=DIRECTION('',(0.E0,0.E0,1.E0));
#12712=AXIS2_PLACEMENT_3D('',#12709,#12710,#12711);
#12713=PLANE('',#12712);
#12715=ORIENTED_EDGE('',*,*,#12714,.T.);
#12717=ORIENTED_EDGE('',*,*,#12716,.T.);
#12719=ORIENTED_EDGE('',*,*,#12718,.T.);
#12721=ORIENTED_EDGE('',*,*,#12720,.T.);
#12723=ORIENTED_EDGE('',*,*,#12722,.T.);
#12724=ORIENTED_EDGE('',*,*,#12111,.F.);
#12725=ORIENTED_EDGE('',*,*,#11712,.F.);
#12726=ORIENTED_EDGE('',*,*,#12704,.T.);
#12727=ORIENTED_EDGE('',*,*,#12221,.T.);
#12728=ORIENTED_EDGE('',*,*,#11683,.T.);
#12730=ORIENTED_EDGE('',*,*,#12729,.F.);
#12731=ORIENTED_EDGE('',*,*,#11531,.T.);
#12733=ORIENTED_EDGE('',*,*,#12732,.F.);
#12734=EDGE_LOOP('',(#12715,#12717,#12719,#12721,#12723,#12724,#12725,#12726,
#12727,#12728,#12730,#12731,#12733));
#12735=FACE_OUTER_BOUND('',#12734,.F.);
#12736=ADVANCED_FACE('',(#12735),#12713,.T.);
#12737=CARTESIAN_POINT('',(8.65E-1,1.5E-2,-1.445E0));
#12738=DIRECTION('',(7.071067811865E-1,-7.071067811865E-1,0.E0));
#12739=DIRECTION('',(0.E0,0.E0,-1.E0));
#12740=AXIS2_PLACEMENT_3D('',#12737,#12738,#12739);
#12741=PLANE('',#12740);
#12742=ORIENTED_EDGE('',*,*,#12714,.F.);
#12744=ORIENTED_EDGE('',*,*,#12743,.T.);
#12745=ORIENTED_EDGE('',*,*,#11278,.T.);
#12747=ORIENTED_EDGE('',*,*,#12746,.T.);
#12748=EDGE_LOOP('',(#12742,#12744,#12745,#12747));
#12749=FACE_OUTER_BOUND('',#12748,.F.);
#12750=ADVANCED_FACE('',(#12749),#12741,.T.);
#12751=CARTESIAN_POINT('',(7.5E-1,1.5E-2,-2.515E0));
#12752=DIRECTION('',(0.E0,-7.071067811865E-1,-7.071067811865E-1));
#12753=DIRECTION('',(-1.E0,0.E0,0.E0));
#12754=AXIS2_PLACEMENT_3D('',#12751,#12752,#12753);
#12755=PLANE('',#12754);
#12756=ORIENTED_EDGE('',*,*,#12743,.F.);
#12758=ORIENTED_EDGE('',*,*,#12757,.F.);
#12759=ORIENTED_EDGE('',*,*,#11463,.F.);
#12760=ORIENTED_EDGE('',*,*,#11280,.T.);
#12761=EDGE_LOOP('',(#12756,#12758,#12759,#12760));
#12762=FACE_OUTER_BOUND('',#12761,.F.);
#12763=ADVANCED_FACE('',(#12762),#12755,.T.);
#12764=CARTESIAN_POINT('',(1.1E0,2.9E-1,-2.53E0));
#12765=DIRECTION('',(0.E0,0.E0,1.E0));
#12766=DIRECTION('',(-1.E0,0.E0,0.E0));
#12767=AXIS2_PLACEMENT_3D('',#12764,#12765,#12766);
#12768=PLANE('',#12767);
#12769=ORIENTED_EDGE('',*,*,#12757,.T.);
#12770=ORIENTED_EDGE('',*,*,#12732,.T.);
#12771=ORIENTED_EDGE('',*,*,#11529,.T.);
#12772=ORIENTED_EDGE('',*,*,#11500,.F.);
#12773=EDGE_LOOP('',(#12769,#12770,#12771,#12772));
#12774=FACE_OUTER_BOUND('',#12773,.F.);
#12775=ADVANCED_FACE('',(#12774),#12768,.F.);
#12776=CARTESIAN_POINT('',(1.12E0,3.E-2,-3.6E-1));
#12777=DIRECTION('',(-1.E0,0.E0,0.E0));
#12778=DIRECTION('',(0.E0,0.E0,1.E0));
#12779=AXIS2_PLACEMENT_3D('',#12776,#12777,#12778);
#12780=CYLINDRICAL_SURFACE('',#12779,3.E-2);
#12781=ORIENTED_EDGE('',*,*,#11276,.T.);
#12782=ORIENTED_EDGE('',*,*,#12667,.F.);
#12784=ORIENTED_EDGE('',*,*,#12783,.T.);
#12785=ORIENTED_EDGE('',*,*,#12746,.F.);
#12786=EDGE_LOOP('',(#12781,#12782,#12784,#12785));
#12787=FACE_OUTER_BOUND('',#12786,.F.);
#12788=ADVANCED_FACE('',(#12787),#12780,.T.);
#12789=CARTESIAN_POINT('',(1.12E0,3.E-2,-3.9E-1));
#12790=DIRECTION('',(0.E0,0.E0,1.E0));
#12791=DIRECTION('',(0.E0,1.E0,0.E0));
#12792=AXIS2_PLACEMENT_3D('',#12789,#12790,#12791);
#12793=PLANE('',#12792);
#12794=ORIENTED_EDGE('',*,*,#12691,.T.);
#12796=ORIENTED_EDGE('',*,*,#12795,.T.);
#12797=ORIENTED_EDGE('',*,*,#12716,.F.);
#12798=ORIENTED_EDGE('',*,*,#12783,.F.);
#12799=EDGE_LOOP('',(#12794,#12796,#12797,#12798));
#12800=FACE_OUTER_BOUND('',#12799,.F.);
#12801=ADVANCED_FACE('',(#12800),#12793,.F.);
#12802=CARTESIAN_POINT('',(1.12E0,8.E-2,-3.2E-1));
#12803=DIRECTION('',(-1.E0,0.E0,0.E0));
#12804=DIRECTION('',(0.E0,0.E0,1.E0));
#12805=AXIS2_PLACEMENT_3D('',#12802,#12803,#12804);
#12806=CYLINDRICAL_SURFACE('',#12805,7.E-2);
#12807=ORIENTED_EDGE('',*,*,#12689,.T.);
#12809=ORIENTED_EDGE('',*,*,#12808,.T.);
#12810=ORIENTED_EDGE('',*,*,#12718,.F.);
#12811=ORIENTED_EDGE('',*,*,#12795,.F.);
#12812=EDGE_LOOP('',(#12807,#12809,#12810,#12811));
#12813=FACE_OUTER_BOUND('',#12812,.F.);
#12814=ADVANCED_FACE('',(#12813),#12806,.T.);
#12815=CARTESIAN_POINT('',(1.12E0,1.5E-1,-3.2E-1));
#12816=DIRECTION('',(0.E0,-1.E0,0.E0));
#12817=DIRECTION('',(0.E0,0.E0,1.E0));
#12818=AXIS2_PLACEMENT_3D('',#12815,#12816,#12817);
#12819=PLANE('',#12818);
#12820=ORIENTED_EDGE('',*,*,#12687,.T.);
#12822=ORIENTED_EDGE('',*,*,#12821,.T.);
#12823=ORIENTED_EDGE('',*,*,#12720,.F.);
#12824=ORIENTED_EDGE('',*,*,#12808,.F.);
#12825=EDGE_LOOP('',(#12820,#12822,#12823,#12824));
#12826=FACE_OUTER_BOUND('',#12825,.F.);
#12827=ADVANCED_FACE('',(#12826),#12819,.F.);
#12828=CARTESIAN_POINT('',(1.12E0,8.E-2,-1.3E-1));
#12829=DIRECTION('',(-1.E0,0.E0,0.E0));
#12830=DIRECTION('',(0.E0,0.E0,1.E0));
#12831=AXIS2_PLACEMENT_3D('',#12828,#12829,#12830);
#12832=CYLINDRICAL_SURFACE('',#12831,7.E-2);
#12833=ORIENTED_EDGE('',*,*,#12113,.T.);
#12834=ORIENTED_EDGE('',*,*,#12722,.F.);
#12835=ORIENTED_EDGE('',*,*,#12821,.F.);
#12836=ORIENTED_EDGE('',*,*,#12685,.T.);
#12837=EDGE_LOOP('',(#12833,#12834,#12835,#12836));
#12838=FACE_OUTER_BOUND('',#12837,.F.);
#12839=ADVANCED_FACE('',(#12838),#12832,.T.);
#12840=CARTESIAN_POINT('',(-8.868211544069E-1,2.4E-1,-2.63E0));
#12841=DIRECTION('',(1.E0,0.E0,0.E0));
#12842=DIRECTION('',(0.E0,-1.E0,0.E0));
#12843=AXIS2_PLACEMENT_3D('',#12840,#12841,#12842);
#12844=CYLINDRICAL_SURFACE('',#12843,3.E-2);
#12845=ORIENTED_EDGE('',*,*,#11681,.F.);
#12846=ORIENTED_EDGE('',*,*,#11475,.T.);
#12847=ORIENTED_EDGE('',*,*,#11526,.T.);
#12848=ORIENTED_EDGE('',*,*,#12729,.T.);
#12849=EDGE_LOOP('',(#12845,#12846,#12847,#12848));
#12850=FACE_OUTER_BOUND('',#12849,.F.);
#12851=ADVANCED_FACE('',(#12850),#12844,.T.);
#12852=CARTESIAN_POINT('',(1.2E0,4.1E-1,-1.61E0));
#12853=DIRECTION('',(0.E0,1.E0,0.E0));
#12854=DIRECTION('',(0.E0,0.E0,-1.E0));
#12855=AXIS2_PLACEMENT_3D('',#12852,#12853,#12854);
#12856=CYLINDRICAL_SURFACE('',#12855,5.E-2);
#12857=ORIENTED_EDGE('',*,*,#11270,.T.);
#12859=ORIENTED_EDGE('',*,*,#12858,.F.);
#12860=ORIENTED_EDGE('',*,*,#11781,.F.);
#12861=ORIENTED_EDGE('',*,*,#12649,.T.);
#12862=EDGE_LOOP('',(#12857,#12859,#12860,#12861));
#12863=FACE_OUTER_BOUND('',#12862,.F.);
#12864=ADVANCED_FACE('',(#12863),#12856,.F.);
#12865=CARTESIAN_POINT('',(1.25E0,4.1E-1,-1.61E0));
#12866=DIRECTION('',(1.E0,0.E0,0.E0));
#12867=DIRECTION('',(0.E0,0.E0,-1.E0));
#12868=AXIS2_PLACEMENT_3D('',#12865,#12866,#12867);
#12869=PLANE('',#12868);
#12870=ORIENTED_EDGE('',*,*,#11268,.T.);
#12872=ORIENTED_EDGE('',*,*,#12871,.F.);
#12873=ORIENTED_EDGE('',*,*,#11783,.F.);
#12874=ORIENTED_EDGE('',*,*,#12858,.T.);
#12875=EDGE_LOOP('',(#12870,#12872,#12873,#12874));
#12876=FACE_OUTER_BOUND('',#12875,.F.);
#12877=ADVANCED_FACE('',(#12876),#12869,.F.);
#12878=CARTESIAN_POINT('',(-1.5E0,4.1E-1,-2.36E0));
#12879=DIRECTION('',(0.E0,0.E0,1.E0));
#12880=DIRECTION('',(1.E0,0.E0,0.E0));
#12881=AXIS2_PLACEMENT_3D('',#12878,#12879,#12880);
#12882=PLANE('',#12881);
#12884=ORIENTED_EDGE('',*,*,#12883,.F.);
#12885=ORIENTED_EDGE('',*,*,#11842,.T.);
#12886=ORIENTED_EDGE('',*,*,#11785,.F.);
#12887=ORIENTED_EDGE('',*,*,#12871,.T.);
#12888=ORIENTED_EDGE('',*,*,#11266,.T.);
#12890=ORIENTED_EDGE('',*,*,#12889,.F.);
#12892=ORIENTED_EDGE('',*,*,#12891,.F.);
#12893=EDGE_LOOP('',(#12884,#12885,#12886,#12887,#12888,#12890,#12892));
#12894=FACE_OUTER_BOUND('',#12893,.F.);
#12895=ADVANCED_FACE('',(#12894),#12882,.F.);
#12896=CARTESIAN_POINT('',(-1.5E0,4.1E-1,-2.36E0));
#12897=DIRECTION('',(0.E0,0.E0,1.E0));
#12898=DIRECTION('',(1.E0,0.E0,0.E0));
#12899=AXIS2_PLACEMENT_3D('',#12896,#12897,#12898);
#12900=PLANE('',#12899);
#12902=ORIENTED_EDGE('',*,*,#12901,.F.);
#12904=ORIENTED_EDGE('',*,*,#12903,.F.);
#12906=ORIENTED_EDGE('',*,*,#12905,.F.);
#12908=ORIENTED_EDGE('',*,*,#12907,.F.);
#12909=ORIENTED_EDGE('',*,*,#11224,.T.);
#12911=ORIENTED_EDGE('',*,*,#12910,.F.);
#12912=ORIENTED_EDGE('',*,*,#11753,.F.);
#12913=EDGE_LOOP('',(#12902,#12904,#12906,#12908,#12909,#12911,#12912));
#12914=FACE_OUTER_BOUND('',#12913,.F.);
#12915=ADVANCED_FACE('',(#12914),#12900,.F.);
#12916=CARTESIAN_POINT('',(1.5E0,2.07E-1,-2.36E0));
#12917=DIRECTION('',(5.766831975987E-1,8.169678632648E-1,0.E0));
#12918=DIRECTION('',(8.169678632648E-1,-5.766831975987E-1,0.E0));
#12919=AXIS2_PLACEMENT_3D('',#12916,#12917,#12918);
#12920=PLANE('',#12919);
#12921=ORIENTED_EDGE('',*,*,#11844,.F.);
#12922=ORIENTED_EDGE('',*,*,#12883,.T.);
#12924=ORIENTED_EDGE('',*,*,#12923,.T.);
#12926=ORIENTED_EDGE('',*,*,#12925,.F.);
#12927=EDGE_LOOP('',(#12921,#12922,#12924,#12926));
#12928=FACE_OUTER_BOUND('',#12927,.F.);
#12929=ADVANCED_FACE('',(#12928),#12920,.T.);
#12930=CARTESIAN_POINT('',(1.585E0,1.47E-1,-2.36E0));
#12931=DIRECTION('',(1.E0,0.E0,0.E0));
#12932=DIRECTION('',(0.E0,-1.E0,0.E0));
#12933=AXIS2_PLACEMENT_3D('',#12930,#12931,#12932);
#12934=PLANE('',#12933);
#12935=ORIENTED_EDGE('',*,*,#12891,.T.);
#12937=ORIENTED_EDGE('',*,*,#12936,.T.);
#12939=ORIENTED_EDGE('',*,*,#12938,.F.);
#12940=ORIENTED_EDGE('',*,*,#12923,.F.);
#12941=EDGE_LOOP('',(#12935,#12937,#12939,#12940));
#12942=FACE_OUTER_BOUND('',#12941,.F.);
#12943=ADVANCED_FACE('',(#12942),#12934,.T.);
#12944=CARTESIAN_POINT('',(1.585E0,6.E-2,-2.36E0));
#12945=DIRECTION('',(5.766831975987E-1,-8.169678632648E-1,0.E0));
#12946=DIRECTION('',(-8.169678632648E-1,-5.766831975987E-1,0.E0));
#12947=AXIS2_PLACEMENT_3D('',#12944,#12945,#12946);
#12948=PLANE('',#12947);
#12949=ORIENTED_EDGE('',*,*,#11264,.F.);
#12951=ORIENTED_EDGE('',*,*,#12950,.F.);
#12952=ORIENTED_EDGE('',*,*,#12936,.F.);
#12953=ORIENTED_EDGE('',*,*,#12889,.T.);
#12954=EDGE_LOOP('',(#12949,#12951,#12952,#12953));
#12955=FACE_OUTER_BOUND('',#12954,.F.);
#12956=ADVANCED_FACE('',(#12955),#12948,.T.);
#12957=CARTESIAN_POINT('',(-1.86E0,4.1E-1,-2.13E0));
#12958=DIRECTION('',(0.E0,0.E0,-1.E0));
#12959=DIRECTION('',(-1.E0,0.E0,0.E0));
#12960=AXIS2_PLACEMENT_3D('',#12957,#12958,#12959);
#12961=PLANE('',#12960);
#12963=ORIENTED_EDGE('',*,*,#12962,.F.);
#12965=ORIENTED_EDGE('',*,*,#12964,.T.);
#12967=ORIENTED_EDGE('',*,*,#12966,.T.);
#12969=ORIENTED_EDGE('',*,*,#12968,.T.);
#12970=EDGE_LOOP('',(#12963,#12965,#12967,#12969));
#12971=FACE_OUTER_BOUND('',#12970,.F.);
#12972=ADVANCED_FACE('',(#12971),#12961,.F.);
#12973=CARTESIAN_POINT('',(-1.86E0,4.1E-1,-2.13E0));
#12974=DIRECTION('',(0.E0,0.E0,-1.E0));
#12975=DIRECTION('',(-1.E0,0.E0,0.E0));
#12976=AXIS2_PLACEMENT_3D('',#12973,#12974,#12975);
#12977=PLANE('',#12976);
#12978=ORIENTED_EDGE('',*,*,#11846,.T.);
#12979=ORIENTED_EDGE('',*,*,#12925,.T.);
#12980=ORIENTED_EDGE('',*,*,#12938,.T.);
#12981=ORIENTED_EDGE('',*,*,#12950,.T.);
#12982=EDGE_LOOP('',(#12978,#12979,#12980,#12981));
#12983=FACE_OUTER_BOUND('',#12982,.F.);
#12984=ADVANCED_FACE('',(#12983),#12977,.F.);
#12985=CARTESIAN_POINT('',(-1.5E0,4.1E-1,-5.6E-1));
#12986=DIRECTION('',(1.E0,0.E0,0.E0));
#12987=DIRECTION('',(0.E0,0.E0,-1.E0));
#12988=AXIS2_PLACEMENT_3D('',#12985,#12986,#12987);
#12989=PLANE('',#12988);
#12990=ORIENTED_EDGE('',*,*,#11190,.F.);
#12991=ORIENTED_EDGE('',*,*,#11236,.F.);
#12993=ORIENTED_EDGE('',*,*,#12992,.T.);
#12995=ORIENTED_EDGE('',*,*,#12994,.T.);
#12997=ORIENTED_EDGE('',*,*,#12996,.T.);
#12998=ORIENTED_EDGE('',*,*,#11228,.T.);
#12999=ORIENTED_EDGE('',*,*,#12962,.T.);
#13001=ORIENTED_EDGE('',*,*,#13000,.F.);
#13002=ORIENTED_EDGE('',*,*,#12901,.T.);
#13003=ORIENTED_EDGE('',*,*,#11751,.T.);
#13004=ORIENTED_EDGE('',*,*,#11174,.T.);
#13005=EDGE_LOOP('',(#12990,#12991,#12993,#12995,#12997,#12998,#12999,#13001,
#13002,#13003,#13004));
#13006=FACE_OUTER_BOUND('',#13005,.F.);
#13007=ADVANCED_FACE('',(#13006),#12989,.F.);
#13008=CARTESIAN_POINT('',(-1.5E0,0.E0,-3.8E-1));
#13009=DIRECTION('',(0.E0,7.071067811865E-1,-7.071067811865E-1));
#13010=DIRECTION('',(0.E0,-7.071067811865E-1,-7.071067811865E-1));
#13011=AXIS2_PLACEMENT_3D('',#13008,#13009,#13010);
#13012=PLANE('',#13011);
#13013=ORIENTED_EDGE('',*,*,#11234,.F.);
#13015=ORIENTED_EDGE('',*,*,#13014,.T.);
#13017=ORIENTED_EDGE('',*,*,#13016,.F.);
#13018=ORIENTED_EDGE('',*,*,#12992,.F.);
#13019=EDGE_LOOP('',(#13013,#13015,#13017,#13018));
#13020=FACE_OUTER_BOUND('',#13019,.F.);
#13021=ADVANCED_FACE('',(#13020),#13012,.F.);
#13022=CARTESIAN_POINT('',(-1.25E0,4.1E-1,0.E0));
#13023=DIRECTION('',(1.E0,0.E0,0.E0));
#13024=DIRECTION('',(0.E0,0.E0,-1.E0));
#13025=AXIS2_PLACEMENT_3D('',#13022,#13023,#13024);
#13026=PLANE('',#13025);
#13027=ORIENTED_EDGE('',*,*,#11232,.T.);
#13029=ORIENTED_EDGE('',*,*,#13028,.F.);
#13031=ORIENTED_EDGE('',*,*,#13030,.F.);
#13032=ORIENTED_EDGE('',*,*,#13014,.F.);
#13033=EDGE_LOOP('',(#13027,#13029,#13031,#13032));
#13034=FACE_OUTER_BOUND('',#13033,.F.);
#13035=ADVANCED_FACE('',(#13034),#13026,.T.);
#13036=CARTESIAN_POINT('',(-1.5E0,-2.E-1,-6.6E-1));
#13037=DIRECTION('',(0.E0,3.713906763541E-1,9.284766908853E-1));
#13038=DIRECTION('',(0.E0,9.284766908853E-1,-3.713906763541E-1));
#13039=AXIS2_PLACEMENT_3D('',#13036,#13037,#13038);
#13040=PLANE('',#13039);
#13041=ORIENTED_EDGE('',*,*,#11230,.T.);
#13042=ORIENTED_EDGE('',*,*,#12996,.F.);
#13044=ORIENTED_EDGE('',*,*,#13043,.T.);
#13045=ORIENTED_EDGE('',*,*,#13028,.T.);
#13046=EDGE_LOOP('',(#13041,#13042,#13044,#13045));
#13047=FACE_OUTER_BOUND('',#13046,.F.);
#13048=ADVANCED_FACE('',(#13047),#13040,.F.);
#13049=CARTESIAN_POINT('',(-1.5E0,-2.E-1,-5.8E-1));
#13050=DIRECTION('',(0.E0,1.E0,0.E0));
#13051=DIRECTION('',(0.E0,0.E0,-1.E0));
#13052=AXIS2_PLACEMENT_3D('',#13049,#13050,#13051);
#13053=PLANE('',#13052);
#13054=ORIENTED_EDGE('',*,*,#12994,.F.);
#13055=ORIENTED_EDGE('',*,*,#13016,.T.);
#13056=ORIENTED_EDGE('',*,*,#13030,.T.);
#13057=ORIENTED_EDGE('',*,*,#13043,.F.);
#13058=EDGE_LOOP('',(#13054,#13055,#13056,#13057));
#13059=FACE_OUTER_BOUND('',#13058,.F.);
#13060=ADVANCED_FACE('',(#13059),#13053,.F.);
#13061=CARTESIAN_POINT('',(-1.585E0,1.4E-1,-2.36E0));
#13062=DIRECTION('',(-5.766831975987E-1,8.169678632648E-1,0.E0));
#13063=DIRECTION('',(8.169678632648E-1,5.766831975987E-1,0.E0));
#13064=AXIS2_PLACEMENT_3D('',#13061,#13062,#13063);
#13065=PLANE('',#13064);
#13066=ORIENTED_EDGE('',*,*,#13000,.T.);
#13067=ORIENTED_EDGE('',*,*,#12968,.F.);
#13069=ORIENTED_EDGE('',*,*,#13068,.F.);
#13070=ORIENTED_EDGE('',*,*,#12903,.T.);
#13071=EDGE_LOOP('',(#13066,#13067,#13069,#13070));
#13072=FACE_OUTER_BOUND('',#13071,.F.);
#13073=ADVANCED_FACE('',(#13072),#13065,.T.);
#13074=CARTESIAN_POINT('',(-1.585E0,6.E-2,-2.36E0));
#13075=DIRECTION('',(-1.E0,0.E0,0.E0));
#13076=DIRECTION('',(0.E0,1.E0,0.E0));
#13077=AXIS2_PLACEMENT_3D('',#13074,#13075,#13076);
#13078=PLANE('',#13077);
#13079=ORIENTED_EDGE('',*,*,#12905,.T.);
#13080=ORIENTED_EDGE('',*,*,#13068,.T.);
#13081=ORIENTED_EDGE('',*,*,#12966,.F.);
#13083=ORIENTED_EDGE('',*,*,#13082,.F.);
#13084=EDGE_LOOP('',(#13079,#13080,#13081,#13083));
#13085=FACE_OUTER_BOUND('',#13084,.F.);
#13086=ADVANCED_FACE('',(#13085),#13078,.T.);
#13087=CARTESIAN_POINT('',(-1.5E0,0.E0,-2.36E0));
#13088=DIRECTION('',(-5.766831975987E-1,-8.169678632648E-1,0.E0));
#13089=DIRECTION('',(-8.169678632648E-1,5.766831975987E-1,0.E0));
#13090=AXIS2_PLACEMENT_3D('',#13087,#13088,#13089);
#13091=PLANE('',#13090);
#13092=ORIENTED_EDGE('',*,*,#11226,.T.);
#13093=ORIENTED_EDGE('',*,*,#12907,.T.);
#13094=ORIENTED_EDGE('',*,*,#13082,.T.);
#13095=ORIENTED_EDGE('',*,*,#12964,.F.);
#13096=EDGE_LOOP('',(#13092,#13093,#13094,#13095));
#13097=FACE_OUTER_BOUND('',#13096,.F.);
#13098=ADVANCED_FACE('',(#13097),#13091,.T.);
#13099=CARTESIAN_POINT('',(-1.25E0,4.1E-1,-2.36E0));
#13100=DIRECTION('',(-1.E0,0.E0,0.E0));
#13101=DIRECTION('',(0.E0,0.E0,1.E0));
#13102=AXIS2_PLACEMENT_3D('',#13099,#13100,#13101);
#13103=PLANE('',#13102);
#13104=ORIENTED_EDGE('',*,*,#11222,.T.);
#13106=ORIENTED_EDGE('',*,*,#13105,.F.);
#13107=ORIENTED_EDGE('',*,*,#11755,.F.);
#13108=ORIENTED_EDGE('',*,*,#12910,.T.);
#13109=EDGE_LOOP('',(#13104,#13106,#13107,#13108));
#13110=FACE_OUTER_BOUND('',#13109,.F.);
#13111=ADVANCED_FACE('',(#13110),#13103,.F.);
#13112=CARTESIAN_POINT('',(-1.2E0,4.1E-1,-1.61E0));
#13113=DIRECTION('',(0.E0,1.E0,0.E0));
#13114=DIRECTION('',(0.E0,0.E0,-1.E0));
#13115=AXIS2_PLACEMENT_3D('',#13112,#13113,#13114);
#13116=CYLINDRICAL_SURFACE('',#13115,5.E-2);
#13117=ORIENTED_EDGE('',*,*,#11220,.T.);
#13118=ORIENTED_EDGE('',*,*,#12176,.F.);
#13119=ORIENTED_EDGE('',*,*,#11757,.F.);
#13120=ORIENTED_EDGE('',*,*,#13105,.T.);
#13121=EDGE_LOOP('',(#13117,#13118,#13119,#13120));
#13122=FACE_OUTER_BOUND('',#13121,.F.);
#13123=ADVANCED_FACE('',(#13122),#13116,.F.);
#13124=CARTESIAN_POINT('',(-1.E0,3.5E-1,-2.56E0));
#13125=DIRECTION('',(-7.071067811865E-1,0.E0,-7.071067811865E-1));
#13126=DIRECTION('',(0.E0,-1.E0,0.E0));
#13127=AXIS2_PLACEMENT_3D('',#13124,#13125,#13126);
#13128=PLANE('',#13127);
#13129=ORIENTED_EDGE('',*,*,#11763,.T.);
#13131=ORIENTED_EDGE('',*,*,#13130,.F.);
#13132=ORIENTED_EDGE('',*,*,#12239,.T.);
#13133=ORIENTED_EDGE('',*,*,#11668,.T.);
#13134=EDGE_LOOP('',(#13129,#13131,#13132,#13133));
#13135=FACE_OUTER_BOUND('',#13134,.F.);
#13136=ADVANCED_FACE('',(#13135),#13128,.T.);
#13137=CARTESIAN_POINT('',(-1.1E0,4.1E-1,-1.56E0));
#13138=DIRECTION('',(1.E0,0.E0,0.E0));
#13139=DIRECTION('',(0.E0,0.E0,-1.E0));
#13140=AXIS2_PLACEMENT_3D('',#13137,#13138,#13139);
#13141=PLANE('',#13140);
#13142=ORIENTED_EDGE('',*,*,#13130,.T.);
#13143=ORIENTED_EDGE('',*,*,#11761,.T.);
#13144=ORIENTED_EDGE('',*,*,#12173,.T.);
#13145=ORIENTED_EDGE('',*,*,#12241,.F.);
#13146=EDGE_LOOP('',(#13142,#13143,#13144,#13145));
#13147=FACE_OUTER_BOUND('',#13146,.F.);
#13148=ADVANCED_FACE('',(#13147),#13141,.F.);
#13149=CARTESIAN_POINT('',(-8.8E-1,4.1E-1,-6.9E-1));
#13150=DIRECTION('',(0.E0,0.E0,-1.E0));
#13151=DIRECTION('',(0.E0,-1.E0,0.E0));
#13152=AXIS2_PLACEMENT_3D('',#13149,#13150,#13151);
#13153=PLANE('',#13152);
#13154=ORIENTED_EDGE('',*,*,#11738,.F.);
#13155=ORIENTED_EDGE('',*,*,#11639,.T.);
#13156=ORIENTED_EDGE('',*,*,#12245,.F.);
#13157=ORIENTED_EDGE('',*,*,#12141,.F.);
#13158=EDGE_LOOP('',(#13154,#13155,#13156,#13157));
#13159=FACE_OUTER_BOUND('',#13158,.F.);
#13160=ADVANCED_FACE('',(#13159),#13153,.F.);
#13161=CARTESIAN_POINT('',(-8.8E-1,3.E-2,-3.6E-1));
#13162=DIRECTION('',(-1.E0,0.E0,0.E0));
#13163=DIRECTION('',(0.E0,0.E0,1.E0));
#13164=AXIS2_PLACEMENT_3D('',#13161,#13162,#13163);
#13165=CYLINDRICAL_SURFACE('',#13164,3.E-2);
#13166=ORIENTED_EDGE('',*,*,#11214,.T.);
#13167=ORIENTED_EDGE('',*,*,#11624,.F.);
#13169=ORIENTED_EDGE('',*,*,#13168,.F.);
#13170=ORIENTED_EDGE('',*,*,#12159,.F.);
#13171=EDGE_LOOP('',(#13166,#13167,#13169,#13170));
#13172=FACE_OUTER_BOUND('',#13171,.F.);
#13173=ADVANCED_FACE('',(#13172),#13165,.T.);
#13174=CARTESIAN_POINT('',(-8.8E-1,3.E-2,-3.9E-1));
#13175=DIRECTION('',(0.E0,0.E0,1.E0));
#13176=DIRECTION('',(0.E0,1.E0,0.E0));
#13177=AXIS2_PLACEMENT_3D('',#13174,#13175,#13176);
#13178=PLANE('',#13177);
#13179=ORIENTED_EDGE('',*,*,#11651,.F.);
#13181=ORIENTED_EDGE('',*,*,#13180,.F.);
#13182=ORIENTED_EDGE('',*,*,#12131,.T.);
#13183=ORIENTED_EDGE('',*,*,#13168,.T.);
#13184=EDGE_LOOP('',(#13179,#13181,#13182,#13183));
#13185=FACE_OUTER_BOUND('',#13184,.F.);
#13186=ADVANCED_FACE('',(#13185),#13178,.F.);
#13187=CARTESIAN_POINT('',(-8.8E-1,8.E-2,-3.2E-1));
#13188=DIRECTION('',(-1.E0,0.E0,0.E0));
#13189=DIRECTION('',(0.E0,0.E0,1.E0));
#13190=AXIS2_PLACEMENT_3D('',#13187,#13188,#13189);
#13191=CYLINDRICAL_SURFACE('',#13190,7.E-2);
#13192=ORIENTED_EDGE('',*,*,#11649,.F.);
#13194=ORIENTED_EDGE('',*,*,#13193,.F.);
#13195=ORIENTED_EDGE('',*,*,#12133,.T.);
#13196=ORIENTED_EDGE('',*,*,#13180,.T.);
#13197=EDGE_LOOP('',(#13192,#13194,#13195,#13196));
#13198=FACE_OUTER_BOUND('',#13197,.F.);
#13199=ADVANCED_FACE('',(#13198),#13191,.T.);
#13200=CARTESIAN_POINT('',(-8.8E-1,1.5E-1,-3.2E-1));
#13201=DIRECTION('',(0.E0,-1.E0,0.E0));
#13202=DIRECTION('',(0.E0,0.E0,1.E0));
#13203=AXIS2_PLACEMENT_3D('',#13200,#13201,#13202);
#13204=PLANE('',#13203);
#13205=ORIENTED_EDGE('',*,*,#11647,.F.);
#13207=ORIENTED_EDGE('',*,*,#13206,.F.);
#13208=ORIENTED_EDGE('',*,*,#12135,.T.);
#13209=ORIENTED_EDGE('',*,*,#13193,.T.);
#13210=EDGE_LOOP('',(#13205,#13207,#13208,#13209));
#13211=FACE_OUTER_BOUND('',#13210,.F.);
#13212=ADVANCED_FACE('',(#13211),#13204,.F.);
#13213=CARTESIAN_POINT('',(-8.8E-1,8.E-2,-1.3E-1));
#13214=DIRECTION('',(-1.E0,0.E0,0.E0));
#13215=DIRECTION('',(0.E0,0.E0,1.E0));
#13216=AXIS2_PLACEMENT_3D('',#13213,#13214,#13215);
#13217=CYLINDRICAL_SURFACE('',#13216,7.E-2);
#13218=ORIENTED_EDGE('',*,*,#12089,.T.);
#13219=ORIENTED_EDGE('',*,*,#12137,.T.);
#13220=ORIENTED_EDGE('',*,*,#13206,.T.);
#13221=ORIENTED_EDGE('',*,*,#11645,.F.);
#13222=EDGE_LOOP('',(#13218,#13219,#13220,#13221));
#13223=FACE_OUTER_BOUND('',#13222,.F.);
#13224=ADVANCED_FACE('',(#13223),#13217,.T.);
#13225=CARTESIAN_POINT('',(6.2E-1,8.E-2,-1.3E-1));
#13226=DIRECTION('',(-1.E0,0.E0,0.E0));
#13227=DIRECTION('',(0.E0,0.E0,1.E0));
#13228=AXIS2_PLACEMENT_3D('',#13225,#13226,#13227);
#13229=CYLINDRICAL_SURFACE('',#13228,7.E-2);
#13230=ORIENTED_EDGE('',*,*,#12107,.T.);
#13231=ORIENTED_EDGE('',*,*,#11413,.F.);
#13233=ORIENTED_EDGE('',*,*,#13232,.F.);
#13234=ORIENTED_EDGE('',*,*,#11491,.T.);
#13235=EDGE_LOOP('',(#13230,#13231,#13233,#13234));
#13236=FACE_OUTER_BOUND('',#13235,.F.);
#13237=ADVANCED_FACE('',(#13236),#13229,.T.);
#13238=CARTESIAN_POINT('',(6.2E-1,1.5E-1,-3.2E-1));
#13239=DIRECTION('',(0.E0,-1.E0,0.E0));
#13240=DIRECTION('',(0.E0,0.E0,1.E0));
#13241=AXIS2_PLACEMENT_3D('',#13238,#13239,#13240);
#13242=PLANE('',#13241);
#13243=ORIENTED_EDGE('',*,*,#11493,.T.);
#13244=ORIENTED_EDGE('',*,*,#13232,.T.);
#13245=ORIENTED_EDGE('',*,*,#11411,.F.);
#13247=ORIENTED_EDGE('',*,*,#13246,.F.);
#13248=EDGE_LOOP('',(#13243,#13244,#13245,#13247));
#13249=FACE_OUTER_BOUND('',#13248,.F.);
#13250=ADVANCED_FACE('',(#13249),#13242,.F.);
#13251=CARTESIAN_POINT('',(6.2E-1,8.E-2,-3.2E-1));
#13252=DIRECTION('',(-1.E0,0.E0,0.E0));
#13253=DIRECTION('',(0.E0,0.E0,1.E0));
#13254=AXIS2_PLACEMENT_3D('',#13251,#13252,#13253);
#13255=CYLINDRICAL_SURFACE('',#13254,7.E-2);
#13256=ORIENTED_EDGE('',*,*,#11495,.T.);
#13257=ORIENTED_EDGE('',*,*,#13246,.T.);
#13258=ORIENTED_EDGE('',*,*,#11409,.F.);
#13260=ORIENTED_EDGE('',*,*,#13259,.F.);
#13261=EDGE_LOOP('',(#13256,#13257,#13258,#13260));
#13262=FACE_OUTER_BOUND('',#13261,.F.);
#13263=ADVANCED_FACE('',(#13262),#13255,.T.);
#13264=CARTESIAN_POINT('',(6.2E-1,3.E-2,-3.9E-1));
#13265=DIRECTION('',(0.E0,0.E0,1.E0));
#13266=DIRECTION('',(0.E0,1.E0,0.E0));
#13267=AXIS2_PLACEMENT_3D('',#13264,#13265,#13266);
#13268=PLANE('',#13267);
#13269=ORIENTED_EDGE('',*,*,#11497,.T.);
#13270=ORIENTED_EDGE('',*,*,#13259,.T.);
#13271=ORIENTED_EDGE('',*,*,#11407,.F.);
#13272=ORIENTED_EDGE('',*,*,#11448,.F.);
#13273=EDGE_LOOP('',(#13269,#13270,#13271,#13272));
#13274=FACE_OUTER_BOUND('',#13273,.F.);
#13275=ADVANCED_FACE('',(#13274),#13268,.F.);
#13276=CLOSED_SHELL('',(#11133,#11148,#11164,#11182,#11196,#11298,#11313,#11327,
#11341,#11355,#11369,#11384,#11399,#11426,#11439,#11453,#11467,#11504,#11520,
#11535,#11550,#11586,#11600,#11614,#11628,#11658,#11675,#11694,#11793,#11807,
#11824,#11850,#11864,#11878,#11891,#11903,#11916,#11934,#11948,#11962,#11981,
#11995,#12013,#12026,#12039,#12054,#12068,#12080,#12123,#12149,#12163,#12181,
#12212,#12233,#12251,#12264,#12287,#12300,#12314,#12327,#12340,#12353,#12365,
#12377,#12400,#12414,#12436,#12448,#12461,#12474,#12486,#12498,#12511,#12534,
#12546,#12561,#12575,#12589,#12602,#12614,#12627,#12640,#12658,#12672,#12695,
#12708,#12736,#12750,#12763,#12775,#12788,#12801,#12814,#12827,#12839,#12851,
#12864,#12877,#12895,#12915,#12929,#12943,#12956,#12972,#12984,#13007,#13021,
#13035,#13048,#13060,#13073,#13086,#13098,#13111,#13123,#13136,#13148,#13160,
#13173,#13186,#13199,#13212,#13224,#13237,#13250,#13263,#13275));
#13277=MANIFOLD_SOLID_BREP('',#13276);
#13278=(LENGTH_UNIT()NAMED_UNIT(*)SI_UNIT(.MILLI.,.METRE.));
#13279=DIMENSIONAL_EXPONENTS(0.E0,0.E0,0.E0,0.E0,0.E0,0.E0,0.E0);
#13280=(NAMED_UNIT(*)PLANE_ANGLE_UNIT()SI_UNIT($,.RADIAN.));
#13281=PLANE_ANGLE_MEASURE_WITH_UNIT(PLANE_ANGLE_MEASURE(1.745329251994E-2),
#13280);
#13282=(CONVERSION_BASED_UNIT('DEGREE',#13281)NAMED_UNIT(#13279)PLANE_ANGLE_UNIT());
#13283=(NAMED_UNIT(*)SI_UNIT($,.STERADIAN.)SOLID_ANGLE_UNIT());
#13284=UNCERTAINTY_MEASURE_WITH_UNIT(LENGTH_MEASURE(4.613501614399E-4),#13278,
'closure',
'Maximum model space distance between geometric entities at asserted connectivities');
#13285=(GEOMETRIC_REPRESENTATION_CONTEXT(3)GLOBAL_UNCERTAINTY_ASSIGNED_CONTEXT((
#13284))GLOBAL_UNIT_ASSIGNED_CONTEXT((#13278,#13282,#13283))REPRESENTATION_CONTEXT('ID3','3'));
#13286=CARTESIAN_POINT('',(0.E0,0.E0,0.E0));
#13287=DIRECTION('',(0.E0,0.E0,1.E0));
#13288=DIRECTION('',(1.E0,0.E0,0.E0));
#13291=DESIGN_CONTEXT('',#7623,'design');
#13292=MECHANICAL_CONTEXT('',#7623,'mechanical');
#13293=PRODUCT('ACT_U5P','ACT_U5P','NOT SPECIFIED',(#13292));
#13294=PRODUCT_DEFINITION_FORMATION_WITH_SPECIFIED_SOURCE('20','LAST_VERSION',
#13293,.MADE.);
#13300=CARTESIAN_POINT('',(0.E0,4.7E-1,8.4E-1));
#13301=DIRECTION('',(0.E0,0.E0,-1.E0));
#13302=DIRECTION('',(-1.E0,0.E0,0.E0));
#13303=AXIS2_PLACEMENT_3D('',#13300,#13301,#13302);
#13304=ITEM_DEFINED_TRANSFORMATION('','',#13289,#13303);
#13305=(REPRESENTATION_RELATIONSHIP('','',#13290,#7634)REPRESENTATION_RELATIONSHIP_WITH_TRANSFORMATION(#13304)SHAPE_REPRESENTATION_RELATIONSHIP());
#13306=CONTEXT_DEPENDENT_SHAPE_REPRESENTATION(#13305,#13299);
#13308=DIRECTION('',(0.E0,0.E0,-1.E0));
#13309=VECTOR('',#13308,1.5E-1);
#13310=CARTESIAN_POINT('',(3.E-1,1.E-1,1.5E-1));
#13311=LINE('',#13310,#13309);
#13312=DIRECTION('',(0.E0,0.E0,1.E0));
#13313=VECTOR('',#13312,1.5E-1);
#13314=CARTESIAN_POINT('',(3.E-1,3.E-1,0.E0));
#13315=LINE('',#13314,#13313);
#13316=CARTESIAN_POINT('',(2.E-1,1.E-1,0.E0));
#13317=DIRECTION('',(0.E0,0.E0,-1.E0));
#13318=DIRECTION('',(1.E0,0.E0,0.E0));
#13319=AXIS2_PLACEMENT_3D('',#13316,#13317,#13318);
#13321=DIRECTION('',(0.E0,1.E0,0.E0));
#13322=VECTOR('',#13321,2.E-1);
#13323=CARTESIAN_POINT('',(3.E-1,1.E-1,0.E0));
#13324=LINE('',#13323,#13322);
#13325=DIRECTION('',(1.E0,0.E0,0.E0));
#13326=VECTOR('',#13325,1.E-1);
#13327=CARTESIAN_POINT('',(3.5E-1,3.5E-1,0.E0));
#13328=LINE('',#13327,#13326);
#13329=DIRECTION('',(-7.071067811865E-1,-7.071067811865E-1,0.E0));
#13330=VECTOR('',#13329,7.071067811865E-2);
#13331=CARTESIAN_POINT('',(5.E-1,4.E-1,0.E0));
#13332=LINE('',#13331,#13330);
#13333=DIRECTION('',(0.E0,1.E0,0.E0));
#13334=VECTOR('',#13333,1.E-1);
#13335=CARTESIAN_POINT('',(5.E-1,4.E-1,0.E0));
#13336=LINE('',#13335,#13334);
#13337=DIRECTION('',(1.483404529302E-1,9.889363528683E-1,0.E0));
#13338=VECTOR('',#13337,2.022374841616E-1);
#13339=CARTESIAN_POINT('',(5.E-1,5.E-1,0.E0));
#13340=LINE('',#13339,#13338);
#13341=DIRECTION('',(-1.E0,0.E0,0.E0));
#13342=VECTOR('',#13341,3.E-2);
#13343=CARTESIAN_POINT('',(5.3E-1,7.E-1,0.E0));
#13344=LINE('',#13343,#13342);
#13345=DIRECTION('',(0.E0,1.E0,0.E0));
#13346=VECTOR('',#13345,2.E-1);
#13347=CARTESIAN_POINT('',(5.E-1,7.E-1,0.E0));
#13348=LINE('',#13347,#13346);
#13349=DIRECTION('',(-1.E0,0.E0,0.E0));
#13350=VECTOR('',#13349,1.845299461621E-1);
#13351=CARTESIAN_POINT('',(5.E-1,9.E-1,0.E0));
#13352=LINE('',#13351,#13350);
#13353=DIRECTION('',(-5.E-1,-8.660254037844E-1,0.E0));
#13354=VECTOR('',#13353,1.443375672974E-1);
#13355=CARTESIAN_POINT('',(3.154700538379E-1,9.E-1,0.E0));
#13356=LINE('',#13355,#13354);
#13357=CARTESIAN_POINT('',(2.E-1,8.E-1,0.E0));
#13358=DIRECTION('',(0.E0,0.E0,-1.E0));
#13359=DIRECTION('',(8.660254037844E-1,-5.E-1,0.E0));
#13360=AXIS2_PLACEMENT_3D('',#13357,#13358,#13359);
#13362=DIRECTION('',(0.E0,1.E0,0.E0));
#13363=VECTOR('',#13362,1.5E-2);
#13364=CARTESIAN_POINT('',(1.5E-1,8.E-1,0.E0));
#13365=LINE('',#13364,#13363);
#13366=DIRECTION('',(1.E0,0.E0,0.E0));
#13367=VECTOR('',#13366,3.E-1);
#13368=CARTESIAN_POINT('',(-1.5E-1,8.15E-1,0.E0));
#13369=LINE('',#13368,#13367);
#13370=DIRECTION('',(0.E0,-1.E0,0.E0));
#13371=VECTOR('',#13370,1.5E-2);
#13372=CARTESIAN_POINT('',(-1.5E-1,8.15E-1,0.E0));
#13373=LINE('',#13372,#13371);
#13374=CARTESIAN_POINT('',(-2.E-1,8.E-1,0.E0));
#13375=DIRECTION('',(0.E0,0.E0,-1.E0));
#13376=DIRECTION('',(1.E0,0.E0,0.E0));
#13377=AXIS2_PLACEMENT_3D('',#13374,#13375,#13376);
#13379=DIRECTION('',(-5.E-1,8.660254037844E-1,0.E0));
#13380=VECTOR('',#13379,1.443375672974E-1);
#13381=CARTESIAN_POINT('',(-2.433012701892E-1,7.75E-1,0.E0));
#13382=LINE('',#13381,#13380);
#13383=DIRECTION('',(-1.E0,0.E0,0.E0));
#13384=VECTOR('',#13383,1.845299461621E-1);
#13385=CARTESIAN_POINT('',(-3.154700538379E-1,9.E-1,0.E0));
#13386=LINE('',#13385,#13384);
#13387=DIRECTION('',(0.E0,-1.E0,0.E0));
#13388=VECTOR('',#13387,2.E-1);
#13389=CARTESIAN_POINT('',(-5.E-1,9.E-1,0.E0));
#13390=LINE('',#13389,#13388);
#13391=DIRECTION('',(-1.E0,0.E0,0.E0));
#13392=VECTOR('',#13391,3.E-2);
#13393=CARTESIAN_POINT('',(-5.E-1,7.E-1,0.E0));
#13394=LINE('',#13393,#13392);
#13395=DIRECTION('',(1.483404529303E-1,-9.889363528683E-1,0.E0));
#13396=VECTOR('',#13395,2.022374841616E-1);
#13397=CARTESIAN_POINT('',(-5.3E-1,7.E-1,0.E0));
#13398=LINE('',#13397,#13396);
#13399=DIRECTION('',(0.E0,-1.E0,0.E0));
#13400=VECTOR('',#13399,1.E-1);
#13401=CARTESIAN_POINT('',(-5.E-1,5.E-1,0.E0));
#13402=LINE('',#13401,#13400);
#13403=DIRECTION('',(-7.071067811865E-1,7.071067811865E-1,0.E0));
#13404=VECTOR('',#13403,7.071067811865E-2);
#13405=CARTESIAN_POINT('',(-4.5E-1,3.5E-1,0.E0));
#13406=LINE('',#13405,#13404);
#13407=DIRECTION('',(1.E0,0.E0,0.E0));
#13408=VECTOR('',#13407,1.E-1);
#13409=CARTESIAN_POINT('',(-4.5E-1,3.5E-1,0.E0));
#13410=LINE('',#13409,#13408);
#13411=DIRECTION('',(0.E0,-1.E0,0.E0));
#13412=VECTOR('',#13411,2.E-1);
#13413=CARTESIAN_POINT('',(-3.E-1,3.E-1,0.E0));
#13414=LINE('',#13413,#13412);
#13415=CARTESIAN_POINT('',(-2.E-1,1.E-1,0.E0));
#13416=DIRECTION('',(0.E0,0.E0,-1.E0));
#13417=DIRECTION('',(0.E0,-1.E0,0.E0));
#13418=AXIS2_PLACEMENT_3D('',#13415,#13416,#13417);
#13420=DIRECTION('',(1.E0,0.E0,0.E0));
#13421=VECTOR('',#13420,4.E-1);
#13422=CARTESIAN_POINT('',(-2.E-1,0.E0,0.E0));
#13423=LINE('',#13422,#13421);
#13424=CARTESIAN_POINT('',(3.5E-1,3.E-1,0.E0));
#13425=DIRECTION('',(0.E0,0.E0,1.E0));
#13426=DIRECTION('',(0.E0,1.E0,0.E0));
#13427=AXIS2_PLACEMENT_3D('',#13424,#13425,#13426);
#13429=CARTESIAN_POINT('',(3.5E-1,3.E-1,1.5E-1));
#13430=DIRECTION('',(0.E0,0.E0,-1.E0));
#13431=DIRECTION('',(-1.E0,0.E0,0.E0));
#13432=AXIS2_PLACEMENT_3D('',#13429,#13430,#13431);
#13434=DIRECTION('',(0.E0,0.E0,-1.E0));
#13435=VECTOR('',#13434,1.5E-1);
#13436=CARTESIAN_POINT('',(4.5E-1,3.5E-1,1.5E-1));
#13437=LINE('',#13436,#13435);
#13438=DIRECTION('',(0.E0,0.E0,1.E0));
#13439=VECTOR('',#13438,1.5E-1);
#13440=CARTESIAN_POINT('',(3.5E-1,3.5E-1,0.E0));
#13441=LINE('',#13440,#13439);
#13442=CARTESIAN_POINT('',(2.E-1,1.E-1,1.5E-1));
#13443=DIRECTION('',(0.E0,0.E0,1.E0));
#13444=DIRECTION('',(0.E0,-1.E0,0.E0));
#13445=AXIS2_PLACEMENT_3D('',#13442,#13443,#13444);
#13447=DIRECTION('',(1.E0,0.E0,0.E0));
#13448=VECTOR('',#13447,4.E-1);
#13449=CARTESIAN_POINT('',(-2.E-1,0.E0,1.5E-1));
#13450=LINE('',#13449,#13448);
#13451=CARTESIAN_POINT('',(-2.E-1,1.E-1,1.5E-1));
#13452=DIRECTION('',(0.E0,0.E0,1.E0));
#13453=DIRECTION('',(-1.E0,0.E0,0.E0));
#13454=AXIS2_PLACEMENT_3D('',#13451,#13452,#13453);
#13456=DIRECTION('',(0.E0,-1.E0,0.E0));
#13457=VECTOR('',#13456,2.E-1);
#13458=CARTESIAN_POINT('',(-3.E-1,3.E-1,1.5E-1));
#13459=LINE('',#13458,#13457);
#13460=DIRECTION('',(1.E0,0.E0,0.E0));
#13461=VECTOR('',#13460,1.E-1);
#13462=CARTESIAN_POINT('',(-4.5E-1,3.5E-1,1.5E-1));
#13463=LINE('',#13462,#13461);
#13464=DIRECTION('',(7.071067811865E-1,-7.071067811865E-1,0.E0));
#13465=VECTOR('',#13464,7.071067811865E-2);
#13466=CARTESIAN_POINT('',(-5.E-1,4.E-1,1.5E-1));
#13467=LINE('',#13466,#13465);
#13468=DIRECTION('',(0.E0,-1.E0,0.E0));
#13469=VECTOR('',#13468,1.E-1);
#13470=CARTESIAN_POINT('',(-5.E-1,5.E-1,1.5E-1));
#13471=LINE('',#13470,#13469);
#13472=DIRECTION('',(1.483404529303E-1,-9.889363528683E-1,0.E0));
#13473=VECTOR('',#13472,2.022374841616E-1);
#13474=CARTESIAN_POINT('',(-5.3E-1,7.E-1,1.5E-1));
#13475=LINE('',#13474,#13473);
#13476=DIRECTION('',(-1.E0,0.E0,0.E0));
#13477=VECTOR('',#13476,3.E-2);
#13478=CARTESIAN_POINT('',(-5.E-1,7.E-1,1.5E-1));
#13479=LINE('',#13478,#13477);
#13480=DIRECTION('',(0.E0,-1.E0,0.E0));
#13481=VECTOR('',#13480,2.E-1);
#13482=CARTESIAN_POINT('',(-5.E-1,9.E-1,1.5E-1));
#13483=LINE('',#13482,#13481);
#13484=DIRECTION('',(-1.E0,0.E0,0.E0));
#13485=VECTOR('',#13484,1.845299461621E-1);
#13486=CARTESIAN_POINT('',(-3.154700538379E-1,9.E-1,1.5E-1));
#13487=LINE('',#13486,#13485);
#13488=DIRECTION('',(-5.E-1,8.660254037844E-1,0.E0));
#13489=VECTOR('',#13488,1.443375672974E-1);
#13490=CARTESIAN_POINT('',(-2.433012701892E-1,7.75E-1,1.5E-1));
#13491=LINE('',#13490,#13489);
#13492=CARTESIAN_POINT('',(-2.E-1,8.E-1,1.5E-1));
#13493=DIRECTION('',(0.E0,0.E0,-1.E0));
#13494=DIRECTION('',(1.E0,0.E0,0.E0));
#13495=AXIS2_PLACEMENT_3D('',#13492,#13493,#13494);
#13497=DIRECTION('',(0.E0,-1.E0,0.E0));
#13498=VECTOR('',#13497,1.5E-2);
#13499=CARTESIAN_POINT('',(-1.5E-1,8.15E-1,1.5E-1));
#13500=LINE('',#13499,#13498);
#13501=DIRECTION('',(1.E0,0.E0,0.E0));
#13502=VECTOR('',#13501,3.E-1);
#13503=CARTESIAN_POINT('',(-1.5E-1,8.15E-1,1.5E-1));
#13504=LINE('',#13503,#13502);
#13505=DIRECTION('',(0.E0,1.E0,0.E0));
#13506=VECTOR('',#13505,1.5E-2);
#13507=CARTESIAN_POINT('',(1.5E-1,8.E-1,1.5E-1));
#13508=LINE('',#13507,#13506);
#13509=CARTESIAN_POINT('',(2.E-1,8.E-1,1.5E-1));
#13510=DIRECTION('',(0.E0,0.E0,-1.E0));
#13511=DIRECTION('',(8.660254037844E-1,-5.E-1,0.E0));
#13512=AXIS2_PLACEMENT_3D('',#13509,#13510,#13511);
#13514=DIRECTION('',(-5.E-1,-8.660254037844E-1,0.E0));
#13515=VECTOR('',#13514,1.443375672974E-1);
#13516=CARTESIAN_POINT('',(3.154700538379E-1,9.E-1,1.5E-1));
#13517=LINE('',#13516,#13515);
#13518=DIRECTION('',(-1.E0,0.E0,0.E0));
#13519=VECTOR('',#13518,1.845299461621E-1);
#13520=CARTESIAN_POINT('',(5.E-1,9.E-1,1.5E-1));
#13521=LINE('',#13520,#13519);
#13522=DIRECTION('',(0.E0,1.E0,0.E0));
#13523=VECTOR('',#13522,2.E-1);
#13524=CARTESIAN_POINT('',(5.E-1,7.E-1,1.5E-1));
#13525=LINE('',#13524,#13523);
#13526=DIRECTION('',(-1.E0,0.E0,0.E0));
#13527=VECTOR('',#13526,3.E-2);
#13528=CARTESIAN_POINT('',(5.3E-1,7.E-1,1.5E-1));
#13529=LINE('',#13528,#13527);
#13530=DIRECTION('',(1.483404529302E-1,9.889363528683E-1,0.E0));
#13531=VECTOR('',#13530,2.022374841616E-1);
#13532=CARTESIAN_POINT('',(5.E-1,5.E-1,1.5E-1));
#13533=LINE('',#13532,#13531);
#13534=DIRECTION('',(0.E0,1.E0,0.E0));
#13535=VECTOR('',#13534,1.E-1);
#13536=CARTESIAN_POINT('',(5.E-1,4.E-1,1.5E-1));
#13537=LINE('',#13536,#13535);
#13538=DIRECTION('',(7.071067811865E-1,7.071067811865E-1,0.E0));
#13539=VECTOR('',#13538,7.071067811865E-2);
#13540=CARTESIAN_POINT('',(4.5E-1,3.5E-1,1.5E-1));
#13541=LINE('',#13540,#13539);
#13542=DIRECTION('',(1.E0,0.E0,0.E0));
#13543=VECTOR('',#13542,1.E-1);
#13544=CARTESIAN_POINT('',(3.5E-1,3.5E-1,1.5E-1));
#13545=LINE('',#13544,#13543);
#13546=DIRECTION('',(0.E0,1.E0,0.E0));
#13547=VECTOR('',#13546,2.E-1);
#13548=CARTESIAN_POINT('',(3.E-1,1.E-1,1.5E-1));
#13549=LINE('',#13548,#13547);
#13550=DIRECTION('',(0.E0,0.E0,-1.E0));
#13551=VECTOR('',#13550,1.5E-1);
#13552=CARTESIAN_POINT('',(2.E-1,0.E0,1.5E-1));
#13553=LINE('',#13552,#13551);
#13554=DIRECTION('',(0.E0,0.E0,-1.E0));
#13555=VECTOR('',#13554,1.5E-1);
#13556=CARTESIAN_POINT('',(-2.E-1,0.E0,1.5E-1));
#13557=LINE('',#13556,#13555);
#13558=DIRECTION('',(0.E0,0.E0,-1.E0));
#13559=VECTOR('',#13558,1.5E-1);
#13560=CARTESIAN_POINT('',(-3.E-1,1.E-1,1.5E-1));
#13561=LINE('',#13560,#13559);
#13562=DIRECTION('',(0.E0,0.E0,1.E0));
#13563=VECTOR('',#13562,1.5E-1);
#13564=CARTESIAN_POINT('',(-3.E-1,3.E-1,0.E0));
#13565=LINE('',#13564,#13563);
#13566=CARTESIAN_POINT('',(-3.5E-1,3.E-1,0.E0));
#13567=DIRECTION('',(0.E0,0.E0,1.E0));
#13568=DIRECTION('',(1.E0,0.E0,0.E0));
#13569=AXIS2_PLACEMENT_3D('',#13566,#13567,#13568);
#13571=CARTESIAN_POINT('',(-3.5E-1,3.E-1,1.5E-1));
#13572=DIRECTION('',(0.E0,0.E0,-1.E0));
#13573=DIRECTION('',(0.E0,1.E0,0.E0));
#13574=AXIS2_PLACEMENT_3D('',#13571,#13572,#13573);
#13576=DIRECTION('',(0.E0,0.E0,-1.E0));
#13577=VECTOR('',#13576,1.5E-1);
#13578=CARTESIAN_POINT('',(-4.5E-1,3.5E-1,1.5E-1));
#13579=LINE('',#13578,#13577);
#13580=DIRECTION('',(0.E0,0.E0,1.E0));
#13581=VECTOR('',#13580,1.5E-1);
#13582=CARTESIAN_POINT('',(-3.5E-1,3.5E-1,0.E0));
#13583=LINE('',#13582,#13581);
#13584=DIRECTION('',(0.E0,0.E0,-1.E0));
#13585=VECTOR('',#13584,1.5E-1);
#13586=CARTESIAN_POINT('',(-5.E-1,4.E-1,1.5E-1));
#13587=LINE('',#13586,#13585);
#13588=DIRECTION('',(0.E0,0.E0,1.E0));
#13589=VECTOR('',#13588,1.5E-1);
#13590=CARTESIAN_POINT('',(-5.E-1,5.E-1,0.E0));
#13591=LINE('',#13590,#13589);
#13592=DIRECTION('',(0.E0,0.E0,1.E0));
#13593=VECTOR('',#13592,1.5E-1);
#13594=CARTESIAN_POINT('',(-5.3E-1,7.E-1,0.E0));
#13595=LINE('',#13594,#13593);
#13596=DIRECTION('',(0.E0,0.E0,1.E0));
#13597=VECTOR('',#13596,1.5E-1);
#13598=CARTESIAN_POINT('',(-5.E-1,7.E-1,0.E0));
#13599=LINE('',#13598,#13597);
#13600=DIRECTION('',(0.E0,0.E0,1.E0));
#13601=VECTOR('',#13600,1.5E-1);
#13602=CARTESIAN_POINT('',(-5.E-1,9.E-1,0.E0));
#13603=LINE('',#13602,#13601);
#13604=DIRECTION('',(0.E0,0.E0,1.E0));
#13605=VECTOR('',#13604,1.5E-1);
#13606=CARTESIAN_POINT('',(-3.154700538379E-1,9.E-1,0.E0));
#13607=LINE('',#13606,#13605);
#13608=DIRECTION('',(0.E0,0.E0,1.E0));
#13609=VECTOR('',#13608,1.5E-1);
#13610=CARTESIAN_POINT('',(-2.433012701892E-1,7.75E-1,0.E0));
#13611=LINE('',#13610,#13609);
#13612=DIRECTION('',(0.E0,0.E0,1.E0));
#13613=VECTOR('',#13612,1.5E-1);
#13614=CARTESIAN_POINT('',(-1.5E-1,8.E-1,0.E0));
#13615=LINE('',#13614,#13613);
#13616=DIRECTION('',(0.E0,7.071067811865E-1,-7.071067811865E-1));
#13617=VECTOR('',#13616,4.949747468306E-2);
#13618=CARTESIAN_POINT('',(-1.5E-1,8.15E-1,1.5E-1));
#13619=LINE('',#13618,#13617);
#13620=DIRECTION('',(0.E0,-7.071067811866E-1,-7.071067811865E-1));
#13621=VECTOR('',#13620,4.949747468306E-2);
#13622=CARTESIAN_POINT('',(-1.5E-1,8.5E-1,3.5E-2));
#13623=LINE('',#13622,#13621);
#13624=DIRECTION('',(0.E0,0.E0,1.E0));
#13625=VECTOR('',#13624,8.E-2);
#13626=CARTESIAN_POINT('',(-1.5E-1,8.5E-1,3.5E-2));
#13627=LINE('',#13626,#13625);
#13628=DIRECTION('',(1.E0,0.E0,0.E0));
#13629=VECTOR('',#13628,3.E-1);
#13630=CARTESIAN_POINT('',(-1.5E-1,8.5E-1,1.15E-1));
#13631=LINE('',#13630,#13629);
#13632=DIRECTION('',(0.E0,7.071067811865E-1,-7.071067811865E-1));
#13633=VECTOR('',#13632,4.949747468306E-2);
#13634=CARTESIAN_POINT('',(1.5E-1,8.15E-1,1.5E-1));
#13635=LINE('',#13634,#13633);
#13636=DIRECTION('',(0.E0,0.E0,1.E0));
#13637=VECTOR('',#13636,8.E-2);
#13638=CARTESIAN_POINT('',(1.5E-1,8.5E-1,3.5E-2));
#13639=LINE('',#13638,#13637);
#13640=DIRECTION('',(0.E0,-7.071067811866E-1,-7.071067811865E-1));
#13641=VECTOR('',#13640,4.949747468306E-2);
#13642=CARTESIAN_POINT('',(1.5E-1,8.5E-1,3.5E-2));
#13643=LINE('',#13642,#13641);
#13644=DIRECTION('',(0.E0,0.E0,1.E0));
#13645=VECTOR('',#13644,1.5E-1);
#13646=CARTESIAN_POINT('',(1.5E-1,8.E-1,0.E0));
#13647=LINE('',#13646,#13645);
#13648=DIRECTION('',(1.E0,0.E0,0.E0));
#13649=VECTOR('',#13648,3.E-1);
#13650=CARTESIAN_POINT('',(-1.5E-1,8.5E-1,3.5E-2));
#13651=LINE('',#13650,#13649);
#13652=DIRECTION('',(0.E0,0.E0,1.E0));
#13653=VECTOR('',#13652,1.5E-1);
#13654=CARTESIAN_POINT('',(2.433012701892E-1,7.75E-1,0.E0));
#13655=LINE('',#13654,#13653);
#13656=DIRECTION('',(0.E0,0.E0,1.E0));
#13657=VECTOR('',#13656,1.5E-1);
#13658=CARTESIAN_POINT('',(3.154700538379E-1,9.E-1,0.E0));
#13659=LINE('',#13658,#13657);
#13660=DIRECTION('',(0.E0,0.E0,1.E0));
#13661=VECTOR('',#13660,1.5E-1);
#13662=CARTESIAN_POINT('',(5.E-1,9.E-1,0.E0));
#13663=LINE('',#13662,#13661);
#13664=DIRECTION('',(0.E0,0.E0,1.E0));
#13665=VECTOR('',#13664,1.5E-1);
#13666=CARTESIAN_POINT('',(5.E-1,7.E-1,0.E0));
#13667=LINE('',#13666,#13665);
#13668=DIRECTION('',(0.E0,0.E0,1.E0));
#13669=VECTOR('',#13668,1.5E-1);
#13670=CARTESIAN_POINT('',(5.3E-1,7.E-1,0.E0));
#13671=LINE('',#13670,#13669);
#13672=DIRECTION('',(0.E0,0.E0,1.E0));
#13673=VECTOR('',#13672,1.5E-1);
#13674=CARTESIAN_POINT('',(5.E-1,5.E-1,0.E0));
#13675=LINE('',#13674,#13673);
#13676=DIRECTION('',(0.E0,0.E0,-1.E0));
#13677=VECTOR('',#13676,1.5E-1);
#13678=CARTESIAN_POINT('',(5.E-1,4.E-1,1.5E-1));
#13679=LINE('',#13678,#13677);
#13680=CARTESIAN_POINT('',(5.E-1,5.E-1,0.E0));
#13681=CARTESIAN_POINT('',(5.3E-1,7.E-1,0.E0));
#13682=VERTEX_POINT('',#13680);
#13683=VERTEX_POINT('',#13681);
#13684=CARTESIAN_POINT('',(5.E-1,7.E-1,0.E0));
#13685=VERTEX_POINT('',#13684);
#13686=CARTESIAN_POINT('',(5.E-1,9.E-1,0.E0));
#13687=VERTEX_POINT('',#13686);
#13688=CARTESIAN_POINT('',(3.154700538379E-1,9.E-1,0.E0));
#13689=VERTEX_POINT('',#13688);
#13690=CARTESIAN_POINT('',(2.433012701892E-1,7.75E-1,0.E0));
#13691=VERTEX_POINT('',#13690);
#13692=CARTESIAN_POINT('',(1.5E-1,8.E-1,0.E0));
#13693=VERTEX_POINT('',#13692);
#13694=CARTESIAN_POINT('',(-1.5E-1,8.E-1,0.E0));
#13695=CARTESIAN_POINT('',(-2.433012701892E-1,7.75E-1,0.E0));
#13696=VERTEX_POINT('',#13694);
#13697=VERTEX_POINT('',#13695);
#13698=CARTESIAN_POINT('',(-3.154700538379E-1,9.E-1,0.E0));
#13699=VERTEX_POINT('',#13698);
#13700=CARTESIAN_POINT('',(-5.E-1,9.E-1,0.E0));
#13701=VERTEX_POINT('',#13700);
#13702=CARTESIAN_POINT('',(-5.E-1,7.E-1,0.E0));
#13703=VERTEX_POINT('',#13702);
#13704=CARTESIAN_POINT('',(-5.3E-1,7.E-1,0.E0));
#13705=VERTEX_POINT('',#13704);
#13706=CARTESIAN_POINT('',(-5.E-1,5.E-1,0.E0));
#13707=VERTEX_POINT('',#13706);
#13708=CARTESIAN_POINT('',(5.E-1,5.E-1,1.5E-1));
#13709=CARTESIAN_POINT('',(5.3E-1,7.E-1,1.5E-1));
#13710=VERTEX_POINT('',#13708);
#13711=VERTEX_POINT('',#13709);
#13712=CARTESIAN_POINT('',(5.E-1,7.E-1,1.5E-1));
#13713=VERTEX_POINT('',#13712);
#13714=CARTESIAN_POINT('',(5.E-1,9.E-1,1.5E-1));
#13715=VERTEX_POINT('',#13714);
#13716=CARTESIAN_POINT('',(3.154700538379E-1,9.E-1,1.5E-1));
#13717=VERTEX_POINT('',#13716);
#13718=CARTESIAN_POINT('',(2.433012701892E-1,7.75E-1,1.5E-1));
#13719=VERTEX_POINT('',#13718);
#13720=CARTESIAN_POINT('',(1.5E-1,8.E-1,1.5E-1));
#13721=VERTEX_POINT('',#13720);
#13722=CARTESIAN_POINT('',(-1.5E-1,8.E-1,1.5E-1));
#13723=CARTESIAN_POINT('',(-2.433012701892E-1,7.75E-1,1.5E-1));
#13724=VERTEX_POINT('',#13722);
#13725=VERTEX_POINT('',#13723);
#13726=CARTESIAN_POINT('',(-3.154700538379E-1,9.E-1,1.5E-1));
#13727=VERTEX_POINT('',#13726);
#13728=CARTESIAN_POINT('',(-5.E-1,9.E-1,1.5E-1));
#13729=VERTEX_POINT('',#13728);
#13730=CARTESIAN_POINT('',(-5.E-1,7.E-1,1.5E-1));
#13731=VERTEX_POINT('',#13730);
#13732=CARTESIAN_POINT('',(-5.3E-1,7.E-1,1.5E-1));
#13733=VERTEX_POINT('',#13732);
#13734=CARTESIAN_POINT('',(-5.E-1,5.E-1,1.5E-1));
#13735=VERTEX_POINT('',#13734);
#13736=CARTESIAN_POINT('',(-3.E-1,3.E-1,0.E0));
#13737=CARTESIAN_POINT('',(-3.E-1,3.E-1,1.5E-1));
#13738=VERTEX_POINT('',#13736);
#13739=VERTEX_POINT('',#13737);
#13740=CARTESIAN_POINT('',(-3.5E-1,3.5E-1,0.E0));
#13741=CARTESIAN_POINT('',(-3.5E-1,3.5E-1,1.5E-1));
#13742=VERTEX_POINT('',#13740);
#13743=VERTEX_POINT('',#13741);
#13744=CARTESIAN_POINT('',(3.5E-1,3.5E-1,0.E0));
#13745=CARTESIAN_POINT('',(3.5E-1,3.5E-1,1.5E-1));
#13746=VERTEX_POINT('',#13744);
#13747=VERTEX_POINT('',#13745);
#13748=CARTESIAN_POINT('',(3.E-1,3.E-1,0.E0));
#13749=CARTESIAN_POINT('',(3.E-1,3.E-1,1.5E-1));
#13750=VERTEX_POINT('',#13748);
#13751=VERTEX_POINT('',#13749);
#13752=CARTESIAN_POINT('',(5.E-1,4.E-1,0.E0));
#13753=CARTESIAN_POINT('',(4.5E-1,3.5E-1,0.E0));
#13754=VERTEX_POINT('',#13752);
#13755=VERTEX_POINT('',#13753);
#13756=CARTESIAN_POINT('',(4.5E-1,3.5E-1,1.5E-1));
#13757=VERTEX_POINT('',#13756);
#13758=CARTESIAN_POINT('',(5.E-1,4.E-1,1.5E-1));
#13759=VERTEX_POINT('',#13758);
#13760=CARTESIAN_POINT('',(-4.5E-1,3.5E-1,0.E0));
#13761=CARTESIAN_POINT('',(-5.E-1,4.E-1,0.E0));
#13762=VERTEX_POINT('',#13760);
#13763=VERTEX_POINT('',#13761);
#13764=CARTESIAN_POINT('',(-5.E-1,4.E-1,1.5E-1));
#13765=VERTEX_POINT('',#13764);
#13766=CARTESIAN_POINT('',(-4.5E-1,3.5E-1,1.5E-1));
#13767=VERTEX_POINT('',#13766);
#13768=CARTESIAN_POINT('',(-1.5E-1,8.15E-1,0.E0));
#13769=CARTESIAN_POINT('',(1.5E-1,8.15E-1,0.E0));
#13770=VERTEX_POINT('',#13768);
#13771=VERTEX_POINT('',#13769);
#13772=CARTESIAN_POINT('',(-1.5E-1,8.15E-1,1.5E-1));
#13773=CARTESIAN_POINT('',(1.5E-1,8.15E-1,1.5E-1));
#13774=VERTEX_POINT('',#13772);
#13775=VERTEX_POINT('',#13773);
#13776=CARTESIAN_POINT('',(1.5E-1,8.5E-1,1.15E-1));
#13777=VERTEX_POINT('',#13776);
#13778=CARTESIAN_POINT('',(1.5E-1,8.5E-1,3.5E-2));
#13779=VERTEX_POINT('',#13778);
#13780=CARTESIAN_POINT('',(-1.5E-1,8.5E-1,1.15E-1));
#13781=VERTEX_POINT('',#13780);
#13782=CARTESIAN_POINT('',(-1.5E-1,8.5E-1,3.5E-2));
#13783=VERTEX_POINT('',#13782);
#13784=CARTESIAN_POINT('',(-2.E-1,0.E0,0.E0));
#13785=CARTESIAN_POINT('',(-3.E-1,1.E-1,0.E0));
#13786=VERTEX_POINT('',#13784);
#13787=VERTEX_POINT('',#13785);
#13788=CARTESIAN_POINT('',(-3.E-1,1.E-1,1.5E-1));
#13789=VERTEX_POINT('',#13788);
#13790=CARTESIAN_POINT('',(-2.E-1,0.E0,1.5E-1));
#13791=VERTEX_POINT('',#13790);
#13792=CARTESIAN_POINT('',(3.E-1,1.E-1,0.E0));
#13793=CARTESIAN_POINT('',(2.E-1,0.E0,0.E0));
#13794=VERTEX_POINT('',#13792);
#13795=VERTEX_POINT('',#13793);
#13796=CARTESIAN_POINT('',(2.E-1,0.E0,1.5E-1));
#13797=VERTEX_POINT('',#13796);
#13798=CARTESIAN_POINT('',(3.E-1,1.E-1,1.5E-1));
#13799=VERTEX_POINT('',#13798);
#13800=CARTESIAN_POINT('',(3.E-1,0.E0,0.E0));
#13801=DIRECTION('',(1.E0,0.E0,0.E0));
#13802=DIRECTION('',(0.E0,1.E0,0.E0));
#13803=AXIS2_PLACEMENT_3D('',#13800,#13801,#13802);
#13804=PLANE('',#13803);
#13806=ORIENTED_EDGE('',*,*,#13805,.F.);
#13808=ORIENTED_EDGE('',*,*,#13807,.T.);
#13810=ORIENTED_EDGE('',*,*,#13809,.F.);
#13812=ORIENTED_EDGE('',*,*,#13811,.F.);
#13813=EDGE_LOOP('',(#13806,#13808,#13810,#13812));
#13814=FACE_OUTER_BOUND('',#13813,.F.);
#13815=ADVANCED_FACE('',(#13814),#13804,.T.);
#13816=CARTESIAN_POINT('',(2.E-1,1.E-1,1.522695166268E-1));
#13817=DIRECTION('',(0.E0,0.E0,-1.E0));
#13818=DIRECTION('',(1.E0,0.E0,0.E0));
#13819=AXIS2_PLACEMENT_3D('',#13816,#13817,#13818);
#13820=CYLINDRICAL_SURFACE('',#13819,1.E-1);
#13822=ORIENTED_EDGE('',*,*,#13821,.T.);
#13824=ORIENTED_EDGE('',*,*,#13823,.F.);
#13826=ORIENTED_EDGE('',*,*,#13825,.T.);
#13827=ORIENTED_EDGE('',*,*,#13805,.T.);
#13828=EDGE_LOOP('',(#13822,#13824,#13826,#13827));
#13829=FACE_OUTER_BOUND('',#13828,.F.);
#13830=ADVANCED_FACE('',(#13829),#13820,.T.);
#13831=CARTESIAN_POINT('',(0.E0,0.E0,0.E0));
#13832=DIRECTION('',(0.E0,0.E0,1.E0));
#13833=DIRECTION('',(1.E0,0.E0,0.E0));
#13834=AXIS2_PLACEMENT_3D('',#13831,#13832,#13833);
#13835=PLANE('',#13834);
#13836=ORIENTED_EDGE('',*,*,#13821,.F.);
#13837=ORIENTED_EDGE('',*,*,#13811,.T.);
#13839=ORIENTED_EDGE('',*,*,#13838,.F.);
#13841=ORIENTED_EDGE('',*,*,#13840,.T.);
#13843=ORIENTED_EDGE('',*,*,#13842,.F.);
#13845=ORIENTED_EDGE('',*,*,#13844,.T.);
#13847=ORIENTED_EDGE('',*,*,#13846,.T.);
#13849=ORIENTED_EDGE('',*,*,#13848,.T.);
#13851=ORIENTED_EDGE('',*,*,#13850,.T.);
#13853=ORIENTED_EDGE('',*,*,#13852,.T.);
#13855=ORIENTED_EDGE('',*,*,#13854,.T.);
#13857=ORIENTED_EDGE('',*,*,#13856,.T.);
#13859=ORIENTED_EDGE('',*,*,#13858,.T.);
#13861=ORIENTED_EDGE('',*,*,#13860,.F.);
#13863=ORIENTED_EDGE('',*,*,#13862,.T.);
#13865=ORIENTED_EDGE('',*,*,#13864,.T.);
#13867=ORIENTED_EDGE('',*,*,#13866,.T.);
#13869=ORIENTED_EDGE('',*,*,#13868,.T.);
#13871=ORIENTED_EDGE('',*,*,#13870,.T.);
#13873=ORIENTED_EDGE('',*,*,#13872,.T.);
#13875=ORIENTED_EDGE('',*,*,#13874,.T.);
#13877=ORIENTED_EDGE('',*,*,#13876,.T.);
#13879=ORIENTED_EDGE('',*,*,#13878,.F.);
#13881=ORIENTED_EDGE('',*,*,#13880,.T.);
#13883=ORIENTED_EDGE('',*,*,#13882,.F.);
#13885=ORIENTED_EDGE('',*,*,#13884,.T.);
#13887=ORIENTED_EDGE('',*,*,#13886,.F.);
#13889=ORIENTED_EDGE('',*,*,#13888,.T.);
#13890=EDGE_LOOP('',(#13836,#13837,#13839,#13841,#13843,#13845,#13847,#13849,
#13851,#13853,#13855,#13857,#13859,#13861,#13863,#13865,#13867,#13869,#13871,
#13873,#13875,#13877,#13879,#13881,#13883,#13885,#13887,#13889));
#13891=FACE_OUTER_BOUND('',#13890,.F.);
#13892=ADVANCED_FACE('',(#13891),#13835,.F.);
#13893=CARTESIAN_POINT('',(3.5E-1,3.E-1,-1.939183608564E-3));
#13894=DIRECTION('',(0.E0,0.E0,1.E0));
#13895=DIRECTION('',(0.E0,1.E0,0.E0));
#13896=AXIS2_PLACEMENT_3D('',#13893,#13894,#13895);
#13897=CYLINDRICAL_SURFACE('',#13896,5.E-2);
#13899=ORIENTED_EDGE('',*,*,#13898,.F.);
#13900=ORIENTED_EDGE('',*,*,#13838,.T.);
#13901=ORIENTED_EDGE('',*,*,#13809,.T.);
#13903=ORIENTED_EDGE('',*,*,#13902,.T.);
#13904=EDGE_LOOP('',(#13899,#13900,#13901,#13903));
#13905=FACE_OUTER_BOUND('',#13904,.F.);
#13906=ADVANCED_FACE('',(#13905),#13897,.F.);
#13907=CARTESIAN_POINT('',(3.E-1,3.5E-1,0.E0));
#13908=DIRECTION('',(0.E0,-1.E0,0.E0));
#13909=DIRECTION('',(1.E0,0.E0,0.E0));
#13910=AXIS2_PLACEMENT_3D('',#13907,#13908,#13909);
#13911=PLANE('',#13910);
#13913=ORIENTED_EDGE('',*,*,#13912,.T.);
#13914=ORIENTED_EDGE('',*,*,#13840,.F.);
#13915=ORIENTED_EDGE('',*,*,#13898,.T.);
#13917=ORIENTED_EDGE('',*,*,#13916,.T.);
#13918=EDGE_LOOP('',(#13913,#13914,#13915,#13917));
#13919=FACE_OUTER_BOUND('',#13918,.F.);
#13920=ADVANCED_FACE('',(#13919),#13911,.T.);
#13921=CARTESIAN_POINT('',(4.75E-1,3.75E-1,7.5E-2));
#13922=DIRECTION('',(7.071067811865E-1,-7.071067811865E-1,0.E0));
#13923=DIRECTION('',(0.E0,0.E0,-1.E0));
#13924=AXIS2_PLACEMENT_3D('',#13921,#13922,#13923);
#13925=PLANE('',#13924);
#13926=ORIENTED_EDGE('',*,*,#13842,.T.);
#13927=ORIENTED_EDGE('',*,*,#13912,.F.);
#13929=ORIENTED_EDGE('',*,*,#13928,.T.);
#13931=ORIENTED_EDGE('',*,*,#13930,.T.);
#13932=EDGE_LOOP('',(#13926,#13927,#13929,#13931));
#13933=FACE_OUTER_BOUND('',#13932,.F.);
#13934=ADVANCED_FACE('',(#13933),#13925,.T.);
#13935=CARTESIAN_POINT('',(0.E0,0.E0,1.5E-1));
#13936=DIRECTION('',(0.E0,0.E0,1.E0));
#13937=DIRECTION('',(1.E0,0.E0,0.E0));
#13938=AXIS2_PLACEMENT_3D('',#13935,#13936,#13937);
#13939=PLANE('',#13938);
#13940=ORIENTED_EDGE('',*,*,#13825,.F.);
#13942=ORIENTED_EDGE('',*,*,#13941,.F.);
#13944=ORIENTED_EDGE('',*,*,#13943,.F.);
#13946=ORIENTED_EDGE('',*,*,#13945,.F.);
#13948=ORIENTED_EDGE('',*,*,#13947,.F.);
#13950=ORIENTED_EDGE('',*,*,#13949,.F.);
#13952=ORIENTED_EDGE('',*,*,#13951,.F.);
#13954=ORIENTED_EDGE('',*,*,#13953,.F.);
#13956=ORIENTED_EDGE('',*,*,#13955,.F.);
#13958=ORIENTED_EDGE('',*,*,#13957,.F.);
#13960=ORIENTED_EDGE('',*,*,#13959,.F.);
#13962=ORIENTED_EDGE('',*,*,#13961,.F.);
#13964=ORIENTED_EDGE('',*,*,#13963,.F.);
#13966=ORIENTED_EDGE('',*,*,#13965,.F.);
#13968=ORIENTED_EDGE('',*,*,#13967,.F.);
#13970=ORIENTED_EDGE('',*,*,#13969,.T.);
#13972=ORIENTED_EDGE('',*,*,#13971,.F.);
#13974=ORIENTED_EDGE('',*,*,#13973,.F.);
#13976=ORIENTED_EDGE('',*,*,#13975,.F.);
#13978=ORIENTED_EDGE('',*,*,#13977,.F.);
#13980=ORIENTED_EDGE('',*,*,#13979,.F.);
#13982=ORIENTED_EDGE('',*,*,#13981,.F.);
#13984=ORIENTED_EDGE('',*,*,#13983,.F.);
#13986=ORIENTED_EDGE('',*,*,#13985,.F.);
#13987=ORIENTED_EDGE('',*,*,#13928,.F.);
#13988=ORIENTED_EDGE('',*,*,#13916,.F.);
#13989=ORIENTED_EDGE('',*,*,#13902,.F.);
#13990=ORIENTED_EDGE('',*,*,#13807,.F.);
#13991=EDGE_LOOP('',(#13940,#13942,#13944,#13946,#13948,#13950,#13952,#13954,
#13956,#13958,#13960,#13962,#13964,#13966,#13968,#13970,#13972,#13974,#13976,
#13978,#13980,#13982,#13984,#13986,#13987,#13988,#13989,#13990));
#13992=FACE_OUTER_BOUND('',#13991,.F.);
#13993=ADVANCED_FACE('',(#13992),#13939,.T.);
#13994=CARTESIAN_POINT('',(-3.E-1,0.E0,0.E0));
#13995=DIRECTION('',(0.E0,-1.E0,0.E0));
#13996=DIRECTION('',(1.E0,0.E0,0.E0));
#13997=AXIS2_PLACEMENT_3D('',#13994,#13995,#13996);
#13998=PLANE('',#13997);
#13999=ORIENTED_EDGE('',*,*,#13823,.T.);
#14000=ORIENTED_EDGE('',*,*,#13888,.F.);
#14002=ORIENTED_EDGE('',*,*,#14001,.F.);
#14003=ORIENTED_EDGE('',*,*,#13941,.T.);
#14004=EDGE_LOOP('',(#13999,#14000,#14002,#14003));
#14005=FACE_OUTER_BOUND('',#14004,.F.);
#14006=ADVANCED_FACE('',(#14005),#13998,.T.);
#14007=CARTESIAN_POINT('',(-2.E-1,1.E-1,1.522695166268E-1));
#14008=DIRECTION('',(0.E0,0.E0,-1.E0));
#14009=DIRECTION('',(0.E0,-1.E0,0.E0));
#14010=AXIS2_PLACEMENT_3D('',#14007,#14008,#14009);
#14011=CYLINDRICAL_SURFACE('',#14010,1.E-1);
#14012=ORIENTED_EDGE('',*,*,#13886,.T.);
#14014=ORIENTED_EDGE('',*,*,#14013,.F.);
#14015=ORIENTED_EDGE('',*,*,#13943,.T.);
#14016=ORIENTED_EDGE('',*,*,#14001,.T.);
#14017=EDGE_LOOP('',(#14012,#14014,#14015,#14016));
#14018=FACE_OUTER_BOUND('',#14017,.F.);
#14019=ADVANCED_FACE('',(#14018),#14011,.T.);
#14020=CARTESIAN_POINT('',(-3.E-1,3.5E-1,0.E0));
#14021=DIRECTION('',(-1.E0,0.E0,0.E0));
#14022=DIRECTION('',(0.E0,-1.E0,0.E0));
#14023=AXIS2_PLACEMENT_3D('',#14020,#14021,#14022);
#14024=PLANE('',#14023);
#14025=ORIENTED_EDGE('',*,*,#14013,.T.);
#14026=ORIENTED_EDGE('',*,*,#13884,.F.);
#14028=ORIENTED_EDGE('',*,*,#14027,.T.);
#14029=ORIENTED_EDGE('',*,*,#13945,.T.);
#14030=EDGE_LOOP('',(#14025,#14026,#14028,#14029));
#14031=FACE_OUTER_BOUND('',#14030,.F.);
#14032=ADVANCED_FACE('',(#14031),#14024,.T.);
#14033=CARTESIAN_POINT('',(-3.5E-1,3.E-1,-1.939183608564E-3));
#14034=DIRECTION('',(0.E0,0.E0,1.E0));
#14035=DIRECTION('',(1.E0,0.E0,0.E0));
#14036=AXIS2_PLACEMENT_3D('',#14033,#14034,#14035);
#14037=CYLINDRICAL_SURFACE('',#14036,5.E-2);
#14038=ORIENTED_EDGE('',*,*,#14027,.F.);
#14039=ORIENTED_EDGE('',*,*,#13882,.T.);
#14041=ORIENTED_EDGE('',*,*,#14040,.T.);
#14042=ORIENTED_EDGE('',*,*,#13947,.T.);
#14043=EDGE_LOOP('',(#14038,#14039,#14041,#14042));
#14044=FACE_OUTER_BOUND('',#14043,.F.);
#14045=ADVANCED_FACE('',(#14044),#14037,.F.);
#14046=CARTESIAN_POINT('',(-5.E-1,3.5E-1,0.E0));
#14047=DIRECTION('',(0.E0,-1.E0,0.E0));
#14048=DIRECTION('',(1.E0,0.E0,0.E0));
#14049=AXIS2_PLACEMENT_3D('',#14046,#14047,#14048);
#14050=PLANE('',#14049);
#14052=ORIENTED_EDGE('',*,*,#14051,.F.);
#14053=ORIENTED_EDGE('',*,*,#13949,.T.);
#14054=ORIENTED_EDGE('',*,*,#14040,.F.);
#14055=ORIENTED_EDGE('',*,*,#13880,.F.);
#14056=EDGE_LOOP('',(#14052,#14053,#14054,#14055));
#14057=FACE_OUTER_BOUND('',#14056,.F.);
#14058=ADVANCED_FACE('',(#14057),#14050,.T.);
#14059=CARTESIAN_POINT('',(-4.75E-1,3.75E-1,7.5E-2));
#14060=DIRECTION('',(-7.071067811865E-1,-7.071067811865E-1,0.E0));
#14061=DIRECTION('',(0.E0,0.E0,-1.E0));
#14062=AXIS2_PLACEMENT_3D('',#14059,#14060,#14061);
#14063=PLANE('',#14062);
#14064=ORIENTED_EDGE('',*,*,#13878,.T.);
#14066=ORIENTED_EDGE('',*,*,#14065,.F.);
#14067=ORIENTED_EDGE('',*,*,#13951,.T.);
#14068=ORIENTED_EDGE('',*,*,#14051,.T.);
#14069=EDGE_LOOP('',(#14064,#14066,#14067,#14068));
#14070=FACE_OUTER_BOUND('',#14069,.F.);
#14071=ADVANCED_FACE('',(#14070),#14063,.T.);
#14072=CARTESIAN_POINT('',(-5.E-1,5.E-1,0.E0));
#14073=DIRECTION('',(-1.E0,0.E0,0.E0));
#14074=DIRECTION('',(0.E0,-1.E0,0.E0));
#14075=AXIS2_PLACEMENT_3D('',#14072,#14073,#14074);
#14076=PLANE('',#14075);
#14077=ORIENTED_EDGE('',*,*,#14065,.T.);
#14078=ORIENTED_EDGE('',*,*,#13876,.F.);
#14080=ORIENTED_EDGE('',*,*,#14079,.T.);
#14081=ORIENTED_EDGE('',*,*,#13953,.T.);
#14082=EDGE_LOOP('',(#14077,#14078,#14080,#14081));
#14083=FACE_OUTER_BOUND('',#14082,.F.);
#14084=ADVANCED_FACE('',(#14083),#14076,.T.);
#14085=CARTESIAN_POINT('',(-5.3E-1,7.E-1,0.E0));
#14086=DIRECTION('',(-9.889363528683E-1,-1.483404529303E-1,0.E0));
#14087=DIRECTION('',(1.483404529303E-1,-9.889363528683E-1,0.E0));
#14088=AXIS2_PLACEMENT_3D('',#14085,#14086,#14087);
#14089=PLANE('',#14088);
#14090=ORIENTED_EDGE('',*,*,#13874,.F.);
#14092=ORIENTED_EDGE('',*,*,#14091,.T.);
#14093=ORIENTED_EDGE('',*,*,#13955,.T.);
#14094=ORIENTED_EDGE('',*,*,#14079,.F.);
#14095=EDGE_LOOP('',(#14090,#14092,#14093,#14094));
#14096=FACE_OUTER_BOUND('',#14095,.F.);
#14097=ADVANCED_FACE('',(#14096),#14089,.T.);
#14098=CARTESIAN_POINT('',(-5.E-1,7.E-1,0.E0));
#14099=DIRECTION('',(0.E0,1.E0,0.E0));
#14100=DIRECTION('',(-1.E0,0.E0,0.E0));
#14101=AXIS2_PLACEMENT_3D('',#14098,#14099,#14100);
#14102=PLANE('',#14101);
#14103=ORIENTED_EDGE('',*,*,#13872,.F.);
#14105=ORIENTED_EDGE('',*,*,#14104,.T.);
#14106=ORIENTED_EDGE('',*,*,#13957,.T.);
#14107=ORIENTED_EDGE('',*,*,#14091,.F.);
#14108=EDGE_LOOP('',(#14103,#14105,#14106,#14107));
#14109=FACE_OUTER_BOUND('',#14108,.F.);
#14110=ADVANCED_FACE('',(#14109),#14102,.T.);
#14111=CARTESIAN_POINT('',(-5.E-1,9.E-1,0.E0));
#14112=DIRECTION('',(-1.E0,0.E0,0.E0));
#14113=DIRECTION('',(0.E0,-1.E0,0.E0));
#14114=AXIS2_PLACEMENT_3D('',#14111,#14112,#14113);
#14115=PLANE('',#14114);
#14116=ORIENTED_EDGE('',*,*,#13870,.F.);
#14118=ORIENTED_EDGE('',*,*,#14117,.T.);
#14119=ORIENTED_EDGE('',*,*,#13959,.T.);
#14120=ORIENTED_EDGE('',*,*,#14104,.F.);
#14121=EDGE_LOOP('',(#14116,#14118,#14119,#14120));
#14122=FACE_OUTER_BOUND('',#14121,.F.);
#14123=ADVANCED_FACE('',(#14122),#14115,.T.);
#14124=CARTESIAN_POINT('',(-3.154700538379E-1,9.E-1,0.E0));
#14125=DIRECTION('',(0.E0,1.E0,0.E0));
#14126=DIRECTION('',(-1.E0,0.E0,0.E0));
#14127=AXIS2_PLACEMENT_3D('',#14124,#14125,#14126);
#14128=PLANE('',#14127);
#14129=ORIENTED_EDGE('',*,*,#13868,.F.);
#14131=ORIENTED_EDGE('',*,*,#14130,.T.);
#14132=ORIENTED_EDGE('',*,*,#13961,.T.);
#14133=ORIENTED_EDGE('',*,*,#14117,.F.);
#14134=EDGE_LOOP('',(#14129,#14131,#14132,#14133));
#14135=FACE_OUTER_BOUND('',#14134,.F.);
#14136=ADVANCED_FACE('',(#14135),#14128,.T.);
#14137=CARTESIAN_POINT('',(-2.433012701892E-1,7.75E-1,0.E0));
#14138=DIRECTION('',(8.660254037844E-1,5.E-1,0.E0));
#14139=DIRECTION('',(-5.E-1,8.660254037844E-1,0.E0));
#14140=AXIS2_PLACEMENT_3D('',#14137,#14138,#14139);
#14141=PLANE('',#14140);
#14142=ORIENTED_EDGE('',*,*,#13866,.F.);
#14144=ORIENTED_EDGE('',*,*,#14143,.T.);
#14145=ORIENTED_EDGE('',*,*,#13963,.T.);
#14146=ORIENTED_EDGE('',*,*,#14130,.F.);
#14147=EDGE_LOOP('',(#14142,#14144,#14145,#14146));
#14148=FACE_OUTER_BOUND('',#14147,.F.);
#14149=ADVANCED_FACE('',(#14148),#14141,.T.);
#14150=CARTESIAN_POINT('',(-2.E-1,8.E-1,0.E0));
#14151=DIRECTION('',(0.E0,0.E0,1.E0));
#14152=DIRECTION('',(1.E0,0.E0,0.E0));
#14153=AXIS2_PLACEMENT_3D('',#14150,#14151,#14152);
#14154=CYLINDRICAL_SURFACE('',#14153,5.E-2);
#14155=ORIENTED_EDGE('',*,*,#13864,.F.);
#14157=ORIENTED_EDGE('',*,*,#14156,.T.);
#14158=ORIENTED_EDGE('',*,*,#13965,.T.);
#14159=ORIENTED_EDGE('',*,*,#14143,.F.);
#14160=EDGE_LOOP('',(#14155,#14157,#14158,#14159));
#14161=FACE_OUTER_BOUND('',#14160,.F.);
#14162=ADVANCED_FACE('',(#14161),#14154,.F.);
#14163=CARTESIAN_POINT('',(-1.5E-1,9.E-1,0.E0));
#14164=DIRECTION('',(-1.E0,0.E0,0.E0));
#14165=DIRECTION('',(0.E0,-1.E0,0.E0));
#14166=AXIS2_PLACEMENT_3D('',#14163,#14164,#14165);
#14167=PLANE('',#14166);
#14169=ORIENTED_EDGE('',*,*,#14168,.F.);
#14170=ORIENTED_EDGE('',*,*,#13967,.T.);
#14171=ORIENTED_EDGE('',*,*,#14156,.F.);
#14172=ORIENTED_EDGE('',*,*,#13862,.F.);
#14174=ORIENTED_EDGE('',*,*,#14173,.F.);
#14176=ORIENTED_EDGE('',*,*,#14175,.T.);
#14177=EDGE_LOOP('',(#14169,#14170,#14171,#14172,#14174,#14176));
#14178=FACE_OUTER_BOUND('',#14177,.F.);
#14179=ADVANCED_FACE('',(#14178),#14167,.T.);
#14180=CARTESIAN_POINT('',(1.5E-1,8.15E-1,1.5E-1));
#14181=DIRECTION('',(0.E0,-7.071067811865E-1,-7.071067811865E-1));
#14182=DIRECTION('',(0.E0,7.071067811865E-1,-7.071067811865E-1));
#14183=AXIS2_PLACEMENT_3D('',#14180,#14181,#14182);
#14184=PLANE('',#14183);
#14186=ORIENTED_EDGE('',*,*,#14185,.F.);
#14187=ORIENTED_EDGE('',*,*,#13969,.F.);
#14188=ORIENTED_EDGE('',*,*,#14168,.T.);
#14190=ORIENTED_EDGE('',*,*,#14189,.T.);
#14191=EDGE_LOOP('',(#14186,#14187,#14188,#14190));
#14192=FACE_OUTER_BOUND('',#14191,.F.);
#14193=ADVANCED_FACE('',(#14192),#14184,.F.);
#14194=CARTESIAN_POINT('',(1.5E-1,8.E-1,0.E0));
#14195=DIRECTION('',(1.E0,0.E0,0.E0));
#14196=DIRECTION('',(0.E0,1.E0,0.E0));
#14197=AXIS2_PLACEMENT_3D('',#14194,#14195,#14196);
#14198=PLANE('',#14197);
#14199=ORIENTED_EDGE('',*,*,#14185,.T.);
#14201=ORIENTED_EDGE('',*,*,#14200,.F.);
#14203=ORIENTED_EDGE('',*,*,#14202,.T.);
#14204=ORIENTED_EDGE('',*,*,#13858,.F.);
#14206=ORIENTED_EDGE('',*,*,#14205,.T.);
#14207=ORIENTED_EDGE('',*,*,#13971,.T.);
#14208=EDGE_LOOP('',(#14199,#14201,#14203,#14204,#14206,#14207));
#14209=FACE_OUTER_BOUND('',#14208,.F.);
#14210=ADVANCED_FACE('',(#14209),#14198,.T.);
#14211=CARTESIAN_POINT('',(-1.5E-1,8.5E-1,1.5E-1));
#14212=DIRECTION('',(0.E0,-1.E0,0.E0));
#14213=DIRECTION('',(1.E0,0.E0,0.E0));
#14214=AXIS2_PLACEMENT_3D('',#14211,#14212,#14213);
#14215=PLANE('',#14214);
#14216=ORIENTED_EDGE('',*,*,#14189,.F.);
#14217=ORIENTED_EDGE('',*,*,#14175,.F.);
#14219=ORIENTED_EDGE('',*,*,#14218,.T.);
#14220=ORIENTED_EDGE('',*,*,#14200,.T.);
#14221=EDGE_LOOP('',(#14216,#14217,#14219,#14220));
#14222=FACE_OUTER_BOUND('',#14221,.F.);
#14223=ADVANCED_FACE('',(#14222),#14215,.F.);
#14224=CARTESIAN_POINT('',(1.5E-1,8.5E-1,3.5E-2));
#14225=DIRECTION('',(0.E0,-7.071067811865E-1,7.071067811866E-1));
#14226=DIRECTION('',(0.E0,-7.071067811866E-1,-7.071067811865E-1));
#14227=AXIS2_PLACEMENT_3D('',#14224,#14225,#14226);
#14228=PLANE('',#14227);
#14229=ORIENTED_EDGE('',*,*,#14202,.F.);
#14230=ORIENTED_EDGE('',*,*,#14218,.F.);
#14231=ORIENTED_EDGE('',*,*,#14173,.T.);
#14232=ORIENTED_EDGE('',*,*,#13860,.T.);
#14233=EDGE_LOOP('',(#14229,#14230,#14231,#14232));
#14234=FACE_OUTER_BOUND('',#14233,.F.);
#14235=ADVANCED_FACE('',(#14234),#14228,.F.);
#14236=CARTESIAN_POINT('',(2.E-1,8.E-1,0.E0));
#14237=DIRECTION('',(0.E0,0.E0,1.E0));
#14238=DIRECTION('',(1.E0,0.E0,0.E0));
#14239=AXIS2_PLACEMENT_3D('',#14236,#14237,#14238);
#14240=CYLINDRICAL_SURFACE('',#14239,5.E-2);
#14241=ORIENTED_EDGE('',*,*,#13856,.F.);
#14243=ORIENTED_EDGE('',*,*,#14242,.T.);
#14244=ORIENTED_EDGE('',*,*,#13973,.T.);
#14245=ORIENTED_EDGE('',*,*,#14205,.F.);
#14246=EDGE_LOOP('',(#14241,#14243,#14244,#14245));
#14247=FACE_OUTER_BOUND('',#14246,.F.);
#14248=ADVANCED_FACE('',(#14247),#14240,.F.);
#14249=CARTESIAN_POINT('',(3.154700538379E-1,9.E-1,0.E0));
#14250=DIRECTION('',(-8.660254037844E-1,5.E-1,0.E0));
#14251=DIRECTION('',(-5.E-1,-8.660254037844E-1,0.E0));
#14252=AXIS2_PLACEMENT_3D('',#14249,#14250,#14251);
#14253=PLANE('',#14252);
#14254=ORIENTED_EDGE('',*,*,#13854,.F.);
#14256=ORIENTED_EDGE('',*,*,#14255,.T.);
#14257=ORIENTED_EDGE('',*,*,#13975,.T.);
#14258=ORIENTED_EDGE('',*,*,#14242,.F.);
#14259=EDGE_LOOP('',(#14254,#14256,#14257,#14258));
#14260=FACE_OUTER_BOUND('',#14259,.F.);
#14261=ADVANCED_FACE('',(#14260),#14253,.T.);
#14262=CARTESIAN_POINT('',(5.E-1,9.E-1,0.E0));
#14263=DIRECTION('',(0.E0,1.E0,0.E0));
#14264=DIRECTION('',(-1.E0,0.E0,0.E0));
#14265=AXIS2_PLACEMENT_3D('',#14262,#14263,#14264);
#14266=PLANE('',#14265);
#14267=ORIENTED_EDGE('',*,*,#13852,.F.);
#14269=ORIENTED_EDGE('',*,*,#14268,.T.);
#14270=ORIENTED_EDGE('',*,*,#13977,.T.);
#14271=ORIENTED_EDGE('',*,*,#14255,.F.);
#14272=EDGE_LOOP('',(#14267,#14269,#14270,#14271));
#14273=FACE_OUTER_BOUND('',#14272,.F.);
#14274=ADVANCED_FACE('',(#14273),#14266,.T.);
#14275=CARTESIAN_POINT('',(5.E-1,7.E-1,0.E0));
#14276=DIRECTION('',(1.E0,0.E0,0.E0));
#14277=DIRECTION('',(0.E0,1.E0,0.E0));
#14278=AXIS2_PLACEMENT_3D('',#14275,#14276,#14277);
#14279=PLANE('',#14278);
#14280=ORIENTED_EDGE('',*,*,#13850,.F.);
#14282=ORIENTED_EDGE('',*,*,#14281,.T.);
#14283=ORIENTED_EDGE('',*,*,#13979,.T.);
#14284=ORIENTED_EDGE('',*,*,#14268,.F.);
#14285=EDGE_LOOP('',(#14280,#14282,#14283,#14284));
#14286=FACE_OUTER_BOUND('',#14285,.F.);
#14287=ADVANCED_FACE('',(#14286),#14279,.T.);
#14288=CARTESIAN_POINT('',(5.3E-1,7.E-1,0.E0));
#14289=DIRECTION('',(0.E0,1.E0,0.E0));
#14290=DIRECTION('',(-1.E0,0.E0,0.E0));
#14291=AXIS2_PLACEMENT_3D('',#14288,#14289,#14290);
#14292=PLANE('',#14291);
#14293=ORIENTED_EDGE('',*,*,#13848,.F.);
#14295=ORIENTED_EDGE('',*,*,#14294,.T.);
#14296=ORIENTED_EDGE('',*,*,#13981,.T.);
#14297=ORIENTED_EDGE('',*,*,#14281,.F.);
#14298=EDGE_LOOP('',(#14293,#14295,#14296,#14297));
#14299=FACE_OUTER_BOUND('',#14298,.F.);
#14300=ADVANCED_FACE('',(#14299),#14292,.T.);
#14301=CARTESIAN_POINT('',(5.E-1,5.E-1,0.E0));
#14302=DIRECTION('',(9.889363528683E-1,-1.483404529302E-1,0.E0));
#14303=DIRECTION('',(1.483404529302E-1,9.889363528683E-1,0.E0));
#14304=AXIS2_PLACEMENT_3D('',#14301,#14302,#14303);
#14305=PLANE('',#14304);
#14306=ORIENTED_EDGE('',*,*,#13846,.F.);
#14308=ORIENTED_EDGE('',*,*,#14307,.T.);
#14309=ORIENTED_EDGE('',*,*,#13983,.T.);
#14310=ORIENTED_EDGE('',*,*,#14294,.F.);
#14311=EDGE_LOOP('',(#14306,#14308,#14309,#14310));
#14312=FACE_OUTER_BOUND('',#14311,.F.);
#14313=ADVANCED_FACE('',(#14312),#14305,.T.);
#14314=CARTESIAN_POINT('',(5.E-1,3.5E-1,0.E0));
#14315=DIRECTION('',(1.E0,0.E0,0.E0));
#14316=DIRECTION('',(0.E0,1.E0,0.E0));
#14317=AXIS2_PLACEMENT_3D('',#14314,#14315,#14316);
#14318=PLANE('',#14317);
#14319=ORIENTED_EDGE('',*,*,#13930,.F.);
#14320=ORIENTED_EDGE('',*,*,#13985,.T.);
#14321=ORIENTED_EDGE('',*,*,#14307,.F.);
#14322=ORIENTED_EDGE('',*,*,#13844,.F.);
#14323=EDGE_LOOP('',(#14319,#14320,#14321,#14322));
#14324=FACE_OUTER_BOUND('',#14323,.F.);
#14325=ADVANCED_FACE('',(#14324),#14318,.T.);
#14326=CLOSED_SHELL('',(#13815,#13830,#13892,#13906,#13920,#13934,#13993,#14006,
#14019,#14032,#14045,#14058,#14071,#14084,#14097,#14110,#14123,#14136,#14149,
#14162,#14179,#14193,#14210,#14223,#14235,#14248,#14261,#14274,#14287,#14300,
#14313,#14325));
#14327=MANIFOLD_SOLID_BREP('',#14326);
#14328=(LENGTH_UNIT()NAMED_UNIT(*)SI_UNIT(.MILLI.,.METRE.));
#14329=DIMENSIONAL_EXPONENTS(0.E0,0.E0,0.E0,0.E0,0.E0,0.E0,0.E0);
#14330=(NAMED_UNIT(*)PLANE_ANGLE_UNIT()SI_UNIT($,.RADIAN.));
#14331=PLANE_ANGLE_MEASURE_WITH_UNIT(PLANE_ANGLE_MEASURE(1.745329251994E-2),
#14330);
#14332=(CONVERSION_BASED_UNIT('DEGREE',#14331)NAMED_UNIT(#14329)PLANE_ANGLE_UNIT());
#14333=(NAMED_UNIT(*)SI_UNIT($,.STERADIAN.)SOLID_ANGLE_UNIT());
#14334=UNCERTAINTY_MEASURE_WITH_UNIT(LENGTH_MEASURE(1.450355717528E-4),#14328,
'closure',
'Maximum model space distance between geometric entities at asserted connectivities');
#14335=(GEOMETRIC_REPRESENTATION_CONTEXT(3)GLOBAL_UNCERTAINTY_ASSIGNED_CONTEXT((
#14334))GLOBAL_UNIT_ASSIGNED_CONTEXT((#14328,#14332,#14333))REPRESENTATION_CONTEXT('ID4','3'));
#14336=CARTESIAN_POINT('',(0.E0,0.E0,0.E0));
#14337=DIRECTION('',(0.E0,0.E0,1.E0));
#14338=DIRECTION('',(1.E0,0.E0,0.E0));
#14341=MECHANICAL_CONTEXT('',#7623,'mechanical');
#14342=PRODUCT('TABP','TABP','NOT SPECIFIED',(#14341));
#14343=PRODUCT_DEFINITION_FORMATION_WITH_SPECIFIED_SOURCE('7','LAST_VERSION',
#14342,.MADE.);
#14349=CARTESIAN_POINT('',(-1.675E0,-2.E-2,2.15E0));
#14350=DIRECTION('',(-1.E0,0.E0,0.E0));
#14351=DIRECTION('',(0.E0,0.E0,1.E0));
#14352=AXIS2_PLACEMENT_3D('',#14349,#14350,#14351);
#14353=ITEM_DEFINED_TRANSFORMATION('','',#14339,#14352);
#14354=(REPRESENTATION_RELATIONSHIP('','',#14340,#7634)REPRESENTATION_RELATIONSHIP_WITH_TRANSFORMATION(#14353)SHAPE_REPRESENTATION_RELATIONSHIP());
#14355=CONTEXT_DEPENDENT_SHAPE_REPRESENTATION(#14354,#14348);
#14358=CARTESIAN_POINT('',(1.675E0,-2.E-2,2.15E0));
#14359=DIRECTION('',(1.E0,0.E0,0.E0));
#14360=DIRECTION('',(0.E0,0.E0,-1.E0));
#14361=AXIS2_PLACEMENT_3D('',#14358,#14359,#14360);
#14362=ITEM_DEFINED_TRANSFORMATION('','',#14339,#14361);
#14363=(REPRESENTATION_RELATIONSHIP('','',#14340,#7634)REPRESENTATION_RELATIONSHIP_WITH_TRANSFORMATION(#14362)SHAPE_REPRESENTATION_RELATIONSHIP());
#14364=CONTEXT_DEPENDENT_SHAPE_REPRESENTATION(#14363,#14357);
#14365=(LENGTH_UNIT()NAMED_UNIT(*)SI_UNIT(.MILLI.,.METRE.));
#14366=DIMENSIONAL_EXPONENTS(0.E0,0.E0,0.E0,0.E0,0.E0,0.E0,0.E0);
#14367=(NAMED_UNIT(*)PLANE_ANGLE_UNIT()SI_UNIT($,.RADIAN.));
#14368=PLANE_ANGLE_MEASURE_WITH_UNIT(PLANE_ANGLE_MEASURE(1.745329251994E-2),
#14367);
#14369=(CONVERSION_BASED_UNIT('DEGREE',#14368)NAMED_UNIT(#14366)PLANE_ANGLE_UNIT());
#14370=(NAMED_UNIT(*)SI_UNIT($,.STERADIAN.)SOLID_ANGLE_UNIT());
#14371=UNCERTAINTY_MEASURE_WITH_UNIT(LENGTH_MEASURE(5.727772276592E-4),#14365,
'closure',
'Maximum model space distance between geometric entities at asserted connectivities');
#14372=(GEOMETRIC_REPRESENTATION_CONTEXT(3)GLOBAL_UNCERTAINTY_ASSIGNED_CONTEXT((
#14371))GLOBAL_UNIT_ASSIGNED_CONTEXT((#14365,#14369,#14370))REPRESENTATION_CONTEXT('ID5','3'));
#14373=CARTESIAN_POINT('',(0.E0,0.E0,0.E0));
#14374=DIRECTION('',(0.E0,0.E0,1.E0));
#14375=DIRECTION('',(1.E0,0.E0,0.E0));
#14377=DESIGN_CONTEXT('',#7623,'design');
#14378=MECHANICAL_CONTEXT('',#7623,'mechanical');
#14379=PRODUCT('59453-052110ECLF_ASM','59453-052110ECLF_ASM','NOT SPECIFIED',(
#14378));
#14380=PRODUCT_DEFINITION_FORMATION_WITH_SPECIFIED_SOURCE('1','LAST_VERSION',
#14379,.MADE.);
#14382=PRODUCT_CATEGORY('part','');
#14383=PRODUCT_RELATED_PRODUCT_CATEGORY('assembly','',(#14379));
#14384=PRODUCT_CATEGORY_RELATIONSHIP('','',#14382,#14383);
#14385=PRODUCT_CATEGORY('part','');
#14386=PRODUCT_RELATED_PRODUCT_CATEGORY('detail','',(#7627,#8951,#13293,
#14342));
#14387=PRODUCT_CATEGORY_RELATIONSHIP('','',#14385,#14386);
#14388=SECURITY_CLASSIFICATION_LEVEL('unclassified');
#14389=SECURITY_CLASSIFICATION('','',#14388);
#14390=CC_DESIGN_SECURITY_CLASSIFICATION(#14389,(#7628,#8952,#13294,#14343,
#14380,#7635,#8956,#8965,#8974,#8983,#8992,#13298,#14347,#14356));
#14391=APPROVAL_STATUS('approved');
#14392=APPROVAL(#14391,'');
#14393=CC_DESIGN_APPROVAL(#14392,(#14389,#7628,#8952,#13294,#14343,#14380,#7629,
#8953,#13295,#14344,#14381));
#14394=CALENDAR_DATE(108,9,7);
#14395=COORDINATED_UNIVERSAL_TIME_OFFSET(9,0,.AHEAD.);
#14396=LOCAL_TIME(13,23,5.6E1,#14395);
#14397=DATE_AND_TIME(#14394,#14396);
#14398=APPROVAL_DATE_TIME(#14397,#14392);
#14399=DATE_TIME_ROLE('creation_date');
#14400=CC_DESIGN_DATE_AND_TIME_ASSIGNMENT(#14397,#14399,(#7629,#8953,#13295,
#14344,#14381));
#14401=DATE_TIME_ROLE('classification_date');
#14402=CC_DESIGN_DATE_AND_TIME_ASSIGNMENT(#14397,#14401,(#14389));
#14403=PERSON('UNSPECIFIED','UNSPECIFIED',$,$,$,$);
#14404=ORGANIZATION('UNSPECIFIED','UNSPECIFIED','UNSPECIFIED');
#14405=PERSON_AND_ORGANIZATION(#14403,#14404);
#14406=APPROVAL_ROLE('approver');
#14407=APPROVAL_PERSON_ORGANIZATION(#14405,#14392,#14406);
#14408=PERSON_AND_ORGANIZATION_ROLE('creator');
#14409=CC_DESIGN_PERSON_AND_ORGANIZATION_ASSIGNMENT(#14405,#14408,(#7628,#8952,
#13294,#14343,#14380,#7629,#8953,#13295,#14344,#14381));
#14410=PERSON_AND_ORGANIZATION_ROLE('design_supplier');
#14411=CC_DESIGN_PERSON_AND_ORGANIZATION_ASSIGNMENT(#14405,#14410,(#7628,#8952,
#13294,#14343,#14380));
#14412=PERSON_AND_ORGANIZATION_ROLE('classification_officer');
#14413=CC_DESIGN_PERSON_AND_ORGANIZATION_ASSIGNMENT(#14405,#14412,(#14389));
#14414=PERSON_AND_ORGANIZATION_ROLE('design_owner');
#14415=CC_DESIGN_PERSON_AND_ORGANIZATION_ASSIGNMENT(#14405,#14414,(#14379,#7627,
#8951,#13293,#14342));
#3607=EDGE_CURVE('',#3364,#3365,#5,.T.);
#3609=EDGE_CURVE('',#3257,#3364,#9,.T.);
#3611=EDGE_CURVE('',#3256,#3257,#13,.T.);
#3613=EDGE_CURVE('',#3263,#3256,#17,.T.);
#3615=EDGE_CURVE('',#3263,#2740,#21,.T.);
#3617=EDGE_CURVE('',#2740,#2741,#25,.T.);
#3619=EDGE_CURVE('',#2741,#3365,#29,.T.);
#3629=EDGE_CURVE('',#3388,#3389,#33,.T.);
#3631=EDGE_CURVE('',#3388,#2744,#37,.T.);
#3633=EDGE_CURVE('',#2744,#2745,#41,.T.);
#3635=EDGE_CURVE('',#2745,#3265,#45,.T.);
#3637=EDGE_CURVE('',#3265,#3261,#49,.T.);
#3639=EDGE_CURVE('',#3260,#3261,#53,.T.);
#3641=EDGE_CURVE('',#3260,#3389,#57,.T.);
#3652=EDGE_CURVE('',#3365,#3367,#209,.T.);
#3654=EDGE_CURVE('',#3331,#3367,#61,.T.);
#3656=EDGE_CURVE('',#3364,#3331,#2361,.T.);
#3666=EDGE_CURVE('',#3424,#3425,#65,.T.);
#3668=EDGE_CURVE('',#2857,#3425,#1429,.T.);
#3670=EDGE_CURVE('',#2856,#2857,#69,.T.);
#3672=EDGE_CURVE('',#2773,#2856,#73,.T.);
#3674=EDGE_CURVE('',#2772,#2773,#77,.T.);
#3676=EDGE_CURVE('',#2772,#2837,#81,.T.);
#3678=EDGE_CURVE('',#2836,#2837,#85,.T.);
#3680=EDGE_CURVE('',#2961,#2836,#1369,.T.);
#3682=EDGE_CURVE('',#2960,#2961,#89,.T.);
#3684=EDGE_CURVE('',#2877,#2960,#93,.T.);
#3686=EDGE_CURVE('',#2876,#2877,#97,.T.);
#3688=EDGE_CURVE('',#2876,#2941,#101,.T.);
#3690=EDGE_CURVE('',#2940,#2941,#105,.T.);
#3692=EDGE_CURVE('',#3065,#2940,#1385,.T.);
#3694=EDGE_CURVE('',#3064,#3065,#109,.T.);
#3696=EDGE_CURVE('',#2981,#3064,#113,.T.);
#3698=EDGE_CURVE('',#2980,#2981,#117,.T.);
#3700=EDGE_CURVE('',#2980,#3045,#121,.T.);
#3702=EDGE_CURVE('',#3044,#3045,#125,.T.);
#3704=EDGE_CURVE('',#3169,#3044,#1401,.T.);
#3706=EDGE_CURVE('',#3168,#3169,#129,.T.);
#3708=EDGE_CURVE('',#3085,#3168,#133,.T.);
#3710=EDGE_CURVE('',#3084,#3085,#137,.T.);
#3712=EDGE_CURVE('',#3084,#3149,#141,.T.);
#3714=EDGE_CURVE('',#3148,#3149,#145,.T.);
#3716=EDGE_CURVE('',#3601,#3148,#1417,.T.);
#3718=EDGE_CURVE('',#3600,#3601,#149,.T.);
#3720=EDGE_CURVE('',#3517,#3600,#153,.T.);
#3722=EDGE_CURVE('',#3516,#3517,#157,.T.);
#3724=EDGE_CURVE('',#3516,#3581,#161,.T.);
#3726=EDGE_CURVE('',#3580,#3581,#165,.T.);
#3728=EDGE_CURVE('',#3429,#3580,#1445,.T.);
#3730=EDGE_CURVE('',#3428,#3429,#169,.T.);
#3732=EDGE_CURVE('',#3409,#3428,#173,.T.);
#3734=EDGE_CURVE('',#3408,#3409,#177,.T.);
#3736=EDGE_CURVE('',#3392,#3408,#305,.T.);
#3738=EDGE_CURVE('',#3397,#3392,#181,.T.);
#3740=EDGE_CURVE('',#2744,#3397,#2621,.T.);
#3743=EDGE_CURVE('',#3385,#3388,#185,.T.);
#3745=EDGE_CURVE('',#3381,#3385,#189,.T.);
#3747=EDGE_CURVE('',#3377,#3381,#193,.T.);
#3749=EDGE_CURVE('',#3375,#3377,#197,.T.);
#3751=EDGE_CURVE('',#3371,#3375,#201,.T.);
#3753=EDGE_CURVE('',#3367,#3371,#205,.T.);
#3757=EDGE_CURVE('',#2741,#2749,#213,.T.);
#3759=EDGE_CURVE('',#2749,#3360,#2221,.T.);
#3761=EDGE_CURVE('',#3357,#3360,#217,.T.);
#3763=EDGE_CURVE('',#3355,#3357,#221,.T.);
#3765=EDGE_CURVE('',#3351,#3355,#225,.T.);
#3767=EDGE_CURVE('',#3345,#3351,#229,.T.);
#3769=EDGE_CURVE('',#3341,#3345,#233,.T.);
#3771=EDGE_CURVE('',#3339,#3341,#237,.T.);
#3773=EDGE_CURVE('',#3337,#3339,#241,.T.);
#3775=EDGE_CURVE('',#3337,#2752,#2213,.T.);
#3777=EDGE_CURVE('',#3400,#2752,#2601,.T.);
#3779=EDGE_CURVE('',#3405,#3400,#245,.T.);
#3781=EDGE_CURVE('',#3421,#3405,#309,.T.);
#3783=EDGE_CURVE('',#3420,#3421,#249,.T.);
#3785=EDGE_CURVE('',#3424,#3420,#253,.T.);
#3796=EDGE_CURVE('',#3424,#3439,#261,.T.);
#3798=EDGE_CURVE('',#3433,#3439,#2133,.T.);
#3800=EDGE_CURVE('',#3432,#3433,#2117,.T.);
#3802=EDGE_CURVE('',#3432,#3425,#257,.T.);
#3814=EDGE_CURVE('',#3416,#3420,#265,.T.);
#3816=EDGE_CURVE('',#3439,#3416,#2137,.T.);
#3826=EDGE_CURVE('',#3416,#3417,#289,.T.);
#3830=EDGE_CURVE('',#3421,#3417,#269,.T.);
#3840=EDGE_CURVE('',#3417,#3452,#273,.T.);
#3842=EDGE_CURVE('',#3457,#3452,#557,.T.);
#3844=EDGE_CURVE('',#3457,#3212,#277,.T.);
#3846=EDGE_CURVE('',#3212,#3213,#281,.T.);
#3848=EDGE_CURVE('',#3213,#3416,#285,.T.);
#3859=EDGE_CURVE('',#3412,#3444,#293,.T.);
#3861=EDGE_CURVE('',#3449,#3444,#541,.T.);
#3863=EDGE_CURVE('',#3449,#3460,#297,.T.);
#3865=EDGE_CURVE('',#3226,#3460,#2701,.T.);
#3867=EDGE_CURVE('',#3393,#3226,#1005,.T.);
#3869=EDGE_CURVE('',#3392,#3393,#301,.T.);
#3872=EDGE_CURVE('',#3412,#3408,#2165,.T.);
#3882=EDGE_CURVE('',#3464,#3220,#2709,.T.);
#3884=EDGE_CURVE('',#3453,#3464,#2713,.T.);
#3886=EDGE_CURVE('',#3452,#3453,#545,.T.);
#3891=EDGE_CURVE('',#3403,#3405,#313,.T.);
#3893=EDGE_CURVE('',#3403,#3220,#1093,.T.);
#3903=EDGE_CURVE('',#3445,#3216,#345,.T.);
#3905=EDGE_CURVE('',#3444,#3445,#529,.T.);
#3908=EDGE_CURVE('',#3412,#3413,#317,.T.);
#3910=EDGE_CURVE('',#3217,#3413,#321,.T.);
#3912=EDGE_CURVE('',#3216,#3217,#325,.T.);
#3923=EDGE_CURVE('',#3455,#3457,#553,.T.);
#3925=EDGE_CURVE('',#3455,#3469,#329,.T.);
#3927=EDGE_CURVE('',#3469,#3223,#333,.T.);
#3929=EDGE_CURVE('',#3223,#3229,#337,.T.);
#3931=EDGE_CURVE('',#3229,#3467,#341,.T.);
#3933=EDGE_CURVE('',#3447,#3467,#2693,.T.);
#3935=EDGE_CURVE('',#3445,#3447,#533,.T.);
#3938=EDGE_CURVE('',#3436,#3216,#2129,.T.);
#3940=EDGE_CURVE('',#3585,#3436,#1441,.T.);
#3942=EDGE_CURVE('',#3585,#3587,#349,.T.);
#3944=EDGE_CURVE('',#3587,#3593,#353,.T.);
#3946=EDGE_CURVE('',#3593,#3595,#357,.T.);
#3948=EDGE_CURVE('',#3153,#3595,#1425,.T.);
#3950=EDGE_CURVE('',#3153,#3155,#361,.T.);
#3952=EDGE_CURVE('',#3155,#3161,#365,.T.);
#3954=EDGE_CURVE('',#3161,#3163,#369,.T.);
#3956=EDGE_CURVE('',#3049,#3163,#1409,.T.);
#3958=EDGE_CURVE('',#3049,#3051,#373,.T.);
#3960=EDGE_CURVE('',#3051,#3057,#377,.T.);
#3962=EDGE_CURVE('',#3057,#3059,#381,.T.);
#3964=EDGE_CURVE('',#2945,#3059,#1393,.T.);
#3966=EDGE_CURVE('',#2945,#2947,#385,.T.);
#3968=EDGE_CURVE('',#2947,#2953,#389,.T.);
#3970=EDGE_CURVE('',#2953,#2955,#393,.T.);
#3972=EDGE_CURVE('',#2841,#2955,#1377,.T.);
#3974=EDGE_CURVE('',#2841,#2843,#397,.T.);
#3976=EDGE_CURVE('',#2843,#2849,#401,.T.);
#3978=EDGE_CURVE('',#2849,#2851,#405,.T.);
#3980=EDGE_CURVE('',#3432,#2851,#1433,.T.);
#3982=EDGE_CURVE('',#3212,#3432,#2121,.T.);
#3992=EDGE_CURVE('',#3263,#3279,#489,.T.);
#3994=EDGE_CURVE('',#3279,#3281,#493,.T.);
#3996=EDGE_CURVE('',#3265,#3281,#497,.T.);
#3999=EDGE_CURVE('',#2745,#3182,#501,.T.);
#4001=EDGE_CURVE('',#3182,#3187,#505,.T.);
#4003=EDGE_CURVE('',#3189,#3187,#777,.T.);
#4005=EDGE_CURVE('',#3179,#3189,#509,.T.);
#4007=EDGE_CURVE('',#3179,#2753,#513,.T.);
#4009=EDGE_CURVE('',#2753,#3275,#2205,.T.);
#4011=EDGE_CURVE('',#3275,#3283,#517,.T.);
#4013=EDGE_CURVE('',#3283,#3285,#521,.T.);
#4015=EDGE_CURVE('',#3277,#3285,#525,.T.);
#4017=EDGE_CURVE('',#3277,#2748,#2229,.T.);
#4019=EDGE_CURVE('',#2740,#2748,#2177,.T.);
#4024=EDGE_CURVE('',#2776,#2777,#409,.T.);
#4026=EDGE_CURVE('',#2781,#2777,#413,.T.);
#4028=EDGE_CURVE('',#2780,#2781,#417,.T.);
#4030=EDGE_CURVE('',#2780,#2776,#421,.T.);
#4034=EDGE_CURVE('',#2880,#2881,#425,.T.);
#4036=EDGE_CURVE('',#2885,#2881,#429,.T.);
#4038=EDGE_CURVE('',#2884,#2885,#433,.T.);
#4040=EDGE_CURVE('',#2884,#2880,#437,.T.);
#4044=EDGE_CURVE('',#2984,#2985,#441,.T.);
#4046=EDGE_CURVE('',#2989,#2985,#445,.T.);
#4048=EDGE_CURVE('',#2988,#2989,#449,.T.);
#4050=EDGE_CURVE('',#2988,#2984,#453,.T.);
#4054=EDGE_CURVE('',#3088,#3089,#457,.T.);
#4056=EDGE_CURVE('',#3093,#3089,#461,.T.);
#4058=EDGE_CURVE('',#3092,#3093,#465,.T.);
#4060=EDGE_CURVE('',#3092,#3088,#469,.T.);
#4064=EDGE_CURVE('',#3520,#3521,#473,.T.);
#4066=EDGE_CURVE('',#3525,#3521,#477,.T.);
#4068=EDGE_CURVE('',#3524,#3525,#481,.T.);
#4070=EDGE_CURVE('',#3524,#3520,#485,.T.);
#4076=EDGE_CURVE('',#3447,#3449,#537,.T.);
#4082=EDGE_CURVE('',#3453,#3455,#549,.T.);
#4094=EDGE_CURVE('',#2809,#2804,#561,.T.);
#4096=EDGE_CURVE('',#2809,#2785,#565,.T.);
#4098=EDGE_CURVE('',#2784,#2785,#569,.T.);
#4100=EDGE_CURVE('',#2804,#2784,#573,.T.);
#4110=EDGE_CURVE('',#2821,#2829,#577,.T.);
#4112=EDGE_CURVE('',#2821,#2764,#581,.T.);
#4114=EDGE_CURVE('',#2764,#2777,#585,.T.);
#4117=EDGE_CURVE('',#2776,#2756,#589,.T.);
#4119=EDGE_CURVE('',#2756,#2757,#593,.T.);
#4121=EDGE_CURVE('',#2757,#2791,#597,.T.);
#4123=EDGE_CURVE('',#2789,#2791,#601,.T.);
#4125=EDGE_CURVE('',#2788,#2789,#605,.T.);
#4127=EDGE_CURVE('',#2788,#2829,#609,.T.);
#4137=EDGE_CURVE('',#2847,#2853,#613,.T.);
#4139=EDGE_CURVE('',#2847,#2768,#617,.T.);
#4141=EDGE_CURVE('',#2768,#2773,#621,.T.);
#4144=EDGE_CURVE('',#2853,#2856,#625,.T.);
#4154=EDGE_CURVE('',#2804,#2805,#669,.T.);
#4156=EDGE_CURVE('',#2807,#2805,#857,.T.);
#4158=EDGE_CURVE('',#2807,#2809,#941,.T.);
#4169=EDGE_CURVE('',#2908,#2909,#629,.T.);
#4171=EDGE_CURVE('',#2908,#2888,#1169,.T.);
#4173=EDGE_CURVE('',#2794,#2888,#961,.T.);
#4175=EDGE_CURVE('',#2817,#2794,#873,.T.);
#4177=EDGE_CURVE('',#2816,#2817,#633,.T.);
#4179=EDGE_CURVE('',#2909,#2816,#845,.T.);
#4189=EDGE_CURVE('',#3012,#3013,#637,.T.);
#4191=EDGE_CURVE('',#3012,#2992,#1581,.T.);
#4193=EDGE_CURVE('',#2898,#2992,#969,.T.);
#4195=EDGE_CURVE('',#2921,#2898,#1237,.T.);
#4197=EDGE_CURVE('',#2920,#2921,#641,.T.);
#4199=EDGE_CURVE('',#3013,#2920,#829,.T.);
#4209=EDGE_CURVE('',#3116,#3117,#645,.T.);
#4211=EDGE_CURVE('',#3116,#3096,#1793,.T.);
#4213=EDGE_CURVE('',#3002,#3096,#977,.T.);
#4215=EDGE_CURVE('',#3025,#3002,#1497,.T.);
#4217=EDGE_CURVE('',#3024,#3025,#649,.T.);
#4219=EDGE_CURVE('',#3117,#3024,#813,.T.);
#4229=EDGE_CURVE('',#3548,#3549,#653,.T.);
#4231=EDGE_CURVE('',#3548,#3528,#2005,.T.);
#4233=EDGE_CURVE('',#3106,#3528,#985,.T.);
#4235=EDGE_CURVE('',#3129,#3106,#1709,.T.);
#4237=EDGE_CURVE('',#3128,#3129,#657,.T.);
#4239=EDGE_CURVE('',#3549,#3128,#797,.T.);
#4249=EDGE_CURVE('',#3492,#3172,#1065,.T.);
#4251=EDGE_CURVE('',#3492,#3472,#1045,.T.);
#4253=EDGE_CURVE('',#3480,#3472,#2633,.T.);
#4255=EDGE_CURVE('',#3480,#3185,#661,.T.);
#4257=EDGE_CURVE('',#3185,#3193,#665,.T.);
#4259=EDGE_CURVE('',#2805,#3193,#773,.T.);
#4263=EDGE_CURVE('',#3172,#2784,#953,.T.);
#4273=EDGE_CURVE('',#3183,#3489,#673,.T.);
#4275=EDGE_CURVE('',#3489,#3477,#677,.T.);
#4277=EDGE_CURVE('',#3477,#3496,#1049,.T.);
#4279=EDGE_CURVE('',#3496,#3176,#1033,.T.);
#4281=EDGE_CURVE('',#3538,#3176,#949,.T.);
#4283=EDGE_CURVE('',#3561,#3538,#1921,.T.);
#4285=EDGE_CURVE('',#3560,#3561,#681,.T.);
#4287=EDGE_CURVE('',#3191,#3560,#781,.T.);
#4289=EDGE_CURVE('',#3183,#3191,#685,.T.);
#4300=EDGE_CURVE('',#2911,#2909,#841,.T.);
#4302=EDGE_CURVE('',#2913,#2911,#689,.T.);
#4304=EDGE_CURVE('',#2913,#2908,#1157,.T.);
#4315=EDGE_CURVE('',#3189,#3193,#2641,.T.);
#4318=EDGE_CURVE('',#3187,#3191,#2649,.T.);
#4321=EDGE_CURVE('',#3560,#3557,#785,.T.);
#4323=EDGE_CURVE('',#3557,#3551,#789,.T.);
#4325=EDGE_CURVE('',#3551,#3549,#793,.T.);
#4328=EDGE_CURVE('',#3128,#3125,#801,.T.);
#4330=EDGE_CURVE('',#3125,#3119,#805,.T.);
#4332=EDGE_CURVE('',#3119,#3117,#809,.T.);
#4335=EDGE_CURVE('',#3024,#3021,#817,.T.);
#4337=EDGE_CURVE('',#3021,#3015,#821,.T.);
#4339=EDGE_CURVE('',#3015,#3013,#825,.T.);
#4342=EDGE_CURVE('',#2920,#2917,#833,.T.);
#4344=EDGE_CURVE('',#2917,#2911,#837,.T.);
#4348=EDGE_CURVE('',#2816,#2813,#849,.T.);
#4350=EDGE_CURVE('',#2813,#2807,#853,.T.);
#4355=EDGE_CURVE('',#2824,#2825,#693,.T.);
#4357=EDGE_CURVE('',#2825,#2827,#697,.T.);
#4359=EDGE_CURVE('',#2827,#2831,#701,.T.);
#4361=EDGE_CURVE('',#2831,#2824,#705,.T.);
#4365=EDGE_CURVE('',#2928,#2929,#709,.T.);
#4367=EDGE_CURVE('',#2929,#2931,#713,.T.);
#4369=EDGE_CURVE('',#2931,#2935,#717,.T.);
#4371=EDGE_CURVE('',#2935,#2928,#721,.T.);
#4375=EDGE_CURVE('',#3032,#3033,#725,.T.);
#4377=EDGE_CURVE('',#3033,#3035,#729,.T.);
#4379=EDGE_CURVE('',#3035,#3039,#733,.T.);
#4381=EDGE_CURVE('',#3039,#3032,#737,.T.);
#4385=EDGE_CURVE('',#3136,#3137,#741,.T.);
#4387=EDGE_CURVE('',#3137,#3139,#745,.T.);
#4389=EDGE_CURVE('',#3139,#3143,#749,.T.);
#4391=EDGE_CURVE('',#3143,#3136,#753,.T.);
#4395=EDGE_CURVE('',#3568,#3569,#757,.T.);
#4397=EDGE_CURVE('',#3569,#3571,#761,.T.);
#4399=EDGE_CURVE('',#3571,#3575,#765,.T.);
#4401=EDGE_CURVE('',#3575,#3568,#769,.T.);
#4411=EDGE_CURVE('',#2820,#2821,#865,.T.);
#4413=EDGE_CURVE('',#2825,#2821,#861,.T.);
#4416=EDGE_CURVE('',#2824,#2820,#2733,.T.);
#4427=EDGE_CURVE('',#2820,#2765,#917,.T.);
#4429=EDGE_CURVE('',#2764,#2765,#2737,.T.);
#4440=EDGE_CURVE('',#2817,#2811,#869,.T.);
#4443=EDGE_CURVE('',#2794,#2795,#877,.T.);
#4445=EDGE_CURVE('',#2811,#2795,#881,.T.);
#4455=EDGE_CURVE('',#2833,#2820,#885,.T.);
#4457=EDGE_CURVE('',#2798,#2833,#889,.T.);
#4459=EDGE_CURVE('',#2798,#2799,#893,.T.);
#4461=EDGE_CURVE('',#2799,#2801,#897,.T.);
#4463=EDGE_CURVE('',#2761,#2801,#901,.T.);
#4465=EDGE_CURVE('',#2760,#2761,#905,.T.);
#4467=EDGE_CURVE('',#2780,#2760,#909,.T.);
#4470=EDGE_CURVE('',#2765,#2781,#913,.T.);
#4481=EDGE_CURVE('',#2837,#2839,#921,.T.);
#4484=EDGE_CURVE('',#2769,#2772,#925,.T.);
#4486=EDGE_CURVE('',#2845,#2769,#929,.T.);
#4488=EDGE_CURVE('',#2839,#2845,#933,.T.);
#4500=EDGE_CURVE('',#2813,#2811,#937,.T.);
#4511=EDGE_CURVE('',#2811,#2809,#945,.T.);
#4526=EDGE_CURVE('',#2785,#2795,#957,.T.);
#4538=EDGE_CURVE('',#3176,#3177,#1029,.T.);
#4540=EDGE_CURVE('',#3543,#3177,#1145,.T.);
#4542=EDGE_CURVE('',#3542,#3543,#1941,.T.);
#4544=EDGE_CURVE('',#3532,#3542,#2093,.T.);
#4546=EDGE_CURVE('',#3532,#3533,#2037,.T.);
#4548=EDGE_CURVE('',#3111,#3533,#1137,.T.);
#4550=EDGE_CURVE('',#3110,#3111,#1729,.T.);
#4552=EDGE_CURVE('',#3100,#3110,#1881,.T.);
#4554=EDGE_CURVE('',#3100,#3101,#1825,.T.);
#4556=EDGE_CURVE('',#3007,#3101,#1129,.T.);
#4558=EDGE_CURVE('',#3006,#3007,#1517,.T.);
#4560=EDGE_CURVE('',#2996,#3006,#1669,.T.);
#4562=EDGE_CURVE('',#2996,#2997,#1613,.T.);
#4564=EDGE_CURVE('',#2903,#2997,#1121,.T.);
#4566=EDGE_CURVE('',#2902,#2903,#1257,.T.);
#4568=EDGE_CURVE('',#2892,#2902,#1329,.T.);
#4570=EDGE_CURVE('',#2892,#2893,#1201,.T.);
#4572=EDGE_CURVE('',#2799,#2893,#1113,.T.);
#4575=EDGE_CURVE('',#2788,#2798,#2721,.T.);
#4578=EDGE_CURVE('',#3173,#2789,#1105,.T.);
#4580=EDGE_CURVE('',#3172,#3173,#1069,.T.);
#4587=EDGE_CURVE('',#2888,#2889,#1165,.T.);
#4589=EDGE_CURVE('',#2889,#2899,#965,.T.);
#4591=EDGE_CURVE('',#2898,#2899,#1241,.T.);
#4594=EDGE_CURVE('',#2992,#2993,#1577,.T.);
#4596=EDGE_CURVE('',#2993,#3003,#973,.T.);
#4598=EDGE_CURVE('',#3002,#3003,#1501,.T.);
#4601=EDGE_CURVE('',#3096,#3097,#1789,.T.);
#4603=EDGE_CURVE('',#3097,#3107,#981,.T.);
#4605=EDGE_CURVE('',#3106,#3107,#1713,.T.);
#4608=EDGE_CURVE('',#3528,#3529,#2001,.T.);
#4610=EDGE_CURVE('',#3529,#3539,#989,.T.);
#4612=EDGE_CURVE('',#3538,#3539,#1925,.T.);
#4622=EDGE_CURVE('',#3496,#3497,#993,.T.);
#4624=EDGE_CURVE('',#3486,#3497,#997,.T.);
#4626=EDGE_CURVE('',#3395,#3486,#2629,.T.);
#4628=EDGE_CURVE('',#3395,#3393,#1001,.T.);
#4631=EDGE_CURVE('',#3226,#3227,#1009,.T.);
#4633=EDGE_CURVE('',#3227,#3229,#1013,.T.);
#4635=EDGE_CURVE('',#3196,#3229,#1017,.T.);
#4637=EDGE_CURVE('',#3196,#3197,#1021,.T.);
#4639=EDGE_CURVE('',#3177,#3197,#1025,.T.);
#4651=EDGE_CURVE('',#3492,#3493,#1061,.T.);
#4653=EDGE_CURVE('',#3473,#3493,#1037,.T.);
#4655=EDGE_CURVE('',#3472,#3473,#1041,.T.);
#4668=EDGE_CURVE('',#3476,#3477,#1053,.T.);
#4670=EDGE_CURVE('',#3497,#3476,#1057,.T.);
#4683=EDGE_CURVE('',#3173,#3204,#1073,.T.);
#4685=EDGE_CURVE('',#3204,#3205,#1077,.T.);
#4687=EDGE_CURVE('',#3205,#3223,#1081,.T.);
#4689=EDGE_CURVE('',#3221,#3223,#1085,.T.);
#4691=EDGE_CURVE('',#3220,#3221,#1089,.T.);
#4694=EDGE_CURVE('',#3403,#3401,#1097,.T.);
#4696=EDGE_CURVE('',#3401,#3483,#2593,.T.);
#4698=EDGE_CURVE('',#3483,#3493,#1101,.T.);
#4711=EDGE_CURVE('',#2791,#2801,#1109,.T.);
#4715=EDGE_CURVE('',#2893,#2895,#1197,.T.);
#4717=EDGE_CURVE('',#2895,#2905,#1117,.T.);
#4719=EDGE_CURVE('',#2903,#2905,#1261,.T.);
#4722=EDGE_CURVE('',#2997,#2999,#1609,.T.);
#4724=EDGE_CURVE('',#2999,#3009,#1125,.T.);
#4726=EDGE_CURVE('',#3007,#3009,#1521,.T.);
#4729=EDGE_CURVE('',#3101,#3103,#1821,.T.);
#4731=EDGE_CURVE('',#3103,#3113,#1133,.T.);
#4733=EDGE_CURVE('',#3111,#3113,#1733,.T.);
#4736=EDGE_CURVE('',#3533,#3535,#2033,.T.);
#4738=EDGE_CURVE('',#3535,#3545,#1141,.T.);
#4740=EDGE_CURVE('',#3543,#3545,#1945,.T.);
#4744=EDGE_CURVE('',#3204,#3197,#2173,.T.);
#4755=EDGE_CURVE('',#2757,#2761,#1149,.T.);
#4768=EDGE_CURVE('',#2756,#2760,#1153,.T.);
#4793=EDGE_CURVE('',#2913,#2889,#1161,.T.);
#4805=EDGE_CURVE('',#2925,#2933,#1173,.T.);
#4807=EDGE_CURVE('',#2925,#2868,#1177,.T.);
#4809=EDGE_CURVE('',#2868,#2881,#1181,.T.);
#4812=EDGE_CURVE('',#2880,#2860,#1185,.T.);
#4814=EDGE_CURVE('',#2860,#2861,#1189,.T.);
#4816=EDGE_CURVE('',#2861,#2895,#1193,.T.);
#4820=EDGE_CURVE('',#2892,#2933,#1205,.T.);
#4830=EDGE_CURVE('',#2951,#2957,#1209,.T.);
#4832=EDGE_CURVE('',#2951,#2872,#1213,.T.);
#4834=EDGE_CURVE('',#2872,#2877,#1217,.T.);
#4837=EDGE_CURVE('',#2957,#2960,#1221,.T.);
#4847=EDGE_CURVE('',#2915,#2913,#1225,.T.);
#4849=EDGE_CURVE('',#2915,#2899,#1245,.T.);
#4864=EDGE_CURVE('',#2915,#2917,#1229,.T.);
#4875=EDGE_CURVE('',#2921,#2915,#1233,.T.);
#4899=EDGE_CURVE('',#2937,#2924,#1249,.T.);
#4901=EDGE_CURVE('',#2902,#2937,#1253,.T.);
#4905=EDGE_CURVE('',#2865,#2905,#1265,.T.);
#4907=EDGE_CURVE('',#2864,#2865,#1269,.T.);
#4909=EDGE_CURVE('',#2884,#2864,#1273,.T.);
#4912=EDGE_CURVE('',#2869,#2885,#1277,.T.);
#4914=EDGE_CURVE('',#2924,#2869,#1281,.T.);
#4924=EDGE_CURVE('',#2941,#2943,#1285,.T.);
#4927=EDGE_CURVE('',#2873,#2876,#1289,.T.);
#4929=EDGE_CURVE('',#2949,#2873,#1293,.T.);
#4931=EDGE_CURVE('',#2943,#2949,#1297,.T.);
#4942=EDGE_CURVE('',#2937,#2935,#1301,.T.);
#4945=EDGE_CURVE('',#2924,#2928,#1313,.T.);
#4956=EDGE_CURVE('',#2933,#2931,#1305,.T.);
#4958=EDGE_CURVE('',#2933,#2937,#1325,.T.);
#4970=EDGE_CURVE('',#2925,#2929,#1309,.T.);
#4982=EDGE_CURVE('',#2924,#2925,#1317,.T.);
#4997=EDGE_CURVE('',#2868,#2869,#1321,.T.);
#5033=EDGE_CURVE('',#2861,#2865,#1333,.T.);
#5046=EDGE_CURVE('',#2860,#2864,#1337,.T.);
#5072=EDGE_CURVE('',#2943,#2945,#1341,.T.);
#5074=EDGE_CURVE('',#2940,#2945,#1389,.T.);
#5087=EDGE_CURVE('',#2949,#2947,#1345,.T.);
#5097=EDGE_CURVE('',#2949,#2951,#1349,.T.);
#5099=EDGE_CURVE('',#2951,#2953,#1357,.T.);
#5113=EDGE_CURVE('',#2872,#2873,#1353,.T.);
#5139=EDGE_CURVE('',#2957,#2955,#1361,.T.);
#5150=EDGE_CURVE('',#2955,#2961,#1365,.T.);
#5164=EDGE_CURVE('',#2836,#2841,#1373,.T.);
#5175=EDGE_CURVE('',#3059,#3065,#1381,.T.);
#5188=EDGE_CURVE('',#3163,#3169,#1397,.T.);
#5191=EDGE_CURVE('',#3044,#3049,#1405,.T.);
#5202=EDGE_CURVE('',#3595,#3601,#1413,.T.);
#5205=EDGE_CURVE('',#3148,#3153,#1421,.T.);
#5219=EDGE_CURVE('',#2851,#2857,#1437,.T.);
#5230=EDGE_CURVE('',#3436,#3429,#2113,.T.);
#5233=EDGE_CURVE('',#3580,#3585,#1449,.T.);
#5245=EDGE_CURVE('',#2841,#2839,#1453,.T.);
#5259=EDGE_CURVE('',#2845,#2843,#1461,.T.);
#5269=EDGE_CURVE('',#2845,#2847,#1465,.T.);
#5271=EDGE_CURVE('',#2849,#2847,#1457,.T.);
#5285=EDGE_CURVE('',#2768,#2769,#1469,.T.);
#5311=EDGE_CURVE('',#2851,#2853,#1473,.T.);
#5335=EDGE_CURVE('',#3061,#3059,#1477,.T.);
#5337=EDGE_CURVE('',#3061,#3064,#1633,.T.);
#5348=EDGE_CURVE('',#3055,#3057,#1481,.T.);
#5350=EDGE_CURVE('',#3055,#3061,#1621,.T.);
#5361=EDGE_CURVE('',#3053,#3055,#1489,.T.);
#5365=EDGE_CURVE('',#3053,#3051,#1485,.T.);
#5376=EDGE_CURVE('',#3053,#2977,#1553,.T.);
#5378=EDGE_CURVE('',#2976,#2977,#1681,.T.);
#5380=EDGE_CURVE('',#3055,#2976,#1625,.T.);
#5390=EDGE_CURVE('',#3025,#3019,#1493,.T.);
#5394=EDGE_CURVE('',#3019,#3003,#1505,.T.);
#5404=EDGE_CURVE('',#3041,#3028,#1509,.T.);
#5406=EDGE_CURVE('',#3006,#3041,#1513,.T.);
#5410=EDGE_CURVE('',#2969,#3009,#1525,.T.);
#5412=EDGE_CURVE('',#2968,#2969,#1529,.T.);
#5414=EDGE_CURVE('',#2988,#2968,#1533,.T.);
#5417=EDGE_CURVE('',#2973,#2989,#1537,.T.);
#5419=EDGE_CURVE('',#3028,#2973,#1541,.T.);
#5429=EDGE_CURVE('',#3045,#3047,#1545,.T.);
#5432=EDGE_CURVE('',#2977,#2980,#1549,.T.);
#5435=EDGE_CURVE('',#3047,#3053,#1557,.T.);
#5447=EDGE_CURVE('',#3019,#3021,#1561,.T.);
#5458=EDGE_CURVE('',#3019,#3017,#1565,.T.);
#5460=EDGE_CURVE('',#3017,#3015,#1637,.T.);
#5475=EDGE_CURVE('',#3017,#2993,#1573,.T.);
#5485=EDGE_CURVE('',#3017,#3012,#1569,.T.);
#5498=EDGE_CURVE('',#3029,#3037,#1585,.T.);
#5500=EDGE_CURVE('',#3029,#2972,#1589,.T.);
#5502=EDGE_CURVE('',#2972,#2985,#1593,.T.);
#5505=EDGE_CURVE('',#2984,#2964,#1597,.T.);
#5507=EDGE_CURVE('',#2964,#2965,#1601,.T.);
#5509=EDGE_CURVE('',#2965,#2999,#1605,.T.);
#5513=EDGE_CURVE('',#2996,#3037,#1617,.T.);
#5525=EDGE_CURVE('',#2976,#2981,#1629,.T.);
#5550=EDGE_CURVE('',#3029,#3033,#1641,.T.);
#5553=EDGE_CURVE('',#3037,#3035,#1661,.T.);
#5563=EDGE_CURVE('',#3028,#3029,#1649,.T.);
#5567=EDGE_CURVE('',#3028,#3032,#1645,.T.);
#5579=EDGE_CURVE('',#2972,#2973,#1653,.T.);
#5603=EDGE_CURVE('',#3041,#3039,#1657,.T.);
#5617=EDGE_CURVE('',#3037,#3041,#1665,.T.);
#5642=EDGE_CURVE('',#2964,#2968,#1673,.T.);
#5656=EDGE_CURVE('',#2965,#2969,#1677,.T.);
#5692=EDGE_CURVE('',#3047,#3049,#1685,.T.);
#5717=EDGE_CURVE('',#3165,#3163,#1689,.T.);
#5719=EDGE_CURVE('',#3165,#3168,#1845,.T.);
#5730=EDGE_CURVE('',#3159,#3161,#1693,.T.);
#5732=EDGE_CURVE('',#3159,#3165,#1833,.T.);
#5743=EDGE_CURVE('',#3157,#3159,#1701,.T.);
#5747=EDGE_CURVE('',#3157,#3155,#1697,.T.);
#5758=EDGE_CURVE('',#3157,#3081,#1765,.T.);
#5760=EDGE_CURVE('',#3080,#3081,#1893,.T.);
#5762=EDGE_CURVE('',#3159,#3080,#1837,.T.);
#5772=EDGE_CURVE('',#3129,#3123,#1705,.T.);
#5776=EDGE_CURVE('',#3123,#3107,#1717,.T.);
#5786=EDGE_CURVE('',#3145,#3132,#1721,.T.);
#5788=EDGE_CURVE('',#3110,#3145,#1725,.T.);
#5792=EDGE_CURVE('',#3073,#3113,#1737,.T.);
#5794=EDGE_CURVE('',#3072,#3073,#1741,.T.);
#5796=EDGE_CURVE('',#3092,#3072,#1745,.T.);
#5799=EDGE_CURVE('',#3077,#3093,#1749,.T.);
#5801=EDGE_CURVE('',#3132,#3077,#1753,.T.);
#5811=EDGE_CURVE('',#3149,#3151,#1757,.T.);
#5814=EDGE_CURVE('',#3081,#3084,#1761,.T.);
#5817=EDGE_CURVE('',#3151,#3157,#1769,.T.);
#5829=EDGE_CURVE('',#3123,#3125,#1773,.T.);
#5840=EDGE_CURVE('',#3123,#3121,#1777,.T.);
#5842=EDGE_CURVE('',#3121,#3119,#1849,.T.);
#5857=EDGE_CURVE('',#3121,#3097,#1785,.T.);
#5867=EDGE_CURVE('',#3121,#3116,#1781,.T.);
#5880=EDGE_CURVE('',#3133,#3141,#1797,.T.);
#5882=EDGE_CURVE('',#3133,#3076,#1801,.T.);
#5884=EDGE_CURVE('',#3076,#3089,#1805,.T.);
#5887=EDGE_CURVE('',#3088,#3068,#1809,.T.);
#5889=EDGE_CURVE('',#3068,#3069,#1813,.T.);
#5891=EDGE_CURVE('',#3069,#3103,#1817,.T.);
#5895=EDGE_CURVE('',#3100,#3141,#1829,.T.);
#5907=EDGE_CURVE('',#3080,#3085,#1841,.T.);
#5932=EDGE_CURVE('',#3133,#3137,#1853,.T.);
#5935=EDGE_CURVE('',#3141,#3139,#1873,.T.);
#5945=EDGE_CURVE('',#3132,#3133,#1861,.T.);
#5949=EDGE_CURVE('',#3132,#3136,#1857,.T.);
#5961=EDGE_CURVE('',#3076,#3077,#1865,.T.);
#5985=EDGE_CURVE('',#3145,#3143,#1869,.T.);
#5999=EDGE_CURVE('',#3141,#3145,#1877,.T.);
#6024=EDGE_CURVE('',#3068,#3072,#1885,.T.);
#6038=EDGE_CURVE('',#3069,#3073,#1889,.T.);
#6074=EDGE_CURVE('',#3151,#3153,#1897,.T.);
#6099=EDGE_CURVE('',#3597,#3595,#1901,.T.);
#6101=EDGE_CURVE('',#3597,#3600,#2057,.T.);
#6112=EDGE_CURVE('',#3591,#3593,#1905,.T.);
#6114=EDGE_CURVE('',#3591,#3597,#2045,.T.);
#6125=EDGE_CURVE('',#3589,#3591,#1913,.T.);
#6129=EDGE_CURVE('',#3589,#3587,#1909,.T.);
#6140=EDGE_CURVE('',#3589,#3513,#1977,.T.);
#6142=EDGE_CURVE('',#3512,#3513,#2105,.T.);
#6144=EDGE_CURVE('',#3591,#3512,#2049,.T.);
#6154=EDGE_CURVE('',#3561,#3555,#1917,.T.);
#6158=EDGE_CURVE('',#3555,#3539,#1929,.T.);
#6168=EDGE_CURVE('',#3577,#3564,#1933,.T.);
#6170=EDGE_CURVE('',#3542,#3577,#1937,.T.);
#6174=EDGE_CURVE('',#3505,#3545,#1949,.T.);
#6176=EDGE_CURVE('',#3504,#3505,#1953,.T.);
#6178=EDGE_CURVE('',#3524,#3504,#1957,.T.);
#6181=EDGE_CURVE('',#3509,#3525,#1961,.T.);
#6183=EDGE_CURVE('',#3564,#3509,#1965,.T.);
#6193=EDGE_CURVE('',#3581,#3583,#1969,.T.);
#6196=EDGE_CURVE('',#3513,#3516,#1973,.T.);
#6199=EDGE_CURVE('',#3583,#3589,#1981,.T.);
#6211=EDGE_CURVE('',#3555,#3557,#1985,.T.);
#6222=EDGE_CURVE('',#3555,#3553,#1989,.T.);
#6224=EDGE_CURVE('',#3553,#3551,#2061,.T.);
#6239=EDGE_CURVE('',#3553,#3529,#1997,.T.);
#6249=EDGE_CURVE('',#3553,#3548,#1993,.T.);
#6262=EDGE_CURVE('',#3565,#3573,#2009,.T.);
#6264=EDGE_CURVE('',#3565,#3508,#2013,.T.);
#6266=EDGE_CURVE('',#3508,#3521,#2017,.T.);
#6269=EDGE_CURVE('',#3520,#3500,#2021,.T.);
#6271=EDGE_CURVE('',#3500,#3501,#2025,.T.);
#6273=EDGE_CURVE('',#3501,#3535,#2029,.T.);
#6277=EDGE_CURVE('',#3532,#3573,#2041,.T.);
#6289=EDGE_CURVE('',#3512,#3517,#2053,.T.);
#6314=EDGE_CURVE('',#3565,#3569,#2065,.T.);
#6317=EDGE_CURVE('',#3573,#3571,#2085,.T.);
#6327=EDGE_CURVE('',#3564,#3565,#2073,.T.);
#6331=EDGE_CURVE('',#3564,#3568,#2069,.T.);
#6343=EDGE_CURVE('',#3508,#3509,#2077,.T.);
#6367=EDGE_CURVE('',#3577,#3575,#2081,.T.);
#6381=EDGE_CURVE('',#3573,#3577,#2089,.T.);
#6406=EDGE_CURVE('',#3500,#3504,#2097,.T.);
#6420=EDGE_CURVE('',#3501,#3505,#2101,.T.);
#6456=EDGE_CURVE('',#3583,#3585,#2109,.T.);
#6481=EDGE_CURVE('',#3436,#3437,#2125,.T.);
#6483=EDGE_CURVE('',#3437,#3441,#2145,.T.);
#6485=EDGE_CURVE('',#3428,#3441,#2157,.T.);
#6496=EDGE_CURVE('',#3213,#3433,#2141,.T.);
#6511=EDGE_CURVE('',#3437,#3217,#2149,.T.);
#6536=EDGE_CURVE('',#3413,#3441,#2153,.T.);
#6548=EDGE_CURVE('',#3413,#3409,#2161,.T.);
#6571=EDGE_CURVE('',#3201,#3208,#2169,.T.);
#6573=EDGE_CURVE('',#3204,#3208,#2669,.T.);
#6576=EDGE_CURVE('',#3201,#3197,#2657,.T.);
#6588=EDGE_CURVE('',#2748,#2749,#2225,.T.);
#6593=EDGE_CURVE('',#3200,#3201,#2181,.T.);
#6595=EDGE_CURVE('',#3209,#3200,#2661,.T.);
#6597=EDGE_CURVE('',#3208,#3209,#2185,.T.);
#6608=EDGE_CURVE('',#3336,#3337,#2189,.T.);
#6610=EDGE_CURVE('',#3272,#3336,#2193,.T.);
#6612=EDGE_CURVE('',#3272,#3273,#2197,.T.);
#6614=EDGE_CURVE('',#3275,#3273,#2201,.T.);
#6617=EDGE_CURVE('',#2752,#2753,#2209,.T.);
#6628=EDGE_CURVE('',#3360,#3361,#2217,.T.);
#6633=EDGE_CURVE('',#3277,#3268,#2233,.T.);
#6635=EDGE_CURVE('',#3268,#3269,#2237,.T.);
#6637=EDGE_CURVE('',#3269,#3361,#2241,.T.);
#6649=EDGE_CURVE('',#3329,#3339,#2245,.T.);
#6651=EDGE_CURVE('',#3336,#3329,#2509,.T.);
#6662=EDGE_CURVE('',#3343,#3341,#2249,.T.);
#6664=EDGE_CURVE('',#3329,#3343,#2533,.T.);
#6676=EDGE_CURVE('',#3347,#3345,#2253,.T.);
#6678=EDGE_CURVE('',#3343,#3347,#2577,.T.);
#6689=EDGE_CURVE('',#3347,#3349,#2269,.T.);
#6693=EDGE_CURVE('',#3349,#3351,#2257,.T.);
#6703=EDGE_CURVE('',#3237,#3316,#2313,.T.);
#6705=EDGE_CURVE('',#3312,#3316,#2553,.T.);
#6707=EDGE_CURVE('',#3312,#3288,#2261,.T.);
#6709=EDGE_CURVE('',#3288,#3289,#2265,.T.);
#6711=EDGE_CURVE('',#3321,#3289,#2501,.T.);
#6713=EDGE_CURVE('',#3325,#3321,#2517,.T.);
#6715=EDGE_CURVE('',#3325,#3232,#2337,.T.);
#6717=EDGE_CURVE('',#3347,#3232,#2581,.T.);
#6720=EDGE_CURVE('',#3349,#3237,#2273,.T.);
#6730=EDGE_CURVE('',#3300,#3301,#2277,.T.);
#6732=EDGE_CURVE('',#3245,#3300,#2281,.T.);
#6734=EDGE_CURVE('',#3244,#3245,#2285,.T.);
#6736=EDGE_CURVE('',#3301,#3244,#2289,.T.);
#6746=EDGE_CURVE('',#3308,#3309,#2293,.T.);
#6748=EDGE_CURVE('',#3241,#3308,#2297,.T.);
#6750=EDGE_CURVE('',#3240,#3241,#2301,.T.);
#6752=EDGE_CURVE('',#3309,#3240,#2305,.T.);
#6762=EDGE_CURVE('',#3316,#3317,#2309,.T.);
#6765=EDGE_CURVE('',#3236,#3237,#2317,.T.);
#6767=EDGE_CURVE('',#3317,#3236,#2321,.T.);
#6777=EDGE_CURVE('',#3324,#3325,#2325,.T.);
#6779=EDGE_CURVE('',#3233,#3324,#2329,.T.);
#6781=EDGE_CURVE('',#3232,#3233,#2333,.T.);
#6792=EDGE_CURVE('',#3296,#3297,#2349,.T.);
#6794=EDGE_CURVE('',#3296,#3300,#2341,.T.);
#6797=EDGE_CURVE('',#3301,#3297,#2345,.T.);
#6808=EDGE_CURVE('',#3297,#3293,#2353,.T.);
#6810=EDGE_CURVE('',#3293,#3257,#2357,.T.);
#6814=EDGE_CURVE('',#3296,#3331,#2397,.T.);
#6827=EDGE_CURVE('',#3373,#3244,#2385,.T.);
#6829=EDGE_CURVE('',#3373,#3379,#2365,.T.);
#6831=EDGE_CURVE('',#3379,#3241,#2369,.T.);
#6834=EDGE_CURVE('',#3304,#3308,#2429,.T.);
#6836=EDGE_CURVE('',#3304,#3292,#2373,.T.);
#6838=EDGE_CURVE('',#3292,#3293,#2377,.T.);
#6848=EDGE_CURVE('',#3369,#3373,#2381,.T.);
#6852=EDGE_CURVE('',#3369,#3245,#2405,.T.);
#6863=EDGE_CURVE('',#3369,#3371,#2393,.T.);
#6866=EDGE_CURVE('',#3373,#3375,#2389,.T.);
#6876=EDGE_CURVE('',#3331,#3369,#2401,.T.);
#6902=EDGE_CURVE('',#3333,#3305,#2409,.T.);
#6904=EDGE_CURVE('',#3309,#3305,#2433,.T.);
#6907=EDGE_CURVE('',#3383,#3240,#2449,.T.);
#6909=EDGE_CURVE('',#3383,#3333,#2413,.T.);
#6919=EDGE_CURVE('',#3304,#3305,#2417,.T.);
#6922=EDGE_CURVE('',#3333,#3389,#2421,.T.);
#6925=EDGE_CURVE('',#3260,#3292,#2425,.T.);
#6950=EDGE_CURVE('',#3333,#3385,#2437,.T.);
#6962=EDGE_CURVE('',#3383,#3381,#2441,.T.);
#6976=EDGE_CURVE('',#3379,#3383,#2445,.T.);
#6978=EDGE_CURVE('',#3379,#3377,#2453,.T.);
#7017=EDGE_CURVE('',#3249,#3261,#2457,.T.);
#7019=EDGE_CURVE('',#3248,#3249,#2461,.T.);
#7021=EDGE_CURVE('',#3256,#3248,#2465,.T.);
#7032=EDGE_CURVE('',#3253,#3268,#2469,.T.);
#7034=EDGE_CURVE('',#3252,#3253,#2473,.T.);
#7036=EDGE_CURVE('',#3273,#3252,#2477,.T.);
#7039=EDGE_CURVE('',#3289,#3272,#2505,.T.);
#7042=EDGE_CURVE('',#3269,#3288,#2549,.T.);
#7054=EDGE_CURVE('',#3281,#3249,#2481,.T.);
#7066=EDGE_CURVE('',#3279,#3248,#2485,.T.);
#7092=EDGE_CURVE('',#3285,#3253,#2489,.T.);
#7104=EDGE_CURVE('',#3283,#3252,#2493,.T.);
#7128=EDGE_CURVE('',#3320,#3321,#2497,.T.);
#7134=EDGE_CURVE('',#3320,#3329,#2529,.T.);
#7145=EDGE_CURVE('',#3320,#3324,#2513,.T.);
#7157=EDGE_CURVE('',#3327,#3313,#2521,.T.);
#7159=EDGE_CURVE('',#3317,#3313,#2557,.T.);
#7162=EDGE_CURVE('',#3353,#3236,#2573,.T.);
#7164=EDGE_CURVE('',#3353,#3327,#2525,.T.);
#7178=EDGE_CURVE('',#3343,#3233,#2537,.T.);
#7188=EDGE_CURVE('',#3312,#3313,#2541,.T.);
#7191=EDGE_CURVE('',#3327,#3361,#2545,.T.);
#7218=EDGE_CURVE('',#3327,#3357,#2561,.T.);
#7230=EDGE_CURVE('',#3353,#3355,#2565,.T.);
#7242=EDGE_CURVE('',#3349,#3353,#2569,.T.);
#7280=EDGE_CURVE('',#3480,#3481,#2585,.T.);
#7282=EDGE_CURVE('',#3481,#3483,#2589,.T.);
#7285=EDGE_CURVE('',#3400,#3401,#2597,.T.);
#7290=EDGE_CURVE('',#3179,#3185,#2605,.T.);
#7300=EDGE_CURVE('',#3486,#3487,#2609,.T.);
#7302=EDGE_CURVE('',#3487,#3489,#2613,.T.);
#7305=EDGE_CURVE('',#3182,#3183,#2617,.T.);
#7310=EDGE_CURVE('',#3395,#3397,#2625,.T.);
#7324=EDGE_CURVE('',#3481,#3473,#2637,.T.);
#7373=EDGE_CURVE('',#3487,#3476,#2645,.T.);
#7420=EDGE_CURVE('',#3196,#3200,#2653,.T.);
#7432=EDGE_CURVE('',#3205,#3196,#2665,.T.);
#7434=EDGE_CURVE('',#3209,#3205,#2673,.T.);
#7470=EDGE_CURVE('',#3461,#3467,#2677,.T.);
#7474=EDGE_CURVE('',#3227,#3461,#2681,.T.);
#7484=EDGE_CURVE('',#3465,#3469,#2685,.T.);
#7486=EDGE_CURVE('',#3465,#3221,#2689,.T.);
#7501=EDGE_CURVE('',#3460,#3461,#2697,.T.);
#7524=EDGE_CURVE('',#3464,#3465,#2705,.T.);
#7550=EDGE_CURVE('',#2829,#2833,#2717,.T.);
#7564=EDGE_CURVE('',#2827,#2829,#2729,.T.);
#7567=EDGE_CURVE('',#2831,#2833,#2725,.T.);
#7621=AXIS2_PLACEMENT_3D('',#7618,#7619,#7620);
#7622=ADVANCED_BREP_SHAPE_REPRESENTATION('',(#7621,#7609),#7617);
#7629=PRODUCT_DEFINITION('design','',#7628,#7625);
#7630=PRODUCT_DEFINITION_SHAPE('','SHAPE FOR HSG_U5P.',#7629);
#7631=SHAPE_DEFINITION_REPRESENTATION(#7630,#7622);
#7632=SHAPE_DEFINITION_REPRESENTATION(#7633,#7634);
#7633=PRODUCT_DEFINITION_SHAPE('','SHAPE FOR 59453-052110ECLF_ASM.',#14381);
#7634=SHAPE_REPRESENTATION('',(#7640,#8961,#8970,#8979,#8988,#8997,#13303,
#14352,#14361,#14376),#14372);
#7635=NEXT_ASSEMBLY_USAGE_OCCURRENCE('321','Next assembly relationship',
'HSG_U5P',#14381,#7629,$);
#7636=PRODUCT_DEFINITION_SHAPE('Placement #321',
'Placement of HSG_U5P with respect to 59453-052110ECLF_ASM',#7635);
#7673=CIRCLE('',#7672,3.E-2);
#7682=CIRCLE('',#7681,3.E-2);
#7703=CIRCLE('',#7702,8.E-2);
#7712=CIRCLE('',#7711,5.E-2);
#7721=CIRCLE('',#7720,1.E-1);
#7778=CIRCLE('',#7777,1.E-1);
#7831=CIRCLE('',#7830,5.E-2);
#7836=CIRCLE('',#7835,5.E-2);
#7849=CIRCLE('',#7848,1.E-1);
#7854=CIRCLE('',#7853,1.E-1);
#7951=CIRCLE('',#7950,1.E-1);
#7968=CIRCLE('',#7967,3.E-2);
#8013=CIRCLE('',#8012,1.E-1);
#8022=CIRCLE('',#8021,5.E-2);
#8031=CIRCLE('',#8030,8.E-2);
#8056=CIRCLE('',#8055,3.E-2);
#8065=CIRCLE('',#8064,3.E-2);
#8093=B_SPLINE_CURVE_WITH_KNOTS('',3,(#8086,#8087,#8088,#8089,#8090,#8091,
#8092),.UNSPECIFIED.,.F.,.F.,(4,1,1,1,4),(0.E0,2.5E-1,5.E-1,7.5E-1,1.E0),
.UNSPECIFIED.);
#8278=EDGE_CURVE('',#8263,#8264,#7648,.T.);
#8280=EDGE_CURVE('',#8263,#8167,#7652,.T.);
#8282=EDGE_CURVE('',#8167,#8124,#7656,.T.);
#8284=EDGE_CURVE('',#8124,#8125,#7660,.T.);
#8286=EDGE_CURVE('',#8125,#8127,#7664,.T.);
#8288=EDGE_CURVE('',#8127,#8129,#7668,.T.);
#8290=EDGE_CURVE('',#8129,#8131,#7673,.T.);
#8292=EDGE_CURVE('',#8131,#8133,#7677,.T.);
#8294=EDGE_CURVE('',#8133,#8135,#7682,.T.);
#8296=EDGE_CURVE('',#8135,#8137,#7686,.T.);
#8298=EDGE_CURVE('',#8137,#8245,#7690,.T.);
#8300=EDGE_CURVE('',#8244,#8245,#7694,.T.);
#8302=EDGE_CURVE('',#8244,#8140,#7698,.T.);
#8304=EDGE_CURVE('',#8140,#8141,#7703,.T.);
#8306=EDGE_CURVE('',#8141,#8143,#7707,.T.);
#8308=EDGE_CURVE('',#8143,#8145,#7712,.T.);
#8310=EDGE_CURVE('',#8145,#8147,#7716,.T.);
#8312=EDGE_CURVE('',#8147,#8149,#7721,.T.);
#8314=EDGE_CURVE('',#8149,#8151,#7725,.T.);
#8316=EDGE_CURVE('',#8151,#8153,#7729,.T.);
#8318=EDGE_CURVE('',#8153,#8232,#7733,.T.);
#8320=EDGE_CURVE('',#8228,#8232,#7849,.T.);
#8322=EDGE_CURVE('',#8228,#8240,#7737,.T.);
#8324=EDGE_CURVE('',#8236,#8240,#7831,.T.);
#8326=EDGE_CURVE('',#8236,#8156,#7741,.T.);
#8328=EDGE_CURVE('',#8156,#8157,#7745,.T.);
#8330=EDGE_CURVE('',#8157,#8159,#7749,.T.);
#8332=EDGE_CURVE('',#8159,#8161,#7753,.T.);
#8334=EDGE_CURVE('',#8161,#8254,#7757,.T.);
#8336=EDGE_CURVE('',#8254,#8255,#7761,.T.);
#8338=EDGE_CURVE('',#8255,#8164,#7765,.T.);
#8340=EDGE_CURVE('',#8164,#8165,#7769,.T.);
#8342=EDGE_CURVE('',#8165,#8266,#7773,.T.);
#8344=EDGE_CURVE('',#8266,#8264,#7778,.T.);
#8355=EDGE_CURVE('',#8270,#8264,#7782,.T.);
#8357=EDGE_CURVE('',#8269,#8270,#7946,.T.);
#8359=EDGE_CURVE('',#8263,#8269,#7942,.T.);
#8370=EDGE_CURVE('',#8266,#8272,#7786,.T.);
#8372=EDGE_CURVE('',#8272,#8270,#7951,.T.);
#8385=EDGE_CURVE('',#8165,#8223,#7790,.T.);
#8387=EDGE_CURVE('',#8223,#8272,#7955,.T.);
#8398=EDGE_CURVE('',#8164,#8221,#7794,.T.);
#8400=EDGE_CURVE('',#8221,#8223,#7959,.T.);
#8411=EDGE_CURVE('',#8260,#8255,#7798,.T.);
#8413=EDGE_CURVE('',#8260,#8219,#7802,.T.);
#8415=EDGE_CURVE('',#8219,#8221,#7963,.T.);
#8427=EDGE_CURVE('',#8254,#8257,#7806,.T.);
#8429=EDGE_CURVE('',#8257,#8259,#8101,.T.);
#8431=EDGE_CURVE('',#8259,#8260,#8093,.T.);
#8445=EDGE_CURVE('',#8161,#8213,#7810,.T.);
#8447=EDGE_CURVE('',#8213,#8215,#7976,.T.);
#8449=EDGE_CURVE('',#8257,#8215,#8105,.T.);
#8460=EDGE_CURVE('',#8159,#8211,#7814,.T.);
#8462=EDGE_CURVE('',#8211,#8213,#7980,.T.);
#8474=EDGE_CURVE('',#8157,#8209,#7818,.T.);
#8476=EDGE_CURVE('',#8209,#8211,#7984,.T.);
#8488=EDGE_CURVE('',#8156,#8208,#7822,.T.);
#8490=EDGE_CURVE('',#8208,#8209,#7988,.T.);
#8501=EDGE_CURVE('',#8236,#8237,#7826,.T.);
#8503=EDGE_CURVE('',#8237,#8208,#7992,.T.);
#8517=EDGE_CURVE('',#8240,#8241,#7844,.T.);
#8519=EDGE_CURVE('',#8241,#8237,#7836,.T.);
#8529=EDGE_CURVE('',#8228,#8229,#7840,.T.);
#8531=EDGE_CURVE('',#8229,#8241,#7996,.T.);
#8545=EDGE_CURVE('',#8232,#8233,#7858,.T.);
#8547=EDGE_CURVE('',#8233,#8229,#7854,.T.);
#8559=EDGE_CURVE('',#8153,#8205,#7862,.T.);
#8561=EDGE_CURVE('',#8205,#8233,#8000,.T.);
#8572=EDGE_CURVE('',#8151,#8203,#7866,.T.);
#8574=EDGE_CURVE('',#8203,#8205,#8004,.T.);
#8586=EDGE_CURVE('',#8149,#8201,#7870,.T.);
#8588=EDGE_CURVE('',#8201,#8203,#8008,.T.);
#8600=EDGE_CURVE('',#8147,#8199,#7874,.T.);
#8602=EDGE_CURVE('',#8199,#8201,#8013,.T.);
#8614=EDGE_CURVE('',#8145,#8197,#7878,.T.);
#8616=EDGE_CURVE('',#8197,#8199,#8017,.T.);
#8628=EDGE_CURVE('',#8143,#8195,#7882,.T.);
#8630=EDGE_CURVE('',#8195,#8197,#8022,.T.);
#8642=EDGE_CURVE('',#8141,#8193,#7886,.T.);
#8644=EDGE_CURVE('',#8193,#8195,#8026,.T.);
#8656=EDGE_CURVE('',#8140,#8191,#7890,.T.);
#8658=EDGE_CURVE('',#8191,#8193,#8031,.T.);
#8669=EDGE_CURVE('',#8251,#8244,#7894,.T.);
#8671=EDGE_CURVE('',#8251,#8189,#7898,.T.);
#8673=EDGE_CURVE('',#8189,#8191,#8035,.T.);
#8685=EDGE_CURVE('',#8247,#8245,#7902,.T.);
#8687=EDGE_CURVE('',#8247,#8249,#8117,.T.);
#8689=EDGE_CURVE('',#8249,#8251,#8109,.T.);
#8703=EDGE_CURVE('',#8137,#8183,#7906,.T.);
#8705=EDGE_CURVE('',#8183,#8185,#8047,.T.);
#8707=EDGE_CURVE('',#8247,#8185,#8121,.T.);
#8718=EDGE_CURVE('',#8135,#8181,#7910,.T.);
#8720=EDGE_CURVE('',#8181,#8183,#8051,.T.);
#8732=EDGE_CURVE('',#8133,#8179,#7914,.T.);
#8734=EDGE_CURVE('',#8179,#8181,#8056,.T.);
#8746=EDGE_CURVE('',#8131,#8177,#7918,.T.);
#8748=EDGE_CURVE('',#8177,#8179,#8060,.T.);
#8760=EDGE_CURVE('',#8129,#8175,#7922,.T.);
#8762=EDGE_CURVE('',#8175,#8177,#8065,.T.);
#8774=EDGE_CURVE('',#8127,#8173,#7926,.T.);
#8776=EDGE_CURVE('',#8173,#8175,#8069,.T.);
#8788=EDGE_CURVE('',#8125,#8171,#7930,.T.);
#8790=EDGE_CURVE('',#8171,#8173,#8073,.T.);
#8802=EDGE_CURVE('',#8124,#8170,#7934,.T.);
#8804=EDGE_CURVE('',#8170,#8171,#8077,.T.);
#8816=EDGE_CURVE('',#8167,#8225,#7938,.T.);
#8818=EDGE_CURVE('',#8225,#8170,#8081,.T.);
#8830=EDGE_CURVE('',#8269,#8225,#8085,.T.);
#8847=EDGE_CURVE('',#8217,#8219,#7968,.T.);
#8849=EDGE_CURVE('',#8215,#8217,#7972,.T.);
#8868=EDGE_CURVE('',#8187,#8189,#8039,.T.);
#8870=EDGE_CURVE('',#8185,#8187,#8043,.T.);
#8891=EDGE_CURVE('',#8259,#8217,#8097,.T.);
#8916=EDGE_CURVE('',#8249,#8187,#8113,.T.);
#8948=AXIS2_PLACEMENT_3D('',#8945,#8946,#8947);
#8949=ADVANCED_BREP_SHAPE_REPRESENTATION('',(#8948,#8936),#8944);
#8953=PRODUCT_DEFINITION('design','',#8952,#7625);
#8954=PRODUCT_DEFINITION_SHAPE('','SHAPE FOR CONTACT_U.',#8953);
#8955=SHAPE_DEFINITION_REPRESENTATION(#8954,#8949);
#8956=NEXT_ASSEMBLY_USAGE_OCCURRENCE('322','Next assembly relationship',
'CONTACT_U',#14381,#8953,$);
#8957=PRODUCT_DEFINITION_SHAPE('Placement #322',
'Placement of CONTACT_U with respect to 59453-052110ECLF_ASM',#8956);
#8965=NEXT_ASSEMBLY_USAGE_OCCURRENCE('323','Next assembly relationship',
'CONTACT_U',#14381,#8953,$);
#8966=PRODUCT_DEFINITION_SHAPE('Placement #323',
'Placement of CONTACT_U with respect to 59453-052110ECLF_ASM',#8965);
#8974=NEXT_ASSEMBLY_USAGE_OCCURRENCE('324','Next assembly relationship',
'CONTACT_U',#14381,#8953,$);
#8975=PRODUCT_DEFINITION_SHAPE('Placement #324',
'Placement of CONTACT_U with respect to 59453-052110ECLF_ASM',#8974);
#8983=NEXT_ASSEMBLY_USAGE_OCCURRENCE('325','Next assembly relationship',
'CONTACT_U',#14381,#8953,$);
#8984=PRODUCT_DEFINITION_SHAPE('Placement #325',
'Placement of CONTACT_U with respect to 59453-052110ECLF_ASM',#8983);
#8992=NEXT_ASSEMBLY_USAGE_OCCURRENCE('326','Next assembly relationship',
'CONTACT_U',#14381,#8953,$);
#8993=PRODUCT_DEFINITION_SHAPE('Placement #326',
'Placement of CONTACT_U with respect to 59453-052110ECLF_ASM',#8992);
#9010=CIRCLE('',#9009,3.3E-1);
#9019=CIRCLE('',#9018,7.9E-2);
#9088=CIRCLE('',#9087,5.E-2);
#9173=CIRCLE('',#9172,5.E-2);
#9220=B_SPLINE_CURVE_WITH_KNOTS('',3,(#9214,#9215,#9216,#9217,#9218,#9219),
.UNSPECIFIED.,.F.,.F.,(4,1,1,4),(0.E0,2.5E-1,5.E-1,1.E0),.UNSPECIFIED.);
#9235=B_SPLINE_CURVE_WITH_KNOTS('',3,(#9229,#9230,#9231,#9232,#9233,#9234),
.UNSPECIFIED.,.F.,.F.,(4,1,1,4),(0.E0,5.E-1,7.5E-1,1.E0),.UNSPECIFIED.);
#9260=CIRCLE('',#9259,7.E-2);
#9269=CIRCLE('',#9268,7.E-2);
#9274=CIRCLE('',#9273,3.3E-1);
#9293=B_SPLINE_CURVE_WITH_KNOTS('',3,(#9287,#9288,#9289,#9290,#9291,#9292),
.UNSPECIFIED.,.F.,.F.,(4,1,1,4),(0.E0,2.5E-1,5.E-1,1.E0),.UNSPECIFIED.);
#9304=B_SPLINE_CURVE_WITH_KNOTS('',3,(#9298,#9299,#9300,#9301,#9302,#9303),
.UNSPECIFIED.,.F.,.F.,(4,1,1,4),(0.E0,5.E-1,7.5E-1,1.E0),.UNSPECIFIED.);
#9313=CIRCLE('',#9312,3.E-2);
#9330=CIRCLE('',#9329,3.3E-1);
#9335=CIRCLE('',#9334,7.E-2);
#9344=CIRCLE('',#9343,7.E-2);
#9385=CIRCLE('',#9384,3.E-2);
#9402=CIRCLE('',#9401,7.E-2);
#9411=CIRCLE('',#9410,7.E-2);
#9416=CIRCLE('',#9415,3.3E-1);
#9455=B_SPLINE_CURVE_WITH_KNOTS('',3,(#9449,#9450,#9451,#9452,#9453,#9454),
.UNSPECIFIED.,.F.,.F.,(4,1,1,4),(0.E0,5.E-1,7.5E-1,1.E0),.UNSPECIFIED.);
#9460=CIRCLE('',#9459,3.E-2);
#9473=CIRCLE('',#9472,3.3E-1);
#9478=CIRCLE('',#9477,7.E-2);
#9487=CIRCLE('',#9486,7.E-2);
#9640=CIRCLE('',#9639,5.E-2);
#9665=CIRCLE('',#9664,1.E-1);
#9674=CIRCLE('',#9673,1.E-1);
#9699=CIRCLE('',#9698,5.E-2);
#9804=CIRCLE('',#9803,7.9E-2);
#9813=CIRCLE('',#9812,3.3E-1);
#9818=CIRCLE('',#9817,7.9E-2);
#9827=CIRCLE('',#9826,7.9E-2);
#9836=CIRCLE('',#9835,7.9E-2);
#9841=CIRCLE('',#9840,3.3E-1);
#9854=CIRCLE('',#9853,3.3E-1);
#9859=CIRCLE('',#9858,7.9E-2);
#9884=CIRCLE('',#9883,3.3E-1);
#9893=CIRCLE('',#9892,3.3E-1);
#9902=CIRCLE('',#9901,3.3E-1);
#9911=CIRCLE('',#9910,3.3E-1);
#9924=CIRCLE('',#9923,7.E-2);
#9933=CIRCLE('',#9932,7.E-2);
#9938=CIRCLE('',#9937,3.3E-1);
#9957=B_SPLINE_CURVE_WITH_KNOTS('',3,(#9951,#9952,#9953,#9954,#9955,#9956),
.UNSPECIFIED.,.F.,.F.,(4,1,1,4),(0.E0,2.5E-1,5.E-1,1.E0),.UNSPECIFIED.);
#9990=CIRCLE('',#9989,1.E-1);
#9999=CIRCLE('',#9998,1.E-1);
#10060=CIRCLE('',#10059,3.3E-1);
#10065=CIRCLE('',#10064,7.E-2);
#10074=CIRCLE('',#10073,7.E-2);
#10089=B_SPLINE_CURVE_WITH_KNOTS('',3,(#10083,#10084,#10085,#10086,#10087,
#10088),.UNSPECIFIED.,.F.,.F.,(4,1,1,4),(0.E0,5.E-1,7.5E-1,1.E0),.UNSPECIFIED.);
#10120=B_SPLINE_CURVE_WITH_KNOTS('',3,(#10114,#10115,#10116,#10117,#10118,
#10119),.UNSPECIFIED.,.F.,.F.,(4,1,1,4),(0.E0,2.5E-1,5.E-1,1.E0),.UNSPECIFIED.);
#10133=CIRCLE('',#10132,7.E-2);
#10142=CIRCLE('',#10141,7.E-2);
#10147=CIRCLE('',#10146,3.3E-1);
#10184=CIRCLE('',#10183,3.3E-1);
#10189=CIRCLE('',#10188,7.E-2);
#10198=CIRCLE('',#10197,7.E-2);
#10297=B_SPLINE_CURVE_WITH_KNOTS('',3,(#10291,#10292,#10293,#10294,#10295,
#10296),.UNSPECIFIED.,.F.,.F.,(4,1,1,4),(0.E0,5.E-1,7.5E-1,1.E0),.UNSPECIFIED.);
#10318=CIRCLE('',#10317,3.3E-1);
#10323=CIRCLE('',#10322,7.E-2);
#10332=CIRCLE('',#10331,7.E-2);
#10349=CIRCLE('',#10348,7.E-2);
#10358=CIRCLE('',#10357,7.E-2);
#10363=CIRCLE('',#10362,3.3E-1);
#10380=CIRCLE('',#10379,3.E-2);
#10391=B_SPLINE_CURVE_WITH_KNOTS('',3,(#10385,#10386,#10387,#10388,#10389,
#10390),.UNSPECIFIED.,.F.,.F.,(4,1,1,4),(0.E0,2.5E-1,5.E-1,1.E0),.UNSPECIFIED.);
#11117=EDGE_CURVE('',#10928,#10929,#9005,.T.);
#11119=EDGE_CURVE('',#10928,#10618,#9010,.T.);
#11121=EDGE_CURVE('',#10618,#10619,#9014,.T.);
#11123=EDGE_CURVE('',#10619,#10621,#9019,.T.);
#11125=EDGE_CURVE('',#10621,#10841,#9023,.T.);
#11127=EDGE_CURVE('',#10838,#10841,#9027,.T.);
#11129=EDGE_CURVE('',#10838,#10929,#9031,.T.);
#11140=EDGE_CURVE('',#10929,#10947,#9043,.T.);
#11142=EDGE_CURVE('',#10943,#10947,#9035,.T.);
#11144=EDGE_CURVE('',#10928,#10943,#9879,.T.);
#11154=EDGE_CURVE('',#10932,#10933,#9787,.T.);
#11156=EDGE_CURVE('',#10945,#10932,#9897,.T.);
#11158=EDGE_CURVE('',#10949,#10945,#9039,.T.);
#11160=EDGE_CURVE('',#10949,#10933,#9719,.T.);
#11172=EDGE_CURVE('',#10838,#10839,#9047,.T.);
#11174=EDGE_CURVE('',#10791,#10839,#10527,.T.);
#11176=EDGE_CURVE('',#10941,#10791,#9623,.T.);
#11178=EDGE_CURVE('',#10941,#10947,#9051,.T.);
#11188=EDGE_CURVE('',#10841,#10979,#9120,.T.);
#11190=EDGE_CURVE('',#10979,#10839,#9055,.T.);
#11202=EDGE_CURVE('',#11095,#11090,#9059,.T.);
#11204=EDGE_CURVE('',#11039,#11095,#9063,.T.);
#11206=EDGE_CURVE('',#11001,#11039,#10093,.T.);
#11208=EDGE_CURVE('',#11000,#11001,#9067,.T.);
#11210=EDGE_CURVE('',#11005,#11000,#9071,.T.);
#11212=EDGE_CURVE('',#11007,#11005,#9075,.T.);
#11214=EDGE_CURVE('',#10993,#11007,#10575,.T.);
#11216=EDGE_CURVE('',#10991,#10993,#9079,.T.);
#11218=EDGE_CURVE('',#10797,#10991,#9083,.T.);
#11220=EDGE_CURVE('',#10773,#10797,#9088,.T.);
#11222=EDGE_CURVE('',#10772,#10773,#9092,.T.);
#11224=EDGE_CURVE('',#10913,#10772,#9096,.T.);
#11226=EDGE_CURVE('',#10912,#10913,#9100,.T.);
#11228=EDGE_CURVE('',#10985,#10912,#10511,.T.);
#11230=EDGE_CURVE('',#10983,#10985,#9104,.T.);
#11232=EDGE_CURVE('',#10982,#10983,#9108,.T.);
#11234=EDGE_CURVE('',#10982,#10978,#9112,.T.);
#11236=EDGE_CURVE('',#10978,#10979,#9116,.T.);
#11240=EDGE_CURVE('',#10621,#10714,#9124,.T.);
#11242=EDGE_CURVE('',#10714,#10715,#9128,.T.);
#11244=EDGE_CURVE('',#10711,#10715,#9845,.T.);
#11246=EDGE_CURVE('',#10710,#10711,#9132,.T.);
#11248=EDGE_CURVE('',#10710,#10627,#9136,.T.);
#11250=EDGE_CURVE('',#10627,#10844,#9799,.T.);
#11252=EDGE_CURVE('',#10961,#10844,#9140,.T.);
#11254=EDGE_CURVE('',#10960,#10961,#9144,.T.);
#11256=EDGE_CURVE('',#10964,#10960,#9148,.T.);
#11258=EDGE_CURVE('',#10964,#10965,#9152,.T.);
#11260=EDGE_CURVE('',#10965,#10967,#9156,.T.);
#11262=EDGE_CURVE('',#10916,#10967,#9735,.T.);
#11264=EDGE_CURVE('',#10916,#10917,#9160,.T.);
#11266=EDGE_CURVE('',#10803,#10917,#9164,.T.);
#11268=EDGE_CURVE('',#10801,#10803,#9168,.T.);
#11270=EDGE_CURVE('',#10800,#10801,#9173,.T.);
#11272=EDGE_CURVE('',#11106,#10800,#9177,.T.);
#11274=EDGE_CURVE('',#11111,#11106,#9181,.T.);
#11276=EDGE_CURVE('',#11103,#11111,#10407,.T.);
#11278=EDGE_CURVE('',#11101,#11103,#9185,.T.);
#11280=EDGE_CURVE('',#11033,#11101,#9189,.T.);
#11282=EDGE_CURVE('',#11032,#11033,#9193,.T.);
#11284=EDGE_CURVE('',#11021,#11032,#9297,.T.);
#11286=EDGE_CURVE('',#11017,#11021,#9197,.T.);
#11288=EDGE_CURVE('',#11016,#11017,#9201,.T.);
#11290=EDGE_CURVE('',#11023,#11016,#9205,.T.);
#11292=EDGE_CURVE('',#11041,#11023,#9224,.T.);
#11294=EDGE_CURVE('',#11090,#11041,#9209,.T.);
#11304=EDGE_CURVE('',#11090,#11091,#9213,.T.);
#11306=EDGE_CURVE('',#11093,#11091,#9247,.T.);
#11308=EDGE_CURVE('',#11093,#11095,#10082,.T.);
#11321=EDGE_CURVE('',#11041,#11037,#9220,.T.);
#11323=EDGE_CURVE('',#11091,#11037,#10124,.T.);
#11334=EDGE_CURVE('',#11025,#11023,#9235,.T.);
#11336=EDGE_CURVE('',#11025,#11037,#10163,.T.);
#11348=EDGE_CURVE('',#11012,#11016,#9228,.T.);
#11350=EDGE_CURVE('',#11025,#11012,#10167,.T.);
#11361=EDGE_CURVE('',#11012,#11013,#9243,.T.);
#11365=EDGE_CURVE('',#11013,#11017,#9239,.T.);
#11376=EDGE_CURVE('',#11013,#10819,#9286,.T.);
#11378=EDGE_CURVE('',#10819,#10815,#9981,.T.);
#11380=EDGE_CURVE('',#11012,#10815,#10171,.T.);
#11391=EDGE_CURVE('',#11091,#10817,#10159,.T.);
#11393=EDGE_CURVE('',#10817,#10813,#9973,.T.);
#11395=EDGE_CURVE('',#11093,#10813,#10047,.T.);
#11405=EDGE_CURVE('',#11013,#11019,#9251,.T.);
#11407=EDGE_CURVE('',#11019,#10696,#9255,.T.);
#11409=EDGE_CURVE('',#10696,#10697,#9260,.T.);
#11411=EDGE_CURVE('',#10697,#10699,#9264,.T.);
#11413=EDGE_CURVE('',#10699,#10765,#9269,.T.);
#11415=EDGE_CURVE('',#10737,#10765,#9274,.T.);
#11417=EDGE_CURVE('',#10707,#10737,#9559,.T.);
#11419=EDGE_CURVE('',#10707,#10703,#9278,.T.);
#11421=EDGE_CURVE('',#10703,#10819,#9282,.T.);
#11435=EDGE_CURVE('',#11021,#11019,#9293,.T.);
#11446=EDGE_CURVE('',#11028,#11032,#9304,.T.);
#11448=EDGE_CURVE('',#11028,#11019,#10615,.T.);
#11459=EDGE_CURVE('',#11028,#11029,#9352,.T.);
#11463=EDGE_CURVE('',#11033,#11029,#9308,.T.);
#11473=EDGE_CURVE('',#10867,#11056,#9376,.T.);
#11475=EDGE_CURVE('',#11052,#11056,#9313,.T.);
#11477=EDGE_CURVE('',#11052,#10822,#9317,.T.);
#11479=EDGE_CURVE('',#10822,#10823,#9678,.T.);
#11481=EDGE_CURVE('',#10873,#10823,#10222,.T.);
#11483=EDGE_CURVE('',#10873,#10702,#9321,.T.);
#11485=EDGE_CURVE('',#10706,#10702,#9325,.T.);
#11487=EDGE_CURVE('',#10706,#10740,#9551,.T.);
#11489=EDGE_CURVE('',#10740,#10763,#9330,.T.);
#11491=EDGE_CURVE('',#10693,#10763,#9335,.T.);
#11493=EDGE_CURVE('',#10691,#10693,#9339,.T.);
#11495=EDGE_CURVE('',#10690,#10691,#9344,.T.);
#11497=EDGE_CURVE('',#11028,#10690,#9348,.T.);
#11500=EDGE_CURVE('',#11029,#10867,#9356,.T.);
#11510=EDGE_CURVE('',#11049,#11044,#9360,.T.);
#11512=EDGE_CURVE('',#10871,#11049,#9364,.T.);
#11514=EDGE_CURVE('',#10870,#10871,#9440,.T.);
#11516=EDGE_CURVE('',#11044,#10870,#9368,.T.);
#11526=EDGE_CURVE('',#11056,#11057,#9372,.T.);
#11529=EDGE_CURVE('',#10866,#10867,#10403,.T.);
#11531=EDGE_CURVE('',#11057,#10866,#9380,.T.);
#11541=EDGE_CURVE('',#11044,#11045,#9385,.T.);
#11543=EDGE_CURVE('',#11047,#11045,#9503,.T.);
#11545=EDGE_CURVE('',#11047,#11049,#9460,.T.);
#11558=EDGE_CURVE('',#10996,#10870,#9389,.T.);
#11560=EDGE_CURVE('',#10996,#10997,#9393,.T.);
#11562=EDGE_CURVE('',#10997,#10656,#9397,.T.);
#11564=EDGE_CURVE('',#10656,#10657,#9402,.T.);
#11566=EDGE_CURVE('',#10657,#10659,#9406,.T.);
#11568=EDGE_CURVE('',#10659,#10757,#9411,.T.);
#11570=EDGE_CURVE('',#10729,#10757,#9416,.T.);
#11572=EDGE_CURVE('',#10667,#10729,#9591,.T.);
#11574=EDGE_CURVE('',#10667,#10663,#9420,.T.);
#11576=EDGE_CURVE('',#10663,#10875,#9424,.T.);
#11578=EDGE_CURVE('',#10875,#10829,#9428,.T.);
#11580=EDGE_CURVE('',#10831,#10829,#9660,.T.);
#11582=EDGE_CURVE('',#10831,#11045,#9432,.T.);
#11592=EDGE_CURVE('',#11003,#10996,#9436,.T.);
#11596=EDGE_CURVE('',#11003,#10871,#9499,.T.);
#11607=EDGE_CURVE('',#11003,#11005,#9448,.T.);
#11610=EDGE_CURVE('',#10996,#11000,#9444,.T.);
#11622=EDGE_CURVE('',#11009,#11003,#9495,.T.);
#11624=EDGE_CURVE('',#11009,#11007,#9455,.T.);
#11635=EDGE_CURVE('',#10877,#11047,#9511,.T.);
#11637=EDGE_CURVE('',#10877,#10643,#9464,.T.);
#11639=EDGE_CURVE('',#10646,#10643,#9468,.T.);
#11641=EDGE_CURVE('',#10646,#10728,#9599,.T.);
#11643=EDGE_CURVE('',#10728,#10751,#9473,.T.);
#11645=EDGE_CURVE('',#10751,#10633,#9478,.T.);
#11647=EDGE_CURVE('',#10633,#10630,#9482,.T.);
#11649=EDGE_CURVE('',#10630,#10631,#9487,.T.);
#11651=EDGE_CURVE('',#10631,#11009,#9491,.T.);
#11666=EDGE_CURVE('',#10888,#10831,#9656,.T.);
#11668=EDGE_CURVE('',#10893,#10888,#9507,.T.);
#11670=EDGE_CURVE('',#10877,#10893,#10039,.T.);
#11681=EDGE_CURVE('',#11052,#11053,#9515,.T.);
#11683=EDGE_CURVE('',#11059,#11053,#10375,.T.);
#11685=EDGE_CURVE('',#10880,#11059,#10007,.T.);
#11687=EDGE_CURVE('',#10885,#10880,#9519,.T.);
#11689=EDGE_CURVE('',#10822,#10885,#9682,.T.);
#11700=EDGE_CURVE('',#10936,#10937,#9523,.T.);
#11702=EDGE_CURVE('',#10718,#10936,#9906,.T.);
#11704=EDGE_CURVE('',#10718,#10719,#9527,.T.);
#11706=EDGE_CURVE('',#11081,#10719,#9531,.T.);
#11708=EDGE_CURVE('',#11078,#11081,#9535,.T.);
#11710=EDGE_CURVE('',#11078,#11079,#9539,.T.);
#11712=EDGE_CURVE('',#11079,#10741,#9543,.T.);
#11714=EDGE_CURVE('',#10740,#10741,#9547,.T.);
#11717=EDGE_CURVE('',#10706,#10707,#9555,.T.);
#11720=EDGE_CURVE('',#10736,#10737,#9563,.T.);
#11722=EDGE_CURVE('',#10686,#10736,#9567,.T.);
#11724=EDGE_CURVE('',#10686,#10687,#9571,.T.);
#11726=EDGE_CURVE('',#10687,#10733,#9575,.T.);
#11728=EDGE_CURVE('',#10732,#10733,#9579,.T.);
#11730=EDGE_CURVE('',#10666,#10732,#9583,.T.);
#11732=EDGE_CURVE('',#10666,#10667,#9587,.T.);
#11735=EDGE_CURVE('',#10728,#10729,#9595,.T.);
#11738=EDGE_CURVE('',#10646,#10647,#9603,.T.);
#11740=EDGE_CURVE('',#10647,#10725,#9607,.T.);
#11742=EDGE_CURVE('',#10723,#10725,#9611,.T.);
#11744=EDGE_CURVE('',#10722,#10723,#9615,.T.);
#11746=EDGE_CURVE('',#10940,#10722,#9888,.T.);
#11748=EDGE_CURVE('',#10940,#10941,#9619,.T.);
#11751=EDGE_CURVE('',#10776,#10791,#9627,.T.);
#11753=EDGE_CURVE('',#10776,#10777,#9631,.T.);
#11755=EDGE_CURVE('',#10777,#10779,#9635,.T.);
#11757=EDGE_CURVE('',#10779,#10805,#9640,.T.);
#11759=EDGE_CURVE('',#10805,#10807,#9644,.T.);
#11761=EDGE_CURVE('',#10889,#10807,#9648,.T.);
#11763=EDGE_CURVE('',#10888,#10889,#9652,.T.);
#11767=EDGE_CURVE('',#10827,#10829,#9665,.T.);
#11769=EDGE_CURVE('',#10825,#10827,#9669,.T.);
#11771=EDGE_CURVE('',#10823,#10825,#9674,.T.);
#11775=EDGE_CURVE('',#10883,#10885,#9686,.T.);
#11777=EDGE_CURVE('',#10883,#10782,#9690,.T.);
#11779=EDGE_CURVE('',#10782,#10783,#9694,.T.);
#11781=EDGE_CURVE('',#10783,#10809,#9699,.T.);
#11783=EDGE_CURVE('',#10809,#10786,#9703,.T.);
#11785=EDGE_CURVE('',#10786,#10787,#9707,.T.);
#11787=EDGE_CURVE('',#10787,#10793,#9711,.T.);
#11789=EDGE_CURVE('',#10937,#10793,#9715,.T.);
#11800=EDGE_CURVE('',#10937,#10949,#9723,.T.);
#11803=EDGE_CURVE('',#10936,#10945,#9911,.T.);
#11816=EDGE_CURVE('',#10793,#10847,#9727,.T.);
#11818=EDGE_CURVE('',#10847,#10845,#9731,.T.);
#11820=EDGE_CURVE('',#10845,#10933,#9791,.T.);
#11831=EDGE_CURVE('',#10953,#10967,#9739,.T.);
#11833=EDGE_CURVE('',#10952,#10953,#9743,.T.);
#11835=EDGE_CURVE('',#10960,#10952,#9747,.T.);
#11838=EDGE_CURVE('',#10847,#10961,#9783,.T.);
#11842=EDGE_CURVE('',#10925,#10787,#9751,.T.);
#11844=EDGE_CURVE('',#10925,#10923,#9755,.T.);
#11846=EDGE_CURVE('',#10916,#10923,#9759,.T.);
#11857=EDGE_CURVE('',#10957,#10965,#9775,.T.);
#11859=EDGE_CURVE('',#10953,#10957,#9763,.T.);
#11871=EDGE_CURVE('',#10964,#10956,#9767,.T.);
#11873=EDGE_CURVE('',#10956,#10957,#9771,.T.);
#11886=EDGE_CURVE('',#10952,#10956,#9779,.T.);
#11910=EDGE_CURVE('',#10844,#10845,#9795,.T.);
#11926=EDGE_CURVE('',#10625,#10627,#9804,.T.);
#11928=EDGE_CURVE('',#10624,#10625,#9808,.T.);
#11930=EDGE_CURVE('',#10932,#10624,#9813,.T.);
#11940=EDGE_CURVE('',#10747,#10710,#9818,.T.);
#11942=EDGE_CURVE('',#10747,#10625,#9822,.T.);
#11954=EDGE_CURVE('',#10749,#10714,#9827,.T.);
#11958=EDGE_CURVE('',#10619,#10749,#9831,.T.);
#11969=EDGE_CURVE('',#10711,#10767,#9836,.T.);
#11971=EDGE_CURVE('',#10767,#10719,#9841,.T.);
#11974=EDGE_CURVE('',#10718,#10743,#9902,.T.);
#11976=EDGE_CURVE('',#10743,#10747,#9863,.T.);
#11988=EDGE_CURVE('',#10715,#10769,#9859,.T.);
#11990=EDGE_CURVE('',#10769,#10767,#9849,.T.);
#12003=EDGE_CURVE('',#10745,#10749,#9871,.T.);
#12005=EDGE_CURVE('',#10722,#10745,#9893,.T.);
#12008=EDGE_CURVE('',#10769,#10723,#9854,.T.);
#12020=EDGE_CURVE('',#10743,#10624,#9867,.T.);
#12035=EDGE_CURVE('',#10618,#10745,#9875,.T.);
#12046=EDGE_CURVE('',#10940,#10943,#9884,.T.);
#12087=EDGE_CURVE('',#10725,#10753,#9938,.T.);
#12089=EDGE_CURVE('',#10751,#10753,#10591,.T.);
#12094=EDGE_CURVE('',#10755,#10757,#10109,.T.);
#12096=EDGE_CURVE('',#10732,#10755,#10060,.T.);
#12099=EDGE_CURVE('',#10733,#10761,#10147,.T.);
#12101=EDGE_CURVE('',#10759,#10761,#10206,.T.);
#12103=EDGE_CURVE('',#10736,#10759,#10184,.T.);
#12107=EDGE_CURVE('',#10763,#10765,#10599,.T.);
#12111=EDGE_CURVE('',#10741,#11085,#10363,.T.);
#12113=EDGE_CURVE('',#11083,#11085,#10423,.T.);
#12115=EDGE_CURVE('',#11081,#11083,#10318,.T.);
#12129=EDGE_CURVE('',#10988,#10989,#9915,.T.);
#12131=EDGE_CURVE('',#10637,#10989,#9919,.T.);
#12133=EDGE_CURVE('',#10636,#10637,#9924,.T.);
#12135=EDGE_CURVE('',#10639,#10636,#9928,.T.);
#12137=EDGE_CURVE('',#10753,#10639,#9933,.T.);
#12141=EDGE_CURVE('',#10647,#10642,#9942,.T.);
#12143=EDGE_CURVE('',#10642,#10789,#9946,.T.);
#12145=EDGE_CURVE('',#10988,#10789,#9950,.T.);
#12156=EDGE_CURVE('',#10988,#10991,#9961,.T.);
#12159=EDGE_CURVE('',#10993,#10989,#9957,.T.);
#12171=EDGE_CURVE('',#10789,#10811,#10031,.T.);
#12173=EDGE_CURVE('',#10807,#10811,#10571,.T.);
#12176=EDGE_CURVE('',#10805,#10797,#9965,.T.);
#12188=EDGE_CURVE('',#10662,#10663,#9969,.T.);
#12190=EDGE_CURVE('',#10662,#10813,#10051,.T.);
#12193=EDGE_CURVE('',#10683,#10817,#10155,.T.);
#12195=EDGE_CURVE('',#10682,#10683,#9977,.T.);
#12197=EDGE_CURVE('',#10682,#10815,#10175,.T.);
#12201=EDGE_CURVE('',#10702,#10703,#9985,.T.);
#12204=EDGE_CURVE('',#10873,#10834,#9990,.T.);
#12206=EDGE_CURVE('',#10834,#10835,#9994,.T.);
#12208=EDGE_CURVE('',#10835,#10875,#9999,.T.);
#12218=EDGE_CURVE('',#10880,#10881,#10003,.T.);
#12221=EDGE_CURVE('',#11075,#11059,#10371,.T.);
#12223=EDGE_CURVE('',#11074,#11075,#10011,.T.);
#12225=EDGE_CURVE('',#11074,#11087,#10309,.T.);
#12227=EDGE_CURVE('',#11087,#10795,#10015,.T.);
#12229=EDGE_CURVE('',#10881,#10795,#10019,.T.);
#12239=EDGE_CURVE('',#10891,#10893,#10023,.T.);
#12241=EDGE_CURVE('',#10891,#10811,#10027,.T.);
#12245=EDGE_CURVE('',#10642,#10643,#10035,.T.);
#12258=EDGE_CURVE('',#10666,#10662,#10055,.T.);
#12270=EDGE_CURVE('',#11035,#11093,#10043,.T.);
#12277=EDGE_CURVE('',#10653,#10755,#10065,.T.);
#12279=EDGE_CURVE('',#10651,#10653,#10069,.T.);
#12281=EDGE_CURVE('',#10650,#10651,#10074,.T.);
#12283=EDGE_CURVE('',#11035,#10650,#10078,.T.);
#12295=EDGE_CURVE('',#11035,#11039,#10089,.T.);
#12308=EDGE_CURVE('',#11035,#10997,#10097,.T.);
#12310=EDGE_CURVE('',#11001,#10997,#10120,.T.);
#12321=EDGE_CURVE('',#10650,#10656,#10101,.T.);
#12334=EDGE_CURVE('',#10651,#10657,#10105,.T.);
#12347=EDGE_CURVE('',#10653,#10659,#10113,.T.);
#12384=EDGE_CURVE('',#11037,#10676,#10128,.T.);
#12386=EDGE_CURVE('',#10676,#10677,#10133,.T.);
#12388=EDGE_CURVE('',#10677,#10679,#10137,.T.);
#12390=EDGE_CURVE('',#10679,#10761,#10142,.T.);
#12394=EDGE_CURVE('',#10687,#10683,#10151,.T.);
#12406=EDGE_CURVE('',#11025,#10670,#10202,.T.);
#12408=EDGE_CURVE('',#10670,#10676,#10218,.T.);
#12423=EDGE_CURVE('',#10686,#10682,#10179,.T.);
#12427=EDGE_CURVE('',#10673,#10759,#10189,.T.);
#12429=EDGE_CURVE('',#10671,#10673,#10193,.T.);
#12431=EDGE_CURVE('',#10670,#10671,#10198,.T.);
#12456=EDGE_CURVE('',#10673,#10679,#10210,.T.);
#12470=EDGE_CURVE('',#10671,#10677,#10214,.T.);
#12507=EDGE_CURVE('',#10834,#10825,#10226,.T.);
#12518=EDGE_CURVE('',#10835,#10827,#10246,.T.);
#12524=EDGE_CURVE('',#10858,#10859,#10230,.T.);
#12526=EDGE_CURVE('',#10859,#10861,#10234,.T.);
#12528=EDGE_CURVE('',#10861,#10863,#10238,.T.);
#12530=EDGE_CURVE('',#10863,#10858,#10242,.T.);
#12553=EDGE_CURVE('',#10858,#10850,#10250,.T.);
#12555=EDGE_CURVE('',#10850,#10851,#10266,.T.);
#12557=EDGE_CURVE('',#10859,#10851,#10262,.T.);
#12568=EDGE_CURVE('',#10863,#10855,#10254,.T.);
#12570=EDGE_CURVE('',#10855,#10850,#10270,.T.);
#12582=EDGE_CURVE('',#10861,#10853,#10258,.T.);
#12584=EDGE_CURVE('',#10853,#10855,#10274,.T.);
#12597=EDGE_CURVE('',#10851,#10853,#10278,.T.);
#12621=EDGE_CURVE('',#10883,#10881,#10282,.T.);
#12635=EDGE_CURVE('',#10782,#10795,#10290,.T.);
#12646=EDGE_CURVE('',#11106,#11107,#10286,.T.);
#12649=EDGE_CURVE('',#10783,#10800,#10431,.T.);
#12654=EDGE_CURVE('',#11107,#11087,#10305,.T.);
#12665=EDGE_CURVE('',#11109,#11107,#10301,.T.);
#12667=EDGE_CURVE('',#11109,#11111,#10297,.T.);
#12681=EDGE_CURVE('',#11078,#11074,#10313,.T.);
#12685=EDGE_CURVE('',#11065,#11083,#10323,.T.);
#12687=EDGE_CURVE('',#11063,#11065,#10327,.T.);
#12689=EDGE_CURVE('',#11062,#11063,#10332,.T.);
#12691=EDGE_CURVE('',#11109,#11062,#10336,.T.);
#12704=EDGE_CURVE('',#11079,#11075,#10367,.T.);
#12714=EDGE_CURVE('',#11098,#11099,#10340,.T.);
#12716=EDGE_CURVE('',#11099,#11068,#10344,.T.);
#12718=EDGE_CURVE('',#11068,#11069,#10349,.T.);
#12720=EDGE_CURVE('',#11069,#11071,#10353,.T.);
#12722=EDGE_CURVE('',#11071,#11085,#10358,.T.);
#12729=EDGE_CURVE('',#11057,#11053,#10380,.T.);
#12732=EDGE_CURVE('',#11098,#10866,#10384,.T.);
#12743=EDGE_CURVE('',#11098,#11101,#10395,.T.);
#12746=EDGE_CURVE('',#11103,#11099,#10391,.T.);
#12757=EDGE_CURVE('',#11029,#11098,#10399,.T.);
#12783=EDGE_CURVE('',#11109,#11099,#10411,.T.);
#12795=EDGE_CURVE('',#11062,#11068,#10415,.T.);
#12808=EDGE_CURVE('',#11063,#11069,#10419,.T.);
#12821=EDGE_CURVE('',#11065,#11071,#10427,.T.);
#12858=EDGE_CURVE('',#10809,#10801,#10435,.T.);
#12871=EDGE_CURVE('',#10786,#10803,#10443,.T.);
#12883=EDGE_CURVE('',#10925,#10900,#10439,.T.);
#12889=EDGE_CURVE('',#10901,#10917,#10447,.T.);
#12891=EDGE_CURVE('',#10900,#10901,#10451,.T.);
#12901=EDGE_CURVE('',#10921,#10776,#10523,.T.);
#12903=EDGE_CURVE('',#10897,#10921,#10455,.T.);
#12905=EDGE_CURVE('',#10896,#10897,#10459,.T.);
#12907=EDGE_CURVE('',#10913,#10896,#10463,.T.);
#12910=EDGE_CURVE('',#10777,#10772,#10559,.T.);
#12923=EDGE_CURVE('',#10900,#10908,#10467,.T.);
#12925=EDGE_CURVE('',#10923,#10908,#10487,.T.);
#12936=EDGE_CURVE('',#10901,#10909,#10471,.T.);
#12938=EDGE_CURVE('',#10908,#10909,#10491,.T.);
#12950=EDGE_CURVE('',#10909,#10916,#10495,.T.);
#12962=EDGE_CURVE('',#10912,#10919,#10515,.T.);
#12964=EDGE_CURVE('',#10912,#10904,#10475,.T.);
#12966=EDGE_CURVE('',#10904,#10905,#10479,.T.);
#12968=EDGE_CURVE('',#10905,#10919,#10483,.T.);
#12992=EDGE_CURVE('',#10978,#10970,#10499,.T.);
#12994=EDGE_CURVE('',#10970,#10971,#10503,.T.);
#12996=EDGE_CURVE('',#10971,#10985,#10507,.T.);
#13000=EDGE_CURVE('',#10921,#10919,#10519,.T.);
#13014=EDGE_CURVE('',#10982,#10974,#10539,.T.);
#13016=EDGE_CURVE('',#10970,#10974,#10547,.T.);
#13028=EDGE_CURVE('',#10975,#10983,#10531,.T.);
#13030=EDGE_CURVE('',#10974,#10975,#10535,.T.);
#13043=EDGE_CURVE('',#10971,#10975,#10543,.T.);
#13068=EDGE_CURVE('',#10897,#10905,#10551,.T.);
#13082=EDGE_CURVE('',#10896,#10904,#10555,.T.);
#13105=EDGE_CURVE('',#10779,#10773,#10563,.T.);
#13130=EDGE_CURVE('',#10891,#10889,#10567,.T.);
#13168=EDGE_CURVE('',#10989,#11009,#10579,.T.);
#13180=EDGE_CURVE('',#10637,#10631,#10583,.T.);
#13193=EDGE_CURVE('',#10636,#10630,#10587,.T.);
#13206=EDGE_CURVE('',#10639,#10633,#10595,.T.);
#13232=EDGE_CURVE('',#10693,#10699,#10603,.T.);
#13246=EDGE_CURVE('',#10691,#10697,#10607,.T.);
#13259=EDGE_CURVE('',#10690,#10696,#10611,.T.);
#13289=AXIS2_PLACEMENT_3D('',#13286,#13287,#13288);
#13290=ADVANCED_BREP_SHAPE_REPRESENTATION('',(#13289,#13277),#13285);
#13295=PRODUCT_DEFINITION('design','',#13294,#13291);
#13296=PRODUCT_DEFINITION_SHAPE('','SHAPE FOR ACT_U5P.',#13295);
#13297=SHAPE_DEFINITION_REPRESENTATION(#13296,#13290);
#13298=NEXT_ASSEMBLY_USAGE_OCCURRENCE('327','Next assembly relationship',
'ACT_U5P',#14381,#13295,$);
#13299=PRODUCT_DEFINITION_SHAPE('Placement #327',
'Placement of ACT_U5P with respect to 59453-052110ECLF_ASM',#13298);
#13320=CIRCLE('',#13319,1.E-1);
#13361=CIRCLE('',#13360,5.E-2);
#13378=CIRCLE('',#13377,5.E-2);
#13419=CIRCLE('',#13418,1.E-1);
#13428=CIRCLE('',#13427,5.E-2);
#13433=CIRCLE('',#13432,5.E-2);
#13446=CIRCLE('',#13445,1.E-1);
#13455=CIRCLE('',#13454,1.E-1);
#13496=CIRCLE('',#13495,5.E-2);
#13513=CIRCLE('',#13512,5.E-2);
#13570=CIRCLE('',#13569,5.E-2);
#13575=CIRCLE('',#13574,5.E-2);
#13805=EDGE_CURVE('',#13799,#13794,#13311,.T.);
#13807=EDGE_CURVE('',#13799,#13751,#13549,.T.);
#13809=EDGE_CURVE('',#13750,#13751,#13315,.T.);
#13811=EDGE_CURVE('',#13794,#13750,#13324,.T.);
#13821=EDGE_CURVE('',#13794,#13795,#13320,.T.);
#13823=EDGE_CURVE('',#13797,#13795,#13553,.T.);
#13825=EDGE_CURVE('',#13797,#13799,#13446,.T.);
#13838=EDGE_CURVE('',#13746,#13750,#13428,.T.);
#13840=EDGE_CURVE('',#13746,#13755,#13328,.T.);
#13842=EDGE_CURVE('',#13754,#13755,#13332,.T.);
#13844=EDGE_CURVE('',#13754,#13682,#13336,.T.);
#13846=EDGE_CURVE('',#13682,#13683,#13340,.T.);
#13848=EDGE_CURVE('',#13683,#13685,#13344,.T.);
#13850=EDGE_CURVE('',#13685,#13687,#13348,.T.);
#13852=EDGE_CURVE('',#13687,#13689,#13352,.T.);
#13854=EDGE_CURVE('',#13689,#13691,#13356,.T.);
#13856=EDGE_CURVE('',#13691,#13693,#13361,.T.);
#13858=EDGE_CURVE('',#13693,#13771,#13365,.T.);
#13860=EDGE_CURVE('',#13770,#13771,#13369,.T.);
#13862=EDGE_CURVE('',#13770,#13696,#13373,.T.);
#13864=EDGE_CURVE('',#13696,#13697,#13378,.T.);
#13866=EDGE_CURVE('',#13697,#13699,#13382,.T.);
#13868=EDGE_CURVE('',#13699,#13701,#13386,.T.);
#13870=EDGE_CURVE('',#13701,#13703,#13390,.T.);
#13872=EDGE_CURVE('',#13703,#13705,#13394,.T.);
#13874=EDGE_CURVE('',#13705,#13707,#13398,.T.);
#13876=EDGE_CURVE('',#13707,#13763,#13402,.T.);
#13878=EDGE_CURVE('',#13762,#13763,#13406,.T.);
#13880=EDGE_CURVE('',#13762,#13742,#13410,.T.);
#13882=EDGE_CURVE('',#13738,#13742,#13570,.T.);
#13884=EDGE_CURVE('',#13738,#13787,#13414,.T.);
#13886=EDGE_CURVE('',#13786,#13787,#13419,.T.);
#13888=EDGE_CURVE('',#13786,#13795,#13423,.T.);
#13898=EDGE_CURVE('',#13746,#13747,#13441,.T.);
#13902=EDGE_CURVE('',#13751,#13747,#13433,.T.);
#13912=EDGE_CURVE('',#13757,#13755,#13437,.T.);
#13916=EDGE_CURVE('',#13747,#13757,#13545,.T.);
#13928=EDGE_CURVE('',#13757,#13759,#13541,.T.);
#13930=EDGE_CURVE('',#13759,#13754,#13679,.T.);
#13941=EDGE_CURVE('',#13791,#13797,#13450,.T.);
#13943=EDGE_CURVE('',#13789,#13791,#13455,.T.);
#13945=EDGE_CURVE('',#13739,#13789,#13459,.T.);
#13947=EDGE_CURVE('',#13743,#13739,#13575,.T.);
#13949=EDGE_CURVE('',#13767,#13743,#13463,.T.);
#13951=EDGE_CURVE('',#13765,#13767,#13467,.T.);
#13953=EDGE_CURVE('',#13735,#13765,#13471,.T.);
#13955=EDGE_CURVE('',#13733,#13735,#13475,.T.);
#13957=EDGE_CURVE('',#13731,#13733,#13479,.T.);
#13959=EDGE_CURVE('',#13729,#13731,#13483,.T.);
#13961=EDGE_CURVE('',#13727,#13729,#13487,.T.);
#13963=EDGE_CURVE('',#13725,#13727,#13491,.T.);
#13965=EDGE_CURVE('',#13724,#13725,#13496,.T.);
#13967=EDGE_CURVE('',#13774,#13724,#13500,.T.);
#13969=EDGE_CURVE('',#13774,#13775,#13504,.T.);
#13971=EDGE_CURVE('',#13721,#13775,#13508,.T.);
#13973=EDGE_CURVE('',#13719,#13721,#13513,.T.);
#13975=EDGE_CURVE('',#13717,#13719,#13517,.T.);
#13977=EDGE_CURVE('',#13715,#13717,#13521,.T.);
#13979=EDGE_CURVE('',#13713,#13715,#13525,.T.);
#13981=EDGE_CURVE('',#13711,#13713,#13529,.T.);
#13983=EDGE_CURVE('',#13710,#13711,#13533,.T.);
#13985=EDGE_CURVE('',#13759,#13710,#13537,.T.);
#14001=EDGE_CURVE('',#13791,#13786,#13557,.T.);
#14013=EDGE_CURVE('',#13789,#13787,#13561,.T.);
#14027=EDGE_CURVE('',#13738,#13739,#13565,.T.);
#14040=EDGE_CURVE('',#13742,#13743,#13583,.T.);
#14051=EDGE_CURVE('',#13767,#13762,#13579,.T.);
#14065=EDGE_CURVE('',#13765,#13763,#13587,.T.);
#14079=EDGE_CURVE('',#13707,#13735,#13591,.T.);
#14091=EDGE_CURVE('',#13705,#13733,#13595,.T.);
#14104=EDGE_CURVE('',#13703,#13731,#13599,.T.);
#14117=EDGE_CURVE('',#13701,#13729,#13603,.T.);
#14130=EDGE_CURVE('',#13699,#13727,#13607,.T.);
#14143=EDGE_CURVE('',#13697,#13725,#13611,.T.);
#14156=EDGE_CURVE('',#13696,#13724,#13615,.T.);
#14168=EDGE_CURVE('',#13774,#13781,#13619,.T.);
#14173=EDGE_CURVE('',#13783,#13770,#13623,.T.);
#14175=EDGE_CURVE('',#13783,#13781,#13627,.T.);
#14185=EDGE_CURVE('',#13775,#13777,#13635,.T.);
#14189=EDGE_CURVE('',#13781,#13777,#13631,.T.);
#14200=EDGE_CURVE('',#13779,#13777,#13639,.T.);
#14202=EDGE_CURVE('',#13779,#13771,#13643,.T.);
#14205=EDGE_CURVE('',#13693,#13721,#13647,.T.);
#14218=EDGE_CURVE('',#13783,#13779,#13651,.T.);
#14242=EDGE_CURVE('',#13691,#13719,#13655,.T.);
#14255=EDGE_CURVE('',#13689,#13717,#13659,.T.);
#14268=EDGE_CURVE('',#13687,#13715,#13663,.T.);
#14281=EDGE_CURVE('',#13685,#13713,#13667,.T.);
#14294=EDGE_CURVE('',#13683,#13711,#13671,.T.);
#14307=EDGE_CURVE('',#13682,#13710,#13675,.T.);
#14339=AXIS2_PLACEMENT_3D('',#14336,#14337,#14338);
#14340=ADVANCED_BREP_SHAPE_REPRESENTATION('',(#14339,#14327),#14335);
#14344=PRODUCT_DEFINITION('design','',#14343,#13291);
#14345=PRODUCT_DEFINITION_SHAPE('','SHAPE FOR TABP.',#14344);
#14346=SHAPE_DEFINITION_REPRESENTATION(#14345,#14340);
#14347=NEXT_ASSEMBLY_USAGE_OCCURRENCE('328','Next assembly relationship','TABP',
#14381,#14344,$);
#14348=PRODUCT_DEFINITION_SHAPE('Placement #328',
'Placement of TABP with respect to 59453-052110ECLF_ASM',#14347);
#14356=NEXT_ASSEMBLY_USAGE_OCCURRENCE('329','Next assembly relationship','TABP',
#14381,#14344,$);
#14357=PRODUCT_DEFINITION_SHAPE('Placement #329',
'Placement of TABP with respect to 59453-052110ECLF_ASM',#14356);
#14376=AXIS2_PLACEMENT_3D('',#14373,#14374,#14375);
#14381=PRODUCT_DEFINITION('design','',#14380,#14377);
ENDSEC;
END-ISO-10303-21;


